#{"config": {"calib_path_resolved": "/Users/Andreas/Desktop/ptl24_marker/common/calib/calib_c920_1920x1080.yaml", "cli_overrides": ["camera", "config", "debug_metrics", "extrinsics", "fps", "height", "hud", "print_tilt", "rig", "save_poses", "video", "width"], "config_path": "/Users/Andreas/Desktop/ptl24_marker/phase_b/config.yaml", "extrinsics_path_resolved": "/Users/Andreas/Desktop/ptl24_marker/common/extrinsics/T_WC_c920_1920x1080.yaml", "rig_path_resolved": "/Users/Andreas/Desktop/ptl24_marker/phase_b/rigs/cyl_dotec.yaml", "runtime": {"bench": {"print_every": 60}, "fuse": {"axis_len_m": 0.1, "ema_alpha": 0.3, "use_weighted_se3": true}, "health": {"max_tilt_jump_deg": 15.0, "spike_reset_after": 10}, "hud": {"enabled": true}, "logging": {"debug_metrics_csv": "Preliminary_report/runs/1080p/base_debug.csv", "poses_csv": "Preliminary_report/runs/1080p/base_poses.csv"}, "ransac": {"A_ref_px2": 12000.0, "adaptive": false, "base_rot_deg": 5.0, "base_trans_m": 0.05, "min_inliers": 3, "rot_max_deg": 5.0, "trans_max_m": 0.05}, "video": {"device": "0", "fps": 30.0, "height": 1080, "width": 1920}}, "yaml": {"bench": {"print_every": 60}, "fuse": {"axis_len_m": 0.1, "ema_alpha": 0.3, "use_weighted_se3": true}, "health": {"max_tilt_jump_deg": 15}, "hud": {"enabled": true}, "logging": {"debug_metrics_csv": "phase_b/debug_metrics.csv", "poses_csv": "phase_b/poses.csv"}, "ransac": {"A_ref_px2": 12000, "adaptive": false, "base_rot_deg": 5, "base_trans_m": 0.05, "min_inliers": 3, "rot_max_deg": 5, "trans_max_m": 0.05}, "video": {"device": 2, "fps": 30, "height": 1080, "width": 1920}}}, "files": {"camera_calib": {"path": "/Users/Andreas/Desktop/ptl24_marker/common/calib/calib_c920_1920x1080.yaml", "sha256": "952be5b3ae075e7a682e9f0df1b90719a2f720999e5137c5c416f83951012924"}, "config": {"path": "/Users/Andreas/Desktop/ptl24_marker/phase_b/config.yaml", "sha256": "9c664548f0c4998345c599764857540af456008cc4bf230d90b575c908eaec28"}, "extrinsics": {"path": "/Users/Andreas/Desktop/ptl24_marker/common/extrinsics/T_WC_c920_1920x1080.yaml", "sha256": "60a5e06a6e4c7d03766a5d0ec880f181abc2f6a8088620e79cc531b1f1b6642c"}, "rig": {"path": "/Users/Andreas/Desktop/ptl24_marker/phase_b/rigs/cyl_dotec.yaml", "sha256": "f0fd590bf211070dbb1b2c6b32f4041175f33703203978255bdee60a8b77b6ef"}}, "git_commit": null, "timestamp": 1766337738.886475}
t,fps,n_visible,n_inliers,mean_reproj,ransac_score,weight_min,weight_max,tilt_deg,mean_tag_area_px2,mean_view_cos,mean_reproj_px,ransac_trans_eff,ransac_rot_eff,n_unknown_ids,n_mirror_discards,spike_delta_trans_m,spike_delta_rot_deg,spike_trans_thresh_m,spike_rot_thresh_deg,spike_ref_age_frames,spike_ref_frame_idx,t_read_ms,t_gray_ms,t_detect_ms,t_reproj_ms,t_ransac_ms,t_fuse_ms,t_ekf_ms,t_hud_ms,t_log_ms,t_total_ms
1766337739.109945,39945.752,7,7,37.336,0.00000,0.016,0.187,49.525,1304.0,0.6209,37.336,0.0500,5.000,0,0,,,,,,,0.022,0.885,53.637,3.078,1.495,0.471,0.000,53.250,0.059,113.162
1766337739.225367,8.518,7,7,37.022,0.00000,0.016,0.197,48.790,1256.1,0.6267,37.022,0.0500,5.000,0,0,,,,,,,4.124,0.565,48.668,0.690,1.578,0.570,0.000,58.831,0.071,115.297
1766337739.343693,7.541,6,6,37.930,0.00000,0.019,0.222,48.560,1364.6,0.6457,37.930,0.0500,5.000,0,0,,,,,,,21.328,0.777,54.518,0.620,1.579,0.577,0.000,38.452,0.070,118.210
1766337739.519312,10.139,7,7,37.334,0.00000,0.016,0.186,47.321,1303.6,0.6213,37.334,0.0500,5.000,0,0,,,,,,,1.604,0.390,125.193,1.229,3.265,1.113,0.000,41.783,0.313,175.476
1766337739.716315,5.004,7,7,37.336,0.00000,0.016,0.188,48.148,1302.8,0.6215,37.336,0.0500,5.000,0,0,,,,,,,25.679,0.647,72.629,0.948,2.547,0.858,0.000,93.012,0.114,196.712
1766337739.898381,5.089,6,6,37.958,0.00000,0.019,0.221,50.393,1365.7,0.6452,37.958,0.0500,5.000,0,0,,,,,,,25.343,0.760,115.696,0.862,2.231,0.798,0.000,35.779,0.084,181.929
1766337740.016342,6.075,7,7,37.355,0.00000,0.016,0.187,51.325,1304.0,0.6212,37.355,0.0500,5.000,0,0,,,,,,,7.904,0.471,57.902,0.803,2.145,0.691,0.000,47.508,0.083,117.835
1766337740.121183,7.583,7,7,37.342,0.00000,0.016,0.188,52.398,1303.9,0.6215,37.342,0.0500,5.000,0,0,,,,,,,21.835,0.530,52.203,0.640,1.807,0.589,0.000,26.878,0.059,104.737
1766337740.221296,10.150,7,7,37.349,0.00000,0.017,0.187,53.386,1303.8,0.6212,37.349,0.0500,5.000,0,0,,,,,,,15.504,0.335,54.432,0.662,1.771,0.610,0.000,26.425,0.060,100.000
1766337740.315603,10.034,7,7,37.330,0.00000,0.017,0.186,54.223,1303.9,0.6218,37.330,0.0500,5.000,0,0,,,,,,,15.073,0.390,48.484,0.644,1.770,0.606,0.000,26.986,0.059,94.213
1766337740.411986,10.011,7,7,37.359,0.00000,0.016,0.187,54.908,1303.7,0.6213,37.359,0.0500,5.000,0,0,,,,,,,20.643,0.295,47.343,0.568,1.533,0.525,0.000,25.106,0.076,96.271
1766337740.505772,10.128,7,7,37.346,0.00000,0.016,0.188,55.449,1303.8,0.6218,37.346,0.0500,5.000,0,0,,,,,,,23.009,0.648,42.290,0.594,1.545,0.519,0.000,24.850,0.058,93.691
1766337740.600977,10.183,7,7,37.345,0.00000,0.016,0.187,55.863,1304.1,0.6218,37.345,0.0500,5.000,0,0,,,,,,,27.436,0.637,40.613,0.489,1.352,0.471,0.000,23.913,0.050,95.118
1766337740.711692,9.327,7,7,37.350,0.00000,0.017,0.189,56.147,1303.9,0.6216,37.350,0.0500,5.000,0,0,,,,,,,39.452,1.517,41.804,0.528,1.374,0.458,0.000,25.271,0.055,110.630
1766337740.801731,10.864,7,7,37.357,0.00000,0.016,0.188,56.367,1303.8,0.6216,37.357,0.0500,5.000,0,0,,,,,,,20.787,0.280,42.646,0.583,1.372,0.462,0.000,23.610,0.048,89.957
1766337740.900160,10.263,7,7,37.345,0.00000,0.016,0.188,56.550,1303.9,0.6216,37.345,0.0500,5.000,0,0,,,,,,,28.178,0.956,42.889,0.528,1.357,0.459,0.000,23.764,0.049,98.343
1766337741.001399,9.940,7,7,37.343,0.00000,0.016,0.187,56.704,1304.1,0.6218,37.343,0.0500,5.000,0,0,,,,,,,30.341,0.369,44.193,0.518,1.369,0.465,0.000,23.658,0.071,101.144
1766337741.105440,10.155,7,7,37.343,0.00000,0.016,0.187,56.814,1304.2,0.6215,37.343,0.0500,5.000,0,0,,,,,,,27.587,0.564,49.060,0.508,1.343,0.450,0.000,24.216,0.065,103.957
1766337741.201030,10.016,6,6,37.973,0.00000,0.019,0.222,56.406,1366.2,0.6454,37.973,0.0500,5.000,0,0,,,,,,,23.388,0.296,45.881,0.486,1.216,0.455,0.000,23.495,0.059,95.502
1766337741.298319,10.119,7,7,37.345,0.00000,0.016,0.188,56.536,1304.3,0.6219,37.345,0.0500,5.000,0,0,,,,,,,26.620,0.384,43.759,0.544,1.388,0.473,0.000,23.741,0.058,97.195
1766337741.398017,10.153,7,7,37.351,0.00000,0.016,0.188,56.673,1303.7,0.6217,37.351,0.0500,5.000,0,0,,,,,,,27.831,0.359,45.318,0.489,1.350,0.445,0.000,23.604,0.052,99.607
1766337741.495569,10.091,7,7,37.348,0.00000,0.016,0.187,56.797,1304.3,0.6219,37.348,0.0500,5.000,0,0,,,,,,,27.230,0.395,43.744,0.463,1.358,0.454,0.000,23.614,0.052,97.462
1766337741.597685,10.023,7,7,37.360,0.00000,0.016,0.186,56.877,1304.6,0.6210,37.360,0.0500,5.000,0,0,,,,,,,29.463,0.247,46.001,0.488,1.362,0.456,0.000,23.790,0.059,102.035
1766337741.696803,10.205,7,7,37.345,0.00000,0.016,0.186,56.933,1304.2,0.6212,37.345,0.0500,5.000,0,0,,,,,,,25.336,0.386,47.118,0.464,1.360,0.452,0.000,23.695,0.063,99.031
1766337741.794143,10.089,7,7,37.349,0.00000,0.016,0.186,57.006,1303.5,0.6214,37.349,0.0500,5.000,0,0,,,,,,,25.337,0.245,45.378,0.531,1.377,0.455,0.000,23.680,0.061,97.249
1766337741.894004,10.106,7,7,37.367,0.00000,0.016,0.188,57.033,1303.9,0.6214,37.367,0.0500,5.000,0,0,,,,,,,26.937,0.549,46.059,0.516,1.357,0.456,0.000,23.651,0.063,99.760
1766337741.996633,10.036,7,7,37.343,0.00000,0.016,0.187,57.071,1304.2,0.6216,37.343,0.0500,5.000,0,0,,,,,,,26.705,0.252,49.448,0.494,1.362,0.457,0.000,23.568,0.060,102.520
1766337742.092349,10.086,7,7,37.370,0.00000,0.016,0.186,57.107,1304.1,0.6214,37.370,0.0500,5.000,0,0,,,,,,,23.250,0.526,45.981,0.507,1.341,0.454,0.000,23.347,0.058,95.627
1766337742.192252,10.160,7,7,37.353,0.00000,0.016,0.186,57.133,1303.9,0.6213,37.353,0.0500,5.000,0,0,,,,,,,25.960,0.309,47.756,0.485,1.333,0.446,0.000,23.307,0.068,99.820
1766337742.292444,10.178,7,7,37.339,0.00000,0.016,0.186,57.140,1303.9,0.6219,37.339,0.0500,5.000,0,0,,,,,,,24.311,0.387,49.554,0.484,1.341,0.450,0.000,23.372,0.054,100.111
1766337742.390629,9.982,7,7,37.355,0.00000,0.016,0.187,57.169,1303.9,0.6219,37.355,0.0500,5.000,0,0,,,,,,,24.304,0.287,47.703,0.471,1.326,0.438,0.000,23.370,0.052,98.106
1766337742.490788,10.116,7,7,37.355,0.00000,0.016,0.186,57.153,1303.8,0.6213,37.355,0.0500,5.000,0,0,,,,,,,24.953,0.321,48.712,0.479,1.352,0.464,0.000,23.544,0.055,100.052
1766337742.587975,10.123,7,7,37.349,0.00000,0.016,0.187,57.165,1303.7,0.6217,37.349,0.0500,5.000,0,0,,,,,,,23.528,0.402,47.166,0.490,1.351,0.458,0.000,23.420,0.054,97.038
1766337742.688401,10.074,7,7,37.355,0.00000,0.016,0.187,57.159,1304.1,0.6218,37.355,0.0500,5.000,0,0,,,,,,,25.667,0.257,48.129,0.503,1.338,0.460,0.000,23.737,0.059,100.328
1766337742.786575,10.072,7,7,37.330,0.00000,0.016,0.186,57.179,1303.4,0.6220,37.330,0.0500,5.000,0,0,,,,,,,24.497,0.294,47.368,0.476,1.323,0.446,0.000,23.446,0.053,98.058
1766337742.890199,10.194,7,7,37.360,0.00000,0.016,0.188,57.183,1304.0,0.6216,37.360,0.0500,5.000,0,0,,,,,,,24.452,0.388,52.112,0.518,1.359,0.460,0.000,24.032,0.049,103.546
1766337742.985280,10.093,7,7,37.359,0.00000,0.016,0.186,57.176,1304.2,0.6213,37.359,0.0500,5.000,0,0,,,,,,,19.905,0.260,48.557,0.524,1.337,0.465,0.000,23.727,0.058,94.997
1766337743.086191,10.160,6,6,37.963,0.00000,0.020,0.219,56.658,1366.4,0.6456,37.963,0.0500,5.000,0,0,,,,,,,23.251,0.280,51.651,0.455,1.185,0.418,0.000,23.317,0.055,100.831
1766337743.185108,10.069,7,7,37.345,0.00000,0.016,0.186,56.745,1304.2,0.6215,37.345,0.0500,5.000,0,0,,,,,,,21.657,0.390,50.911,0.492,1.339,0.441,0.000,23.349,0.049,98.837
1766337743.284553,10.094,7,7,37.344,0.00000,0.016,0.187,56.854,1303.8,0.6220,37.344,0.0500,5.000,0,0,,,,,,,21.814,0.241,51.365,0.488,1.364,0.449,0.000,23.425,0.071,99.370
1766337743.385320,10.068,7,7,37.349,0.00000,0.016,0.187,56.934,1304.5,0.6221,37.349,0.0500,5.000,0,0,,,,,,,21.690,0.272,52.820,0.467,1.328,0.445,0.000,23.464,0.052,100.694
1766337743.484746,10.094,7,7,37.349,0.00000,0.016,0.187,56.991,1303.7,0.6215,37.349,0.0500,5.000,0,0,,,,,,,19.992,0.275,53.217,0.496,1.342,0.448,0.000,23.371,0.051,99.349
1766337743.584190,10.118,7,7,37.347,0.00000,0.016,0.185,57.044,1303.8,0.6213,37.347,0.0500,5.000,0,0,,,,,,,19.400,0.235,53.697,0.495,1.338,0.447,0.000,23.533,0.060,99.364
1766337743.682995,10.058,7,7,37.349,0.00000,0.016,0.185,57.082,1304.0,0.6218,37.349,0.0500,5.000,0,0,,,,,,,19.379,0.289,53.086,0.503,1.343,0.445,0.000,23.456,0.054,98.720
1766337743.777097,10.124,6,6,37.965,0.00000,0.019,0.222,56.639,1367.0,0.6457,37.965,0.0500,5.000,0,0,,,,,,,19.177,0.419,47.987,0.464,1.211,0.429,0.000,23.883,0.058,93.848
1766337743.875708,10.057,7,7,37.358,0.00000,0.016,0.188,56.747,1304.5,0.6220,37.358,0.0500,5.000,0,0,,,,,,,24.683,0.397,47.243,0.500,1.355,0.451,0.000,23.598,0.061,98.526
1766337743.977425,10.045,7,7,37.339,0.00000,0.016,0.187,56.868,1303.6,0.6215,37.339,0.0500,5.000,0,0,,,,,,,25.596,0.250,48.611,0.490,1.350,0.449,0.000,24.622,0.067,101.603
1766337744.078291,10.047,7,7,37.349,0.00000,0.016,0.187,56.935,1303.7,0.6216,37.349,0.0500,5.000,0,0,,,,,,,23.421,0.307,50.982,0.509,1.350,0.464,0.000,23.506,0.062,100.764
1766337744.240407,6.149,7,7,37.342,0.00000,0.016,0.187,56.995,1304.1,0.6220,37.342,0.0500,5.000,0,0,,,,,,,85.201,0.643,50.069,0.498,1.351,0.468,0.000,23.580,0.060,162.033
1766337744.336817,10.003,7,7,37.355,0.00000,0.016,0.187,57.035,1304.0,0.6216,37.355,0.0500,5.000,0,0,,,,,,,23.051,0.290,47.102,0.478,1.371,0.463,0.000,23.353,0.055,96.327
1766337744.435695,10.129,7,7,37.352,0.00000,0.016,0.187,57.083,1303.9,0.6215,37.352,0.0500,5.000,0,0,,,,,,,25.363,0.528,46.767,0.481,1.372,0.452,0.000,23.608,0.060,98.787
1766337744.532264,10.072,6,6,37.972,0.00000,0.019,0.220,56.654,1366.2,0.6455,37.972,0.0500,5.000,0,0,,,,,,,25.748,0.254,44.551,0.460,1.194,0.420,0.000,23.548,0.062,96.454
1766337744.633974,10.144,7,7,37.344,0.00000,0.016,0.187,56.755,1304.0,0.6214,37.344,0.0500,5.000,0,0,,,,,,,27.744,0.537,47.116,0.498,1.336,0.446,0.000,23.623,0.061,101.586
1766337744.733416,10.070,7,7,37.358,0.00000,0.016,0.187,56.842,1304.5,0.6215,37.358,0.0500,5.000,0,0,,,,,,,25.382,0.246,47.456,0.480,1.339,0.445,0.000,23.810,0.053,99.362
1766337744.833246,10.100,7,7,37.369,0.00000,0.016,0.187,56.926,1304.7,0.6216,37.369,0.0500,5.000,0,0,,,,,,,24.949,0.282,48.519,0.485,1.331,0.449,0.000,23.518,0.056,99.753
1766337744.932188,10.089,7,7,37.353,0.00000,0.016,0.186,57.002,1303.6,0.6212,37.353,0.0500,5.000,0,0,,,,,,,24.237,0.234,48.052,0.518,1.346,0.469,0.000,23.761,0.060,98.852
1766337745.027524,10.105,7,7,37.341,0.00000,0.016,0.187,57.051,1303.6,0.6218,37.341,0.0500,5.000,0,0,,,,,,,24.227,0.248,45.103,0.506,1.347,0.453,0.000,23.129,0.049,95.221
1766337745.129622,10.087,7,7,37.354,0.00000,0.016,0.187,57.083,1303.7,0.6214,37.354,0.0500,5.000,0,0,,,,,,,28.050,0.460,47.297,0.494,1.365,0.457,0.000,23.660,0.060,102.008
1766337745.228579,10.112,7,7,37.339,0.00000,0.016,0.186,57.109,1304.1,0.6221,37.339,0.0500,5.000,0,0,,,,,,,24.851,0.538,47.267,0.475,1.353,0.451,0.000,23.721,0.056,98.877
1766337745.327684,10.138,6,6,37.965,0.00000,0.019,0.221,56.642,1366.0,0.6458,37.965,0.0500,5.000,0,0,,,,,,,24.531,0.376,47.870,0.466,1.209,0.435,0.000,23.855,0.048,99.020
1766337745.427254,10.054,7,7,37.358,0.00000,0.016,0.187,56.760,1304.1,0.6218,37.358,0.0500,5.000,0,0,,,,,,,24.767,0.269,48.085,0.481,1.349,0.447,0.000,23.689,0.061,99.366
1766337745.527092,10.073,7,7,37.353,0.00000,0.016,0.188,56.854,1303.7,0.6214,37.353,0.0500,5.000,0,0,,,,,,,24.575,0.546,48.144,0.461,1.348,0.449,0.000,24.000,0.060,99.732
1766337745.623785,10.112,7,7,37.363,0.00000,0.016,0.187,56.938,1304.5,0.6216,37.363,0.0500,5.000,0,0,,,,,,,23.646,0.246,46.270,0.506,1.366,0.448,0.000,23.885,0.062,96.601
1766337745.723000,10.086,7,7,37.367,0.00000,0.016,0.187,57.022,1303.8,0.6216,37.367,0.0500,5.000,0,0,,,,,,,26.108,0.599,46.318,0.478,1.338,0.453,0.000,23.616,0.067,99.131
1766337745.821694,10.141,7,7,37.355,0.00000,0.016,0.187,57.076,1304.0,0.6219,37.355,0.0500,5.000,0,0,,,,,,,25.503,0.499,46.624,0.490,1.348,0.452,0.000,23.490,0.050,98.613
1766337745.918036,10.259,6,6,37.980,0.00000,0.019,0.220,56.633,1366.8,0.6452,37.980,0.0500,5.000,0,0,,,,,,,24.285,0.610,45.490,0.444,1.182,0.415,0.000,23.572,0.054,96.263
1766337746.024436,10.107,6,6,37.975,0.00000,0.019,0.222,56.536,1366.4,0.6457,37.975,0.0500,5.000,0,0,,,,,,,26.880,0.463,52.651,0.480,1.221,0.429,0.000,23.911,0.120,106.318
1766337746.118771,10.073,7,7,37.345,0.00000,0.016,0.188,56.554,1304.1,0.6218,37.345,0.0500,5.000,0,0,,,,,,,19.755,0.275,48.113,0.480,1.333,0.441,0.000,23.593,0.053,94.256
1766337746.219580,10.113,7,7,37.337,0.00000,0.016,0.187,56.661,1303.7,0.6220,37.337,0.0500,5.000,0,0,,,,,,,24.307,0.589,49.176,0.523,1.352,0.446,0.000,24.118,0.059,100.733
1766337746.319690,10.091,7,7,37.347,0.00000,0.016,0.187,56.764,1304.3,0.6214,37.347,0.0500,5.000,0,0,,,,,,,22.588,0.349,50.554,0.514,1.347,0.449,0.000,24.005,0.060,100.027
1766337746.415142,10.075,7,7,37.353,0.00000,0.016,0.185,56.880,1303.7,0.6215,37.353,0.0500,5.000,0,0,,,,,,,21.732,0.386,47.244,0.522,1.351,0.453,0.000,23.458,0.061,95.368
1766337746.514405,10.097,7,7,37.365,0.00000,0.016,0.187,56.959,1304.4,0.6216,37.365,0.0500,5.000,0,0,,,,,,,25.317,0.318,47.667,0.519,1.362,0.447,0.000,23.312,0.067,99.172
1766337746.615572,10.138,7,7,37.369,0.00000,0.016,0.187,57.024,1304.3,0.6214,37.369,0.0500,5.000,0,0,,,,,,,24.687,0.388,49.694,0.530,1.380,0.462,0.000,23.576,0.188,101.072
1766337746.713467,9.952,7,7,37.349,0.00000,0.016,0.186,57.065,1303.8,0.6216,37.349,0.0500,5.000,0,0,,,,,,,24.003,0.254,47.674,0.524,1.352,0.457,0.000,23.319,0.060,97.806
1766337746.812200,10.054,7,7,37.358,0.00000,0.016,0.187,57.087,1304.3,0.6217,37.358,0.0500,5.000,0,0,,,,,,,25.583,0.379,46.433,0.515,1.347,0.455,0.000,23.696,0.075,98.653
1766337746.910836,10.183,7,7,37.354,0.00000,0.016,0.186,57.103,1304.1,0.6214,37.354,0.0500,5.000,0,0,,,,,,,25.053,0.255,47.382,0.500,1.347,0.456,0.000,23.328,0.075,98.555
1766337747.010206,10.091,7,7,37.342,0.00000,0.016,0.187,57.125,1304.1,0.6220,37.342,0.0500,5.000,0,0,,,,,,,25.519,0.322,47.441,0.494,1.350,0.462,0.000,23.477,0.063,99.287
1766337747.107374,10.201,7,7,37.361,0.00000,0.016,0.187,57.157,1303.9,0.6217,37.361,0.0500,5.000,0,0,,,,,,,24.162,0.397,46.777,0.461,1.315,0.438,0.000,23.321,0.051,97.073
1766337747.204187,10.132,6,6,37.978,0.00000,0.019,0.221,56.672,1366.4,0.6456,37.978,0.0500,5.000,0,0,,,,,,,25.705,0.273,44.637,0.411,1.189,0.418,0.000,23.834,0.058,96.729
1766337747.306195,10.108,7,7,37.355,0.00000,0.016,0.188,56.765,1304.0,0.6215,37.355,0.0500,5.000,0,0,,,,,,,27.818,0.526,47.083,0.523,1.377,0.455,0.000,23.870,0.050,101.921
1766337747.406557,9.960,7,7,37.349,0.00000,0.016,0.187,56.852,1303.7,0.6215,37.349,0.0500,5.000,0,0,,,,,,,26.183,0.388,47.396,0.469,1.337,0.458,0.000,23.801,0.053,100.242
1766337747.503806,10.091,7,7,37.340,0.00000,0.016,0.187,56.937,1304.2,0.6217,37.340,0.0500,5.000,0,0,,,,,,,24.937,0.233,46.108,0.519,1.344,0.450,0.000,23.332,0.057,97.144
1766337747.604456,10.098,7,7,37.364,0.00000,0.016,0.187,56.995,1304.2,0.6214,37.364,0.0500,5.000,0,0,,,,,,,26.727,0.248,47.617,0.534,1.370,0.462,0.000,23.365,0.064,100.559
1766337747.702556,10.169,7,7,37.364,0.00000,0.016,0.187,57.048,1304.3,0.6215,37.364,0.0500,5.000,0,0,,,,,,,24.426,0.503,46.900,0.484,1.347,0.451,0.000,23.682,0.060,98.021
1766337747.802387,10.037,7,7,37.336,0.00000,0.016,0.186,57.080,1303.9,0.6217,37.336,0.0500,5.000,0,0,,,,,,,25.938,0.354,47.342,0.483,1.346,0.465,0.000,23.597,0.054,99.741
1766337747.902345,10.106,7,7,37.339,0.00000,0.016,0.188,57.089,1303.8,0.6221,37.339,0.0500,5.000,0,0,,,,,,,25.074,0.520,48.074,0.514,1.357,0.467,0.000,23.648,0.056,99.872
1766337748.002071,10.105,7,7,37.356,0.00000,0.016,0.188,57.096,1304.3,0.6215,37.356,0.0500,5.000,0,0,,,,,,,24.053,0.218,49.515,0.475,1.350,0.468,0.000,23.327,0.051,99.623
1766337748.098475,10.171,7,7,37.357,0.00000,0.016,0.187,57.134,1304.0,0.6217,37.357,0.0500,5.000,0,0,,,,,,,22.675,0.382,47.446,0.481,1.332,0.445,0.000,23.341,0.072,96.328
1766337748.198484,10.180,7,7,37.361,0.00000,0.016,0.188,57.140,1304.1,0.6216,37.361,0.0500,5.000,0,0,,,,,,,24.506,0.275,49.201,0.513,1.346,0.448,0.000,23.427,0.048,99.930
1766337748.297503,10.062,7,7,37.352,0.00000,0.016,0.187,57.163,1304.2,0.6216,37.352,0.0500,5.000,0,0,,,,,,,23.722,0.413,48.699,0.503,1.347,0.455,0.000,23.431,0.058,98.790
1766337748.394343,10.157,7,7,37.352,0.00000,0.016,0.185,57.165,1304.4,0.6214,37.352,0.0500,5.000,0,0,,,,,,,23.304,0.391,47.040,0.464,1.332,0.440,0.000,23.581,0.051,96.756
1766337748.493292,10.077,7,7,37.342,0.00000,0.017,0.187,57.144,1303.8,0.6217,37.342,0.0500,5.000,0,0,,,,,,,25.690,0.239,46.707,0.516,1.349,0.450,0.000,23.695,0.054,98.858
1766337748.592184,10.095,7,7,37.344,0.00000,0.016,0.188,57.125,1304.1,0.6213,37.344,0.0500,5.000,0,0,,,,,,,25.813,0.522,46.895,0.476,1.338,0.453,0.000,23.114,0.053,98.816
1766337748.704620,10.103,7,7,37.362,0.00000,0.016,0.187,57.158,1304.3,0.6215,37.362,0.0500,5.000,0,0,,,,,,,25.891,0.243,60.251,0.530,1.351,0.451,0.000,23.426,0.050,112.352
1766337748.792417,10.079,7,7,37.341,0.00000,0.016,0.186,57.173,1303.3,0.6215,37.341,0.0500,5.000,0,0,,,,,,,12.679,0.381,48.727,0.513,1.347,0.455,0.000,23.397,0.046,87.716
1766337748.889354,10.142,7,7,37.357,0.00000,0.016,0.188,57.186,1304.0,0.6219,37.357,0.0500,5.000,0,0,,,,,,,23.246,0.326,47.188,0.525,1.378,0.456,0.000,23.272,0.061,96.627
1766337748.991651,9.895,7,7,37.346,0.00000,0.016,0.187,57.172,1303.8,0.6218,37.346,0.0500,5.000,0,0,,,,,,,27.582,0.259,48.339,0.516,1.358,0.456,0.000,23.445,0.067,102.194
1766337749.090985,10.069,7,7,37.362,0.00000,0.016,0.188,57.175,1304.4,0.6217,37.362,0.0500,5.000,0,0,,,,,,,24.615,0.523,47.968,0.514,1.352,0.476,0.000,23.562,0.062,99.241
1766337749.187172,10.104,6,6,37.993,0.00000,0.019,0.222,56.669,1367.0,0.6448,37.993,0.0500,5.000,0,0,,,,,,,24.238,0.248,45.557,0.502,1.204,0.426,0.000,23.614,0.072,96.083
1766337749.287988,10.230,7,7,37.347,0.00000,0.016,0.187,56.754,1303.9,0.6214,37.347,0.0500,5.000,0,0,,,,,,,25.803,0.540,47.978,0.512,1.358,0.447,0.000,23.799,0.057,100.716
1766337749.387342,9.984,7,7,37.362,0.00000,0.016,0.185,56.869,1304.1,0.6218,37.362,0.0500,5.000,0,0,,,,,,,25.158,0.296,47.717,0.496,1.338,0.450,0.000,23.590,0.051,99.260
1766337749.485655,10.131,7,7,37.346,0.00000,0.016,0.187,56.937,1304.2,0.6218,37.346,0.0500,5.000,0,0,,,,,,,24.506,0.514,47.049,0.477,1.351,0.449,0.000,23.652,0.065,98.219
1766337749.584843,10.168,7,7,37.360,0.00000,0.016,0.186,57.008,1303.9,0.6216,37.360,0.0500,5.000,0,0,,,,,,,24.522,0.259,48.263,0.497,1.343,0.455,0.000,23.511,0.059,99.075
1766337749.683171,10.104,7,7,37.342,0.00000,0.016,0.187,57.062,1304.3,0.6220,37.342,0.0500,5.000,0,0,,,,,,,24.300,0.612,47.361,0.484,1.354,0.464,0.000,23.421,0.058,98.216
1766337749.786343,10.143,7,7,37.364,0.00000,0.016,0.187,57.098,1303.7,0.6216,37.364,0.0500,5.000,0,0,,,,,,,24.590,0.381,49.214,0.552,1.376,0.503,0.000,26.136,0.072,103.087
1766337749.884052,10.120,7,7,37.356,0.00000,0.016,0.186,57.126,1303.7,0.6213,37.356,0.0500,5.000,0,0,,,,,,,20.223,0.246,50.486,0.506,1.366,0.457,0.000,23.794,0.374,97.616
1766337749.980444,10.120,7,7,37.344,0.00000,0.016,0.187,57.142,1303.8,0.6219,37.344,0.0500,5.000,0,0,,,,,,,21.339,0.262,48.022,0.514,1.360,0.460,0.000,24.118,0.072,96.312
1766337750.076002,10.066,6,6,37.977,0.00000,0.019,0.221,56.642,1366.5,0.6457,37.977,0.0500,5.000,0,0,,,,,,,24.286,0.357,44.704,0.469,1.200,0.428,0.000,23.727,0.064,95.465
1766337750.210823,7.585,7,7,37.340,0.00000,0.016,0.187,56.750,1304.2,0.6222,37.340,0.0500,5.000,0,0,,,,,,,60.535,0.266,46.928,0.516,1.350,0.464,0.000,24.367,0.066,134.711
1766337750.320421,10.081,7,7,37.353,0.00000,0.016,0.187,56.840,1304.0,0.6216,37.353,0.0500,5.000,0,0,,,,,,,24.931,0.396,50.117,0.542,1.603,0.479,0.000,31.202,0.063,109.512
1766337750.504360,10.020,7,7,37.359,0.00000,0.016,0.186,56.946,1304.3,0.6217,37.359,0.0500,5.000,0,0,,,,,,,15.106,0.549,131.145,0.546,1.535,0.549,0.000,34.148,0.071,183.834
1766337750.613406,5.048,7,7,37.351,0.00000,0.016,0.187,56.996,1303.9,0.6215,37.351,0.0500,5.000,0,0,,,,,,,29.253,0.235,51.849,0.515,1.364,0.467,0.000,25.026,0.061,108.941
1766337750.708456,10.060,7,7,37.352,0.00000,0.016,0.186,57.060,1303.9,0.6215,37.352,0.0500,5.000,0,0,,,,,,,19.612,0.323,47.998,0.535,1.397,0.459,0.000,24.390,0.062,94.945
1766337750.808268,10.148,7,7,37.356,0.00000,0.016,0.186,57.122,1304.0,0.6214,37.356,0.0500,5.000,0,0,,,,,,,23.104,0.549,49.297,0.499,1.371,0.456,0.000,24.193,0.062,99.711
1766337750.905187,10.101,7,7,37.346,0.00000,0.016,0.186,57.140,1304.0,0.6218,37.346,0.0500,5.000,0,0,,,,,,,22.283,0.240,48.074,0.499,1.351,0.463,0.000,23.673,0.064,96.811
1766337751.006448,10.034,7,7,37.360,0.00000,0.016,0.188,57.156,1303.9,0.6215,37.360,0.0500,5.000,0,0,,,,,,,25.040,0.241,49.447,0.542,1.355,0.458,0.000,23.840,0.069,101.165
1766337751.103009,10.222,7,7,37.332,0.00000,0.016,0.187,57.152,1303.6,0.6217,37.332,0.0500,5.000,0,0,,,,,,,21.590,0.245,48.247,0.481,1.339,0.443,0.000,23.877,0.054,96.452
1766337751.201402,10.081,7,7,37.344,0.00000,0.016,0.188,57.148,1303.4,0.6218,37.344,0.0500,5.000,0,0,,,,,,,24.232,0.425,47.041,0.541,1.366,0.471,0.000,23.983,0.066,98.295
1766337751.300442,10.041,7,7,37.338,0.00000,0.016,0.186,57.150,1303.4,0.6218,37.338,0.0500,5.000,0,0,,,,,,,25.433,0.364,46.762,0.509,1.346,0.465,0.000,23.821,0.062,98.940
1766337751.398802,10.122,7,7,37.341,0.00000,0.016,0.188,57.145,1303.8,0.6216,37.341,0.0500,5.000,0,0,,,,,,,25.177,0.256,46.193,0.516,1.343,0.452,0.000,24.081,0.064,98.252
1766337751.500207,10.145,7,7,37.340,0.00000,0.016,0.187,57.151,1303.3,0.6217,37.340,0.0500,5.000,0,0,,,,,,,25.292,0.382,48.967,0.531,1.368,0.459,0.000,23.970,0.065,101.201
1766337751.597920,10.016,7,7,37.351,0.00000,0.016,0.188,57.146,1304.0,0.6216,37.351,0.0500,5.000,0,0,,,,,,,23.824,0.253,47.342,0.503,1.344,0.454,0.000,23.669,0.057,97.606
1766337751.729527,7.566,7,7,37.358,0.00000,0.016,0.188,57.150,1303.9,0.6215,37.358,0.0500,5.000,0,0,,,,,,,58.275,0.342,46.333,0.518,1.357,0.464,0.000,23.980,0.074,131.502
1766337751.839707,10.103,7,7,37.341,0.00000,0.016,0.188,57.150,1303.5,0.6217,37.341,0.0500,5.000,0,0,,,,,,,25.664,0.261,57.593,0.523,1.364,0.476,0.000,23.998,0.041,110.088
1766337751.928490,10.096,7,7,37.348,0.00000,0.016,0.187,57.154,1304.2,0.6215,37.348,0.0500,5.000,0,0,,,,,,,14.535,0.262,47.273,0.531,1.494,0.487,0.000,23.872,0.061,88.684
1766337752.027222,10.085,7,7,37.352,0.00000,0.016,0.188,57.159,1303.9,0.6215,37.352,0.0500,5.000,0,0,,,,,,,24.916,0.381,47.185,0.533,1.369,0.463,0.000,23.563,0.060,98.644
1766337752.158219,7.643,6,6,37.959,0.00000,0.020,0.222,56.623,1366.5,0.6459,37.959,0.0500,5.000,0,0,,,,,,,57.030,0.236,46.626,0.449,1.178,0.435,0.000,24.665,0.058,130.906
1766337752.256057,10.093,6,6,37.955,0.00000,0.019,0.222,56.503,1365.0,0.6457,37.955,0.0500,5.000,0,0,,,,,,,25.084,0.345,45.785,0.448,1.197,0.425,0.000,24.202,0.059,97.715
1766337752.356652,10.086,7,7,37.350,0.00000,0.016,0.188,56.554,1304.1,0.6217,37.350,0.0500,5.000,0,0,,,,,,,26.378,0.248,47.274,0.494,1.354,0.455,0.000,23.984,0.057,100.460
1766337752.455111,10.147,7,7,37.339,0.00000,0.016,0.187,56.672,1303.4,0.6217,37.339,0.0500,5.000,0,0,,,,,,,24.358,0.381,47.199,0.538,1.361,0.462,0.000,23.833,0.056,98.348
1766337752.552984,10.077,7,7,37.342,0.00000,0.016,0.187,56.765,1303.2,0.6216,37.342,0.0500,5.000,0,0,,,,,,,25.146,0.290,46.838,0.515,1.340,0.450,0.000,22.983,0.049,97.772
1766337752.650112,10.272,6,6,37.970,0.00000,0.019,0.221,56.521,1366.5,0.6457,37.970,0.0500,5.000,0,0,,,,,,,24.638,0.577,45.564,0.471,1.198,0.426,0.000,23.887,0.058,97.035
1766337752.754038,9.925,7,7,37.352,0.00000,0.016,0.187,56.632,1304.3,0.6212,37.352,0.0500,5.000,0,0,,,,,,,28.251,0.434,48.828,0.516,1.344,0.448,0.000,23.714,0.059,103.817
1766337752.851801,10.034,7,7,37.346,0.00000,0.016,0.188,56.744,1303.7,0.6217,37.346,0.0500,5.000,0,0,,,,,,,24.004,0.452,46.989,0.507,1.338,0.444,0.000,23.732,0.054,97.677
1766337752.955153,10.378,7,7,37.360,0.00000,0.016,0.186,56.846,1304.7,0.6214,37.360,0.0500,5.000,0,0,,,,,,,22.610,0.266,53.514,0.526,1.367,0.460,0.000,24.307,0.065,103.274
1766337753.049755,9.928,7,7,37.335,0.00000,0.016,0.187,56.921,1303.8,0.6217,37.335,0.0500,5.000,0,0,,,,,,,19.966,0.294,47.705,0.506,1.333,0.444,0.000,24.047,0.052,94.511
1766337753.154872,10.123,7,7,37.357,0.00000,0.016,0.186,56.987,1304.2,0.6213,37.357,0.0500,5.000,0,0,,,,,,,24.148,0.551,53.915,0.510,1.342,0.450,0.000,23.044,0.906,105.025
1766337753.249717,10.090,7,7,37.332,0.00000,0.016,0.186,57.024,1303.8,0.6216,37.332,0.0500,5.000,0,0,,,,,,,18.131,0.258,50.225,0.493,1.347,0.457,0.000,23.613,0.059,94.748
1766337753.352224,10.045,7,7,37.358,0.00000,0.016,0.186,57.072,1304.1,0.6215,37.358,0.0500,5.000,0,0,,,,,,,22.854,0.241,53.381,0.481,1.328,0.451,0.000,23.493,0.044,102.422
1766337753.451837,10.122,7,7,37.362,0.00000,0.016,0.186,57.117,1303.8,0.6213,37.362,0.0500,5.000,0,0,,,,,,,19.134,0.349,53.702,0.525,1.355,0.449,0.000,23.782,0.059,99.520
1766337753.549210,10.087,7,7,37.372,0.00000,0.016,0.186,57.125,1304.7,0.6212,37.372,0.0500,5.000,0,0,,,,,,,18.669,0.255,52.156,0.513,1.344,0.454,0.000,23.680,0.056,97.290
1766337753.646893,10.203,7,7,37.350,0.00000,0.016,0.187,57.135,1304.1,0.6219,37.350,0.0500,5.000,0,0,,,,,,,19.310,0.280,51.412,0.568,1.489,0.498,0.000,23.814,0.060,97.595
1766337753.748874,10.004,7,7,37.350,0.00000,0.016,0.187,57.145,1303.9,0.6219,37.350,0.0500,5.000,0,0,,,,,,,21.565,0.417,54.043,0.487,1.331,0.443,0.000,23.387,0.050,101.880
1766337753.846722,10.146,7,7,37.356,0.00000,0.016,0.188,57.173,1304.0,0.6219,37.356,0.0500,5.000,0,0,,,,,,,18.151,0.261,52.875,0.521,1.366,0.464,0.000,23.880,0.059,97.751
1766337753.945149,10.044,7,7,37.350,0.00000,0.016,0.187,57.182,1304.4,0.6218,37.350,0.0500,5.000,0,0,,,,,,,19.879,0.592,51.740,0.506,1.346,0.445,0.000,23.631,0.046,98.344
1766337754.040425,10.231,7,7,37.342,0.00000,0.016,0.186,57.174,1303.4,0.6215,37.342,0.0500,5.000,0,0,,,,,,,19.194,0.259,49.620,0.500,1.335,0.450,0.000,23.607,0.062,95.190
1766337754.149264,10.126,7,7,37.346,0.00000,0.016,0.187,57.172,1304.0,0.6219,37.346,0.0500,5.000,0,0,,,,,,,22.670,0.321,59.243,0.503,1.333,0.452,0.000,24.025,0.046,108.754
1766337754.238157,10.117,7,7,37.357,0.00000,0.016,0.186,57.182,1304.1,0.6215,37.357,0.0500,5.000,0,0,,,,,,,12.672,0.260,50.726,0.497,1.343,0.448,0.000,22.644,0.057,88.808
1766337754.336319,10.087,7,7,37.348,0.00000,0.016,0.186,57.195,1304.6,0.6219,37.348,0.0500,5.000,0,0,,,,,,,22.784,0.323,48.796,0.494,1.337,0.445,0.000,23.550,0.053,97.944
1766337754.435024,10.073,7,7,37.335,0.00000,0.016,0.185,57.183,1304.1,0.6216,37.335,0.0500,5.000,0,0,,,,,,,23.902,0.306,48.204,0.512,1.339,0.448,0.000,23.578,0.048,98.496
1766337754.536904,10.138,7,7,37.341,0.00000,0.016,0.186,57.195,1304.2,0.6218,37.341,0.0500,5.000,0,0,,,,,,,23.958,0.269,51.396,0.489,1.333,0.445,0.000,23.698,0.048,101.795
1766337754.634308,9.998,7,7,37.350,0.00000,0.016,0.187,57.199,1304.0,0.6216,37.350,0.0500,5.000,0,0,,,,,,,22.081,0.256,49.273,0.468,1.325,0.444,0.000,23.245,0.055,97.302
1766337754.735149,10.174,7,7,37.361,0.00000,0.016,0.186,57.223,1304.8,0.6217,37.361,0.0500,5.000,0,0,,,,,,,22.986,0.569,51.045,0.527,1.347,0.454,0.000,23.595,0.050,100.749
1766337754.834968,9.809,6,6,37.969,0.00000,0.019,0.222,56.685,1365.7,0.6454,37.969,0.0500,5.000,0,0,,,,,,,24.048,0.572,48.371,0.489,1.216,0.424,0.000,24.292,0.048,99.684
1766337754.999179,6.091,7,7,37.365,0.00000,0.016,0.186,56.798,1304.3,0.6215,37.365,0.0500,5.000,0,0,,,,,,,88.427,0.443,48.437,0.525,1.380,0.462,0.000,24.134,0.059,164.107
1766337755.094964,10.276,7,7,37.355,0.00000,0.016,0.187,56.884,1303.5,0.6217,37.355,0.0500,5.000,0,0,,,,,,,21.556,0.279,47.226,0.528,1.384,0.458,0.000,24.037,0.062,95.704
1766337755.194766,10.018,7,7,37.340,0.00000,0.016,0.186,56.959,1303.6,0.6219,37.340,0.0500,5.000,0,0,,,,,,,25.590,0.567,47.262,0.516,1.470,0.462,0.000,23.628,0.054,99.717
1766337755.294276,10.159,7,7,37.349,0.00000,0.016,0.186,57.025,1303.8,0.6217,37.349,0.0500,5.000,0,0,,,,,,,24.216,0.253,48.463,0.480,1.335,0.451,0.000,23.988,0.072,99.421
1766337755.398618,10.218,7,7,37.352,0.00000,0.016,0.186,57.073,1304.2,0.6218,37.352,0.0500,5.000,0,0,,,,,,,22.578,0.586,54.623,0.530,1.363,0.458,0.000,23.896,0.055,104.258
1766337755.492322,9.932,7,7,37.352,0.00000,0.016,0.185,57.123,1304.0,0.6216,37.352,0.0500,5.000,0,0,,,,,,,18.892,0.230,48.160,0.521,1.377,0.464,0.000,23.719,0.062,93.594
1766337755.589094,10.175,7,7,37.346,0.00000,0.016,0.188,57.132,1303.6,0.6219,37.346,0.0500,5.000,0,0,,,,,,,23.479,0.513,46.514,0.491,1.345,0.447,0.000,23.666,0.064,96.675
1766337755.688952,10.056,7,7,37.359,0.00000,0.016,0.187,57.154,1304.3,0.6216,37.359,0.0500,5.000,0,0,,,,,,,26.157,0.349,46.811,0.469,1.352,0.453,0.000,23.937,0.070,99.765
1766337755.785158,10.212,6,6,37.964,0.00000,0.020,0.220,56.649,1366.4,0.6457,37.964,0.0500,5.000,0,0,,,,,,,24.222,0.254,45.037,0.483,1.226,0.426,0.000,24.169,0.063,96.106
1766337755.890672,9.870,7,7,37.366,0.00000,0.016,0.188,56.745,1304.2,0.6214,37.366,0.0500,5.000,0,0,,,,,,,29.318,0.282,49.499,0.498,1.337,0.446,0.000,23.757,0.053,105.403
1766337755.987576,10.250,7,7,37.359,0.00000,0.016,0.187,56.835,1304.2,0.6215,37.359,0.0500,5.000,0,0,,,,,,,21.386,0.464,48.127,0.507,1.346,0.454,0.000,24.307,0.053,96.815
1766337756.086084,10.064,7,7,37.366,0.00000,0.016,0.186,56.921,1304.8,0.6215,37.366,0.0500,5.000,0,0,,,,,,,23.817,0.539,47.513,0.516,1.366,0.459,0.000,23.947,0.070,98.392
1766337756.185210,9.985,7,7,37.351,0.00000,0.016,0.186,57.002,1304.1,0.6219,37.351,0.0500,5.000,0,0,,,,,,,25.484,0.281,46.828,0.545,1.368,0.458,0.000,23.831,0.070,99.037
1766337756.286388,10.092,7,7,37.353,0.00000,0.016,0.185,57.060,1304.6,0.6215,37.353,0.0500,5.000,0,0,,,,,,,25.435,0.259,48.620,0.534,1.374,0.459,0.000,24.167,0.064,101.077
1766337756.387383,10.107,7,7,37.362,0.00000,0.016,0.187,57.092,1304.1,0.6218,37.362,0.0500,5.000,0,0,,,,,,,23.211,0.286,50.884,0.500,1.351,0.469,0.000,23.967,0.072,100.901
1766337756.482469,10.220,7,7,37.348,0.00000,0.016,0.187,57.118,1304.2,0.6217,37.348,0.0500,5.000,0,0,,,,,,,20.047,0.244,49.158,0.503,1.349,0.452,0.000,22.996,0.072,94.982
1766337756.580600,10.260,7,7,37.351,0.00000,0.016,0.187,57.126,1303.9,0.6219,37.351,0.0500,5.000,0,0,,,,,,,22.438,0.299,48.697,0.521,1.347,0.448,0.000,24.056,0.059,98.035
1766337756.680156,9.842,7,7,37.348,0.00000,0.016,0.187,57.146,1304.0,0.6219,37.348,0.0500,5.000,0,0,,,,,,,25.905,0.488,46.956,0.494,1.338,0.451,0.000,23.609,0.055,99.452
1766337756.780585,10.099,7,7,37.361,0.00000,0.016,0.188,57.147,1304.6,0.6218,37.361,0.0500,5.000,0,0,,,,,,,25.375,0.426,48.233,0.484,1.378,0.454,0.000,23.759,0.062,100.332
1766337756.878351,10.088,7,7,37.366,0.00000,0.016,0.187,57.184,1304.1,0.6217,37.366,0.0500,5.000,0,0,,,,,,,24.067,0.483,47.701,0.510,1.344,0.466,0.000,22.867,0.057,97.660
1766337756.979125,10.109,7,7,37.353,0.00000,0.016,0.187,57.184,1303.5,0.6217,37.353,0.0500,5.000,0,0,,,,,,,25.232,0.400,48.748,0.509,1.358,0.449,0.000,23.740,0.062,100.673
1766337757.078204,10.124,7,7,37.355,0.00000,0.016,0.185,57.194,1303.9,0.6215,37.355,0.0500,5.000,0,0,,,,,,,23.223,0.237,49.049,0.503,1.491,0.491,0.000,23.743,0.066,98.971
1766337757.173392,10.147,7,7,37.349,0.00000,0.016,0.187,57.166,1303.7,0.6217,37.349,0.0500,5.000,0,0,,,,,,,22.710,0.545,45.587,0.468,1.326,0.448,0.000,23.794,0.055,95.095
1766337757.274857,9.995,7,7,37.337,0.00000,0.016,0.187,57.159,1303.9,0.6221,37.337,0.0500,5.000,0,0,,,,,,,27.546,0.396,47.075,0.486,1.372,0.450,0.000,23.803,0.060,101.349
1766337757.374013,10.071,7,7,37.353,0.00000,0.016,0.187,57.171,1304.4,0.6218,37.353,0.0500,5.000,0,0,,,,,,,25.389,0.240,46.885,0.477,1.367,0.456,0.000,24.021,0.054,99.051
1766337757.473694,10.135,7,7,37.353,0.00000,0.016,0.187,57.175,1304.1,0.6216,37.353,0.0500,5.000,0,0,,,,,,,24.881,0.324,47.846,0.505,1.349,0.474,0.000,23.950,0.062,99.561
1766337757.569346,10.336,7,7,37.364,0.00000,0.016,0.187,57.200,1304.1,0.6215,37.364,0.0500,5.000,0,0,,,,,,,21.876,0.343,46.795,0.510,1.355,0.459,0.000,23.894,0.058,95.458
1766337757.670183,9.978,7,7,37.361,0.00000,0.016,0.188,57.184,1304.1,0.6216,37.361,0.0500,5.000,0,0,,,,,,,26.524,0.287,47.659,0.496,1.387,0.467,0.000,23.646,0.082,100.728
1766337757.766272,10.101,6,6,37.955,0.00000,0.019,0.222,56.663,1365.6,0.6457,37.955,0.0500,5.000,0,0,,,,,,,24.703,0.549,44.147,0.446,1.209,0.429,0.000,24.231,0.059,95.992
1766337757.867169,10.176,7,7,37.341,0.00000,0.016,0.186,56.762,1304.0,0.6220,37.341,0.0500,5.000,0,0,,,,,,,26.891,0.516,46.554,0.482,1.377,0.450,0.000,24.266,0.053,100.810
1766337757.966178,10.038,6,6,37.967,0.00000,0.019,0.221,56.564,1365.9,0.6459,37.967,0.0500,5.000,0,0,,,,,,,25.594,0.279,46.669,0.465,1.201,0.427,0.000,23.996,0.058,98.906
1766337758.063475,10.212,7,7,37.351,0.00000,0.016,0.186,56.649,1303.8,0.6216,37.351,0.0500,5.000,0,0,,,,,,,24.528,0.247,46.228,0.511,1.340,0.446,0.000,23.638,0.055,97.212
1766337758.166299,9.997,7,7,37.355,0.00000,0.016,0.187,56.742,1304.0,0.6216,37.355,0.0500,5.000,0,0,,,,,,,27.223,0.252,48.723,0.508,1.357,0.464,0.000,23.960,0.058,102.707
1766337758.266544,10.092,7,7,37.355,0.00000,0.016,0.187,56.862,1303.8,0.6215,37.355,0.0500,5.000,0,0,,,,,,,23.509,0.381,49.646,0.507,1.355,0.462,0.000,24.071,0.060,100.154
1766337758.362202,10.034,6,6,37.967,0.00000,0.019,0.221,56.592,1366.0,0.6456,37.967,0.0500,5.000,0,0,,,,,,,22.917,0.521,45.634,0.458,1.190,0.423,0.000,24.137,0.055,95.555
1766337758.460540,10.223,7,7,37.353,0.00000,0.016,0.185,56.673,1303.8,0.6213,37.353,0.0500,5.000,0,0,,,,,,,25.099,0.512,46.147,0.479,1.335,0.511,0.000,23.912,0.052,98.254
1766337758.557353,10.275,7,7,37.361,0.00000,0.016,0.188,56.785,1304.3,0.6216,37.361,0.0500,5.000,0,0,,,,,,,24.079,0.424,46.209,0.505,1.333,0.444,0.000,23.523,0.049,96.725
1766337758.658126,10.003,7,7,37.339,0.00000,0.016,0.186,56.858,1303.8,0.6215,37.339,0.0500,5.000,0,0,,,,,,,27.239,0.229,46.546,0.512,1.374,0.456,0.000,24.111,0.061,100.690
1766337758.758190,9.916,7,7,37.357,0.00000,0.016,0.186,56.929,1304.0,0.6215,37.357,0.0500,5.000,0,0,,,,,,,27.305,0.286,45.869,0.519,1.358,0.457,0.000,23.955,0.063,99.975
1766337758.859141,10.115,7,7,37.347,0.00000,0.016,0.187,56.995,1303.6,0.6217,37.347,0.0500,5.000,0,0,,,,,,,26.095,0.239,48.067,0.520,1.342,0.454,0.000,23.885,0.076,100.849
1766337758.954714,10.227,7,7,37.333,0.00000,0.016,0.187,57.033,1303.8,0.6220,37.333,0.0500,5.000,0,0,,,,,,,22.909,0.258,46.827,0.511,1.363,0.464,0.000,22.908,0.054,95.458
1766337759.055762,10.089,7,7,37.347,0.00000,0.016,0.186,57.085,1304.2,0.6218,37.347,0.0500,5.000,0,0,,,,,,,26.473,0.247,47.958,0.510,1.361,0.455,0.000,23.737,0.051,100.954
1766337759.159084,10.181,7,7,37.358,0.00000,0.016,0.188,57.109,1303.9,0.6214,37.358,0.0500,5.000,0,0,,,,,,,23.659,0.504,52.959,0.525,1.357,0.457,0.000,23.568,0.047,103.242
1766337759.250672,10.179,7,7,37.354,0.00000,0.016,0.187,57.119,1303.4,0.6217,37.354,0.0500,5.000,0,0,,,,,,,18.580,0.250,45.895,0.525,1.352,0.449,0.000,24.236,0.054,91.505
1766337759.351402,10.034,7,7,37.356,0.00000,0.016,0.186,57.131,1303.7,0.6214,37.356,0.0500,5.000,0,0,,,,,,,26.656,0.347,47.346,0.518,1.352,0.453,0.000,23.753,0.059,100.647
1766337759.451463,10.088,7,7,37.346,0.00000,0.016,0.188,57.131,1303.8,0.6217,37.346,0.0500,5.000,0,0,,,,,,,25.039,0.273,47.712,0.526,1.409,0.458,0.000,24.210,0.175,99.964
1766337759.546281,10.158,7,7,37.363,0.00000,0.016,0.187,57.152,1304.9,0.6215,37.363,0.0500,5.000,0,0,,,,,,,23.431,0.264,45.062,0.519,1.355,0.453,0.000,23.424,0.056,94.731
1766337759.648429,10.104,7,7,37.341,0.00000,0.016,0.187,57.157,1303.6,0.6215,37.341,0.0500,5.000,0,0,,,,,,,27.568,0.271,47.520,0.508,1.366,0.460,0.000,24.127,0.063,102.046
1766337759.748368,9.877,6,6,37.973,0.00000,0.019,0.223,56.638,1366.7,0.6453,37.973,0.0500,5.000,0,0,,,,,,,26.685,0.247,46.682,0.475,1.207,0.439,0.000,23.827,0.064,99.852
1766337759.850601,10.081,7,7,37.368,0.00000,0.016,0.187,56.767,1304.3,0.6214,37.368,0.0500,5.000,0,0,,,,,,,25.953,0.249,49.624,0.497,1.377,0.449,0.000,23.720,0.065,102.150
1766337759.981889,7.540,7,7,37.340,0.00000,0.016,0.186,56.857,1304.3,0.6218,37.340,0.0500,5.000,0,0,,,,,,,56.319,0.343,47.888,0.498,1.369,0.452,0.000,24.066,0.087,131.186
1766337760.098885,10.292,7,7,37.352,0.00000,0.016,0.185,56.924,1304.2,0.6211,37.352,0.0500,5.000,0,0,,,,,,,22.206,0.260,65.150,0.559,1.362,0.468,0.000,26.653,0.066,116.908
1766337760.185376,10.163,6,6,37.971,0.00000,0.019,0.221,56.579,1366.2,0.6457,37.971,0.0500,5.000,0,0,,,,,,,3.523,0.637,55.577,0.476,1.204,0.423,0.000,24.200,0.059,86.319
1766337760.275724,10.024,7,7,37.332,0.00000,0.016,0.187,56.671,1303.6,0.6221,37.332,0.0500,5.000,0,0,,,,,,,16.860,0.290,46.732,0.519,1.354,0.453,0.000,23.744,0.063,90.245
1766337760.384585,10.133,7,7,37.348,0.00000,0.016,0.186,56.798,1304.2,0.6220,37.348,0.0500,5.000,0,0,,,,,,,25.210,0.375,56.722,0.515,1.382,0.446,0.000,23.896,0.059,108.768
1766337760.476918,10.008,7,7,37.352,0.00000,0.016,0.187,56.902,1304.1,0.6220,37.352,0.0500,5.000,0,0,,,,,,,16.249,0.295,49.047,0.533,1.392,0.462,0.000,23.995,0.069,92.219
1766337760.576057,10.087,6,6,37.968,0.00000,0.019,0.221,56.572,1366.7,0.6458,37.968,0.0500,5.000,0,0,,,,,,,23.057,0.267,48.086,0.450,1.216,0.427,0.000,25.244,0.067,99.029
1766337760.684561,10.100,7,7,37.362,0.00000,0.016,0.187,56.683,1304.0,0.6217,37.362,0.0500,5.000,0,0,,,,,,,22.934,0.636,57.777,0.525,1.375,0.450,0.000,24.402,0.069,108.404
1766337760.773658,10.120,7,7,37.351,0.00000,0.016,0.187,56.769,1304.2,0.6215,37.351,0.0500,5.000,0,0,,,,,,,13.234,0.246,48.485,0.520,1.345,0.443,0.000,24.480,0.068,88.982
1766337760.873005,10.127,7,7,37.342,0.00000,0.016,0.187,56.840,1304.2,0.6219,37.342,0.0500,5.000,0,0,,,,,,,22.883,0.607,48.912,0.502,1.380,0.458,0.000,24.252,0.067,99.235
1766337761.006546,7.605,7,7,37.348,0.00000,0.016,0.187,56.911,1304.3,0.6219,37.348,0.0500,5.000,0,0,,,,,,,55.018,0.519,51.013,0.518,1.335,0.449,0.000,24.325,0.075,133.423
1766337761.100170,10.062,7,7,37.362,0.00000,0.016,0.187,56.984,1304.3,0.6220,37.362,0.0500,5.000,0,0,,,,,,,20.875,0.285,45.956,0.507,1.355,0.452,0.000,23.871,0.063,93.522
1766337761.198074,10.054,6,6,37.967,0.00000,0.019,0.222,56.585,1365.9,0.6453,37.967,0.0500,5.000,0,0,,,,,,,26.731,0.246,44.798,0.464,1.193,0.426,0.000,23.692,0.055,97.819
1766337761.296464,10.283,6,6,37.954,0.00000,0.019,0.222,56.518,1365.4,0.6458,37.954,0.0500,5.000,0,0,,,,,,,26.078,0.278,44.376,0.500,1.323,0.466,0.000,25.045,0.066,98.305
1766337761.394418,10.138,7,7,37.345,0.00000,0.016,0.187,56.545,1303.9,0.6217,37.345,0.0500,5.000,0,0,,,,,,,26.315,0.307,45.010,0.484,1.477,0.481,0.000,23.505,0.058,97.858
1766337761.496955,10.062,7,7,37.352,0.00000,0.016,0.187,56.657,1303.5,0.6215,37.352,0.0500,5.000,0,0,,,,,,,27.744,0.296,47.559,0.503,1.342,0.466,0.000,24.307,0.059,102.440
1766337761.594370,10.152,7,7,37.350,0.00000,0.016,0.187,56.762,1304.0,0.6216,37.350,0.0500,5.000,0,0,,,,,,,23.682,0.282,45.932,0.519,1.340,0.474,0.000,24.837,0.063,97.291
1766337761.693907,10.079,7,7,37.353,0.00000,0.016,0.188,56.854,1303.6,0.6215,37.353,0.0500,5.000,0,0,,,,,,,25.520,0.397,47.266,0.485,1.322,0.444,0.000,23.804,0.053,99.446
1766337761.793861,9.935,7,7,37.357,0.00000,0.016,0.187,56.951,1304.3,0.6215,37.357,0.0500,5.000,0,0,,,,,,,26.634,0.542,46.592,0.485,1.337,0.452,0.000,23.578,0.074,99.859
1766337761.890019,10.297,7,7,37.343,0.00000,0.016,0.186,57.018,1304.1,0.6216,37.343,0.0500,5.000,0,0,,,,,,,23.790,0.529,45.126,0.484,1.353,0.449,0.000,23.858,0.307,96.057
1766337761.994625,9.883,7,7,37.354,0.00000,0.016,0.186,57.071,1304.0,0.6218,37.354,0.0500,5.000,0,0,,,,,,,28.803,0.347,48.820,0.505,1.465,0.504,0.000,23.812,0.074,104.494
1766337762.095371,10.041,7,7,37.355,0.00000,0.017,0.187,57.076,1304.0,0.6215,37.355,0.0500,5.000,0,0,,,,,,,23.808,0.448,49.891,0.537,1.367,0.466,0.000,23.909,0.064,100.653
1766337762.192437,10.061,7,7,37.359,0.00000,0.016,0.187,57.099,1304.1,0.6214,37.359,0.0500,5.000,0,0,,,,,,,22.464,0.323,47.868,0.490,1.349,0.468,0.000,23.791,0.061,96.977
1766337762.291283,10.113,7,7,37.356,0.00000,0.016,0.187,57.113,1303.5,0.6212,37.356,0.0500,5.000,0,0,,,,,,,24.252,0.395,48.082,0.474,1.317,0.449,0.000,23.544,0.063,98.734
1766337762.388766,10.212,7,7,37.366,0.00000,0.016,0.188,57.115,1304.2,0.6217,37.366,0.0500,5.000,0,0,,,,,,,23.368,0.275,47.923,0.498,1.346,0.465,0.000,23.282,0.075,97.395
1766337762.520650,7.534,7,7,37.360,0.00000,0.016,0.187,57.133,1303.7,0.6212,37.360,0.0500,5.000,0,0,,,,,,,58.554,0.260,46.585,0.512,1.372,0.465,0.000,23.762,0.057,131.738
1766337762.620718,10.141,7,7,37.346,0.00000,0.016,0.186,57.146,1303.7,0.6215,37.346,0.0500,5.000,0,0,,,,,,,25.340,0.517,47.684,0.504,1.419,0.455,0.000,23.847,0.058,99.984
1766337762.719256,10.045,7,7,37.345,0.00000,0.017,0.187,57.137,1304.0,0.6218,37.345,0.0500,5.000,0,0,,,,,,,24.822,0.221,47.127,0.489,1.325,0.448,0.000,23.799,0.051,98.445
1766337762.818659,10.036,7,7,37.346,0.00000,0.016,0.186,57.147,1304.2,0.6219,37.346,0.0500,5.000,0,0,,,,,,,25.906,0.334,47.108,0.482,1.340,0.445,0.000,23.466,0.055,99.294
1766337762.919604,10.129,7,7,37.363,0.00000,0.016,0.187,57.149,1304.3,0.6216,37.363,0.0500,5.000,0,0,,,,,,,25.240,0.245,48.959,0.488,1.331,0.452,0.000,23.903,0.063,100.849
1766337763.047389,7.790,7,7,37.345,0.00000,0.016,0.187,57.162,1304.1,0.6214,37.345,0.0500,5.000,0,0,,,,,,,52.667,0.496,47.948,0.540,1.340,0.457,0.000,24.023,0.056,127.693
1766337763.148870,9.949,7,7,37.358,0.00000,0.016,0.187,57.173,1304.0,0.6213,37.358,0.0500,5.000,0,0,,,,,,,25.396,0.263,49.496,0.517,1.339,0.452,0.000,23.717,0.051,101.393
1766337763.248126,10.143,7,7,37.349,0.00000,0.016,0.187,57.173,1303.7,0.6217,37.349,0.0500,5.000,0,0,,,,,,,22.512,0.457,50.009,0.491,1.334,0.449,0.000,23.709,0.051,99.169
1766337763.346182,10.223,6,6,37.976,0.00000,0.019,0.222,56.644,1365.9,0.6452,37.976,0.0500,5.000,0,0,,,,,,,21.082,0.300,50.520,0.453,1.210,0.426,0.000,23.708,0.049,97.970
1766337763.449327,9.958,7,7,37.349,0.00000,0.016,0.188,56.731,1303.9,0.6216,37.349,0.0500,5.000,0,0,,,,,,,23.440,0.321,53.171,0.503,1.342,0.450,0.000,23.556,0.052,103.052
1766337763.547022,10.159,7,7,37.342,0.00000,0.016,0.187,56.816,1304.3,0.6216,37.342,0.0500,5.000,0,0,,,,,,,18.299,0.279,52.528,0.510,1.354,0.453,0.000,23.532,0.052,97.170
1766337763.648466,10.122,7,7,37.348,0.00000,0.016,0.187,56.927,1304.0,0.6220,37.348,0.0500,5.000,0,0,,,,,,,19.751,0.269,54.073,0.597,1.381,0.473,0.000,24.476,0.062,101.272
1766337763.757574,9.982,7,7,37.348,0.00000,0.016,0.187,56.998,1304.2,0.6218,37.348,0.0500,5.000,0,0,,,,,,,18.569,0.428,63.419,0.547,1.360,0.459,0.000,24.008,0.056,109.016
1766337763.844891,10.210,7,7,37.348,0.00000,0.016,0.188,57.029,1303.8,0.6213,37.348,0.0500,5.000,0,0,,,,,,,7.411,0.290,53.093,0.500,1.343,0.467,0.000,23.900,0.064,87.230
1766337763.943880,10.084,7,7,37.351,0.00000,0.017,0.186,57.070,1304.0,0.6218,37.351,0.0500,5.000,0,0,,,,,,,19.254,0.467,52.652,0.542,1.383,0.472,0.000,23.904,0.057,98.900
1766337764.075295,7.620,7,7,37.344,0.00000,0.016,0.185,57.114,1304.1,0.6218,37.344,0.0500,5.000,0,0,,,,,,,51.313,0.323,53.118,0.531,1.361,0.466,0.000,23.795,0.063,131.142
1766337764.176432,9.904,7,7,37.350,0.00000,0.016,0.187,57.142,1303.9,0.6220,37.350,0.0500,5.000,0,0,,,,,,,21.046,0.534,53.284,0.529,1.358,0.452,0.000,23.612,0.060,101.044
1766337764.275531,10.215,7,7,37.343,0.00000,0.016,0.186,57.138,1303.5,0.6213,37.343,0.0500,5.000,0,0,,,,,,,17.550,0.619,53.951,0.543,1.374,0.465,0.000,24.030,0.054,98.753
1766337764.374343,10.074,7,7,37.350,0.00000,0.016,0.186,57.150,1304.0,0.6217,37.350,0.0500,5.000,0,0,,,,,,,17.987,0.560,53.628,0.538,1.367,0.460,0.000,23.977,0.046,98.731
1766337764.477426,10.174,7,7,37.358,0.00000,0.016,0.187,57.158,1304.0,0.6217,37.358,0.0500,5.000,0,0,,,,,,,17.459,0.265,58.058,0.535,1.359,0.457,0.000,24.511,0.175,102.994
1766337764.567089,10.067,7,7,37.343,0.00000,0.016,0.187,57.151,1303.8,0.6216,37.343,0.0500,5.000,0,0,,,,,,,13.728,0.285,48.961,0.530,1.360,0.458,0.000,24.035,0.063,89.589
1766337764.667254,10.089,6,6,37.968,0.00000,0.019,0.221,56.636,1366.0,0.6457,37.968,0.0500,5.000,0,0,,,,,,,23.177,0.471,50.115,0.483,1.209,0.427,0.000,23.910,0.065,100.079
1766337764.765318,10.136,7,7,37.348,0.00000,0.016,0.187,56.743,1303.7,0.6215,37.348,0.0500,5.000,0,0,,,,,,,21.667,0.344,49.573,0.502,1.350,0.451,0.000,23.806,0.055,97.969
1766337764.862747,9.983,6,6,37.970,0.00000,0.019,0.221,56.527,1366.4,0.6455,37.970,0.0500,5.000,0,0,,,,,,,23.775,0.420,46.941,0.445,1.202,0.423,0.000,23.850,0.065,97.346
1766337764.964919,9.972,7,7,37.355,0.00000,0.016,0.188,56.605,1303.9,0.6217,37.355,0.0500,5.000,0,0,,,,,,,26.615,0.431,48.914,0.487,1.329,0.451,0.000,23.591,0.053,102.080
1766337765.062223,10.072,6,6,37.955,0.00000,0.019,0.220,56.520,1365.7,0.6456,37.955,0.0500,5.000,0,0,,,,,,,23.740,0.452,47.174,0.479,1.214,0.432,0.000,23.448,0.060,97.219
1766337765.162571,10.136,7,7,37.346,0.00000,0.016,0.186,56.578,1303.9,0.6219,37.346,0.0500,5.000,0,0,,,,,,,25.093,0.277,48.519,0.540,1.396,0.456,0.000,23.673,0.065,100.262
1766337765.260454,10.275,7,7,37.344,0.00000,0.016,0.186,56.670,1303.7,0.6216,37.344,0.0500,5.000,0,0,,,,,,,22.071,0.235,50.401,0.509,1.347,0.456,0.000,22.562,0.059,97.798
1766337765.365126,10.166,7,7,37.345,0.00000,0.016,0.187,56.763,1304.0,0.6217,37.345,0.0500,5.000,0,0,,,,,,,22.528,0.314,53.411,0.590,1.542,0.516,0.000,25.422,0.060,104.563
1766337765.455159,10.108,6,6,37.971,0.00000,0.020,0.221,56.536,1366.2,0.6454,37.971,0.0500,5.000,0,0,,,,,,,16.808,0.253,46.769,0.478,1.208,0.431,0.000,23.718,0.058,89.942
1766337765.560024,9.796,7,7,37.353,0.00000,0.016,0.188,56.622,1303.9,0.6217,37.353,0.0500,5.000,0,0,,,,,,,28.845,0.511,48.208,0.546,1.359,0.455,0.000,24.543,0.060,104.759
1766337765.657604,10.196,7,7,37.348,0.00000,0.016,0.186,56.746,1304.3,0.6221,37.348,0.0500,5.000,0,0,,,,,,,22.081,0.231,48.736,0.529,1.369,0.458,0.000,23.842,0.073,97.494
1766337765.755008,10.149,7,7,37.373,0.00000,0.016,0.188,56.854,1304.4,0.6215,37.373,0.0500,5.000,0,0,,,,,,,23.040,0.244,48.350,0.508,1.339,0.450,0.000,23.166,0.062,97.324
1766337765.855368,10.077,7,7,37.354,0.00000,0.016,0.186,56.929,1304.4,0.6217,37.354,0.0500,5.000,0,0,,,,,,,24.858,0.232,48.129,0.569,1.383,0.458,0.000,24.380,0.069,100.260
1766337765.954331,10.095,7,7,37.357,0.00000,0.016,0.187,56.993,1304.1,0.6217,37.357,0.0500,5.000,0,0,,,,,,,23.544,0.255,48.279,0.534,1.387,0.462,0.000,24.155,0.062,98.849
1766337766.050259,10.173,7,7,37.356,0.00000,0.016,0.186,57.025,1304.8,0.6215,37.356,0.0500,5.000,0,0,,,,,,,22.877,0.269,46.805,0.519,1.355,0.453,0.000,23.312,0.056,95.809
1766337766.151340,10.082,7,7,37.364,0.00000,0.016,0.187,57.065,1304.1,0.6219,37.364,0.0500,5.000,0,0,,,,,,,26.161,0.345,48.384,0.520,1.354,0.446,0.000,23.538,0.069,100.984
1766337766.250276,10.137,7,7,37.345,0.00000,0.016,0.186,57.118,1303.7,0.6218,37.345,0.0500,5.000,0,0,,,,,,,23.712,0.279,49.574,0.525,1.381,0.451,0.000,22.683,0.055,98.826
1766337766.349772,10.047,7,7,37.349,0.00000,0.016,0.187,57.139,1304.4,0.6218,37.349,0.0500,5.000,0,0,,,,,,,24.323,0.432,48.176,0.519,1.367,0.461,0.000,23.887,0.064,99.398
1766337766.449739,10.087,7,7,37.334,0.00000,0.016,0.187,57.135,1303.4,0.6214,37.334,0.0500,5.000,0,0,,,,,,,23.956,0.281,48.884,0.498,1.330,0.449,0.000,24.241,0.060,99.860
1766337766.546094,10.243,7,7,37.357,0.00000,0.016,0.187,57.142,1304.1,0.6218,37.357,0.0500,5.000,0,0,,,,,,,21.548,0.498,47.486,0.494,1.359,0.464,0.000,24.090,0.070,96.182
1766337766.644722,9.964,7,7,37.355,0.00000,0.016,0.187,57.145,1304.1,0.6213,37.355,0.0500,5.000,0,0,,,,,,,25.621,0.387,46.533,0.490,1.342,0.448,0.000,23.495,0.052,98.523
1766337766.746862,10.064,7,7,37.354,0.00000,0.016,0.187,57.169,1304.3,0.6218,37.354,0.0500,5.000,0,0,,,,,,,26.381,0.289,49.380,0.516,1.350,0.446,0.000,23.470,0.064,102.057
1766337766.841284,10.278,6,6,37.974,0.00000,0.019,0.221,56.656,1366.1,0.6457,37.974,0.0500,5.000,0,0,,,,,,,21.539,0.253,46.300,0.466,1.185,0.422,0.000,23.896,0.059,94.339
1766337766.945322,10.149,7,7,37.363,0.00000,0.016,0.186,56.758,1304.2,0.6215,37.363,0.0500,5.000,0,0,,,,,,,25.653,0.332,50.781,0.499,1.343,0.440,0.000,24.638,0.057,103.959
1766337767.039288,10.116,7,7,37.368,0.00000,0.016,0.188,56.844,1304.7,0.6219,37.368,0.0500,5.000,0,0,,,,,,,20.470,0.263,46.555,0.518,1.343,0.451,0.000,24.055,0.064,93.885
1766337767.137940,10.093,7,7,37.353,0.00000,0.016,0.187,56.918,1303.7,0.6216,37.353,0.0500,5.000,0,0,,,,,,,25.572,0.428,46.572,0.499,1.341,0.447,0.000,23.485,0.055,98.558
1766337767.237135,10.086,6,6,37.962,0.00000,0.019,0.221,56.543,1366.1,0.6457,37.962,0.0500,5.000,0,0,,,,,,,26.085,0.283,46.501,0.443,1.211,0.421,0.000,23.890,0.063,99.113
1766337767.340220,9.860,7,7,37.349,0.00000,0.016,0.186,56.661,1303.7,0.6219,37.349,0.0500,5.000,0,0,,,,,,,28.305,0.256,48.052,0.512,1.352,0.464,0.000,23.770,0.061,102.997
1766337767.438375,10.230,6,6,37.969,0.00000,0.019,0.220,56.521,1365.6,0.6455,37.969,0.0500,5.000,0,0,,,,,,,22.971,0.269,48.768,0.467,1.216,0.424,0.000,23.662,0.066,98.067
1766337767.538475,9.998,7,7,37.365,0.00000,0.016,0.186,56.606,1304.3,0.6216,37.365,0.0500,5.000,0,0,,,,,,,24.825,0.515,48.197,0.529,1.341,0.465,0.000,23.847,0.067,100.006
1766337767.634346,10.117,6,6,37.962,0.00000,0.019,0.221,56.534,1365.7,0.6456,37.962,0.0500,5.000,0,0,,,,,,,23.577,0.250,45.469,0.457,1.187,0.422,0.000,24.141,0.064,95.784
1766337767.735067,10.030,7,7,37.342,0.00000,0.016,0.186,56.560,1303.8,0.6216,37.342,0.0500,5.000,0,0,,,,,,,27.385,0.369,46.666,0.492,1.343,0.452,0.000,23.611,0.067,100.615
1766337767.835028,10.158,7,7,37.360,0.00000,0.016,0.186,56.662,1304.2,0.6218,37.360,0.0500,5.000,0,0,,,,,,,25.117,0.309,48.113,0.519,1.344,0.446,0.000,23.783,0.071,99.866
1766337767.965939,7.610,7,7,37.351,0.00000,0.016,0.187,56.765,1303.9,0.6217,37.351,0.0500,5.000,0,0,,,,,,,56.584,0.247,47.667,0.511,1.337,0.447,0.000,23.812,0.064,130.834
1766337768.067361,9.931,7,7,37.336,0.00000,0.016,0.187,56.851,1304.3,0.6217,37.336,0.0500,5.000,0,0,,,,,,,26.345,0.271,48.445,0.497,1.348,0.467,0.000,23.723,0.060,101.316
1766337768.166179,10.172,7,7,37.358,0.00000,0.016,0.185,56.945,1304.7,0.6217,37.358,0.0500,5.000,0,0,,,,,,,23.241,0.463,48.672,0.479,1.352,0.459,0.000,23.841,0.059,98.722
1766337768.262352,10.082,6,6,37.958,0.00000,0.019,0.220,56.572,1365.8,0.6458,37.958,0.0500,5.000,0,0,,,,,,,23.621,0.242,46.033,0.445,1.184,0.417,0.000,23.869,0.062,96.090
1766337768.361300,10.212,7,7,37.345,0.00000,0.016,0.187,56.659,1303.9,0.6214,37.345,0.0500,5.000,0,0,,,,,,,25.373,0.378,46.556,0.523,1.374,0.467,0.000,23.888,0.071,98.858
1766337768.459483,10.175,7,7,37.355,0.00000,0.016,0.187,56.774,1303.7,0.6216,37.355,0.0500,5.000,0,0,,,,,,,24.700,0.503,46.512,0.486,1.369,0.446,0.000,23.848,0.064,98.093
1766337768.559796,9.983,7,7,37.351,0.00000,0.016,0.187,56.891,1304.6,0.6220,37.351,0.0500,5.000,0,0,,,,,,,26.684,0.280,47.312,0.512,1.342,0.450,0.000,23.424,0.051,100.217
1766337768.657878,10.182,7,7,37.344,0.00000,0.017,0.188,56.942,1303.7,0.6216,37.344,0.0500,5.000,0,0,,,,,,,24.563,0.447,46.641,0.513,1.358,0.452,0.000,23.754,0.067,97.964
1766337768.758012,10.029,7,7,37.356,0.00000,0.016,0.187,57.001,1304.0,0.6217,37.356,0.0500,5.000,0,0,,,,,,,26.170,0.347,47.441,0.518,1.345,0.462,0.000,23.481,0.072,100.003
1766337768.856265,10.203,7,7,37.336,0.00000,0.016,0.187,57.053,1303.7,0.6218,37.336,0.0500,5.000,0,0,,,,,,,24.097,0.273,47.678,0.479,1.318,0.443,0.000,23.664,0.062,98.170
1766337768.953068,10.257,6,6,37.971,0.00000,0.019,0.220,56.614,1365.9,0.6458,37.971,0.0500,5.000,0,0,,,,,,,23.341,0.456,47.019,0.455,1.183,0.417,0.000,23.578,0.052,96.720
1766337769.056390,10.004,7,7,37.349,0.00000,0.016,0.187,56.723,1303.6,0.6219,37.349,0.0500,5.000,0,0,,,,,,,26.463,0.389,50.354,0.526,1.364,0.453,0.000,23.380,0.053,103.202
1766337769.155621,9.944,7,7,37.349,0.00000,0.016,0.187,56.808,1304.0,0.6217,37.349,0.0500,5.000,0,0,,,,,,,23.737,0.481,48.793,0.576,1.515,0.478,0.000,23.341,0.060,99.143
1766337769.253089,10.134,7,7,37.356,0.00000,0.016,0.187,56.893,1303.8,0.6217,37.356,0.0500,5.000,0,0,,,,,,,23.162,0.438,47.628,0.518,1.347,0.450,0.000,23.598,0.064,97.364
1766337769.351190,10.140,7,7,37.353,0.00000,0.016,0.186,56.968,1303.9,0.6215,37.353,0.0500,5.000,0,0,,,,,,,24.337,0.264,46.809,0.528,1.361,0.446,0.000,24.039,0.064,98.013
1766337769.450757,10.101,7,7,37.346,0.00000,0.016,0.187,57.037,1304.1,0.6218,37.346,0.0500,5.000,0,0,,,,,,,25.214,0.253,47.347,0.524,1.365,0.468,0.000,24.034,0.067,99.454
1766337769.550230,10.040,7,7,37.343,0.00000,0.016,0.186,57.080,1303.8,0.6216,37.343,0.0500,5.000,0,0,,,,,,,25.250,0.328,48.127,0.507,1.353,0.453,0.000,23.113,0.056,99.363
1766337769.650063,10.236,7,7,37.356,0.00000,0.016,0.186,57.107,1304.5,0.6220,37.356,0.0500,5.000,0,0,,,,,,,23.396,0.257,49.279,0.526,1.384,0.467,0.000,24.090,0.062,99.651
1766337769.752405,9.900,7,7,37.353,0.00000,0.016,0.186,57.122,1303.9,0.6217,37.353,0.0500,5.000,0,0,,,,,,,24.655,0.405,50.750,0.536,1.376,0.467,0.000,23.799,0.076,102.238
1766337769.848050,10.155,7,7,37.355,0.00000,0.016,0.187,57.135,1304.0,0.6212,37.355,0.0500,5.000,0,0,,,,,,,20.784,0.248,48.243,0.503,1.332,0.450,0.000,23.757,0.060,95.544
1766337769.947179,10.073,7,7,37.368,0.00000,0.016,0.186,57.155,1304.4,0.6218,37.368,0.0500,5.000,0,0,,,,,,,24.419,0.246,47.713,0.507,1.355,0.453,0.000,24.090,0.066,99.034
1766337770.048682,10.081,7,7,37.363,0.00000,0.016,0.186,57.191,1304.2,0.6222,37.363,0.0500,5.000,0,0,,,,,,,24.490,0.405,50.218,0.523,1.363,0.461,0.000,23.719,0.070,101.412
1766337770.144005,10.118,7,7,37.359,0.00000,0.016,0.187,57.176,1304.0,0.6215,37.359,0.0500,5.000,0,0,,,,,,,21.814,0.230,47.906,0.493,1.337,0.454,0.000,22.778,0.062,95.231
1766337770.241900,10.154,7,7,37.342,0.00000,0.016,0.187,57.172,1303.6,0.6218,37.342,0.0500,5.000,0,0,,,,,,,24.989,0.368,45.895,0.504,1.371,0.456,0.000,23.997,0.069,97.816
1766337770.342377,10.042,7,7,37.343,0.00000,0.016,0.186,57.187,1303.9,0.6216,37.343,0.0500,5.000,0,0,,,,,,,26.666,0.669,46.424,0.537,1.364,0.459,0.000,24.010,0.061,100.387
1766337770.436243,10.160,6,6,37.971,0.00000,0.019,0.220,56.674,1366.4,0.6458,37.971,0.0500,5.000,0,0,,,,,,,24.611,0.363,42.445,0.475,1.242,0.439,0.000,23.913,0.063,93.773
1766337770.541997,10.070,7,7,37.345,0.00000,0.016,0.187,56.766,1303.8,0.6219,37.345,0.0500,5.000,0,0,,,,,,,30.036,0.489,48.602,0.512,1.348,0.450,0.000,23.895,0.066,105.622
1766337770.638315,10.077,7,7,37.349,0.00000,0.016,0.187,56.844,1304.1,0.6218,37.349,0.0500,5.000,0,0,,,,,,,23.513,0.288,45.905,0.521,1.359,0.464,0.000,23.935,0.064,96.208
1766337770.737677,10.073,7,7,37.335,0.00000,0.016,0.186,56.919,1304.1,0.6216,37.335,0.0500,5.000,0,0,,,,,,,26.499,0.402,46.112,0.568,1.370,0.459,0.000,23.646,0.052,99.273
1766337770.838484,10.077,7,7,37.344,0.00000,0.016,0.186,57.003,1304.4,0.6220,37.344,0.0500,5.000,0,0,,,,,,,26.357,0.254,48.120,0.505,1.354,0.453,0.000,23.415,0.067,100.695
1766337770.936229,10.085,7,7,37.345,0.00000,0.016,0.188,57.043,1304.4,0.6219,37.345,0.0500,5.000,0,0,,,,,,,24.672,0.285,47.062,0.554,1.414,0.483,0.000,22.889,0.070,97.597
1766337771.034618,10.172,6,6,37.947,0.00000,0.019,0.221,56.576,1365.4,0.6458,37.947,0.0500,5.000,0,0,,,,,,,25.262,0.403,46.240,0.449,1.209,0.438,0.000,23.967,0.062,98.275
1766337771.131773,10.199,7,7,37.339,0.00000,0.016,0.187,56.677,1304.0,0.6218,37.339,0.0500,5.000,0,0,,,,,,,24.963,0.485,45.016,0.530,1.343,0.446,0.000,24.007,0.062,97.073
1766337771.231589,10.067,7,7,37.344,0.00000,0.016,0.186,56.775,1304.5,0.6218,37.344,0.0500,5.000,0,0,,,,,,,27.116,0.248,45.872,0.500,1.357,0.459,0.000,23.935,0.066,99.716
1766337771.333670,10.142,7,7,37.341,0.00000,0.016,0.187,56.878,1303.7,0.6215,37.341,0.0500,5.000,0,0,,,,,,,25.903,0.482,49.047,0.509,1.341,0.469,0.000,24.005,0.065,101.984
1766337771.432733,10.042,7,7,37.345,0.00000,0.016,0.187,56.946,1303.9,0.6215,37.345,0.0500,5.000,0,0,,,,,,,23.398,0.435,48.320,0.499,1.369,0.469,0.000,24.241,0.065,98.961
1766337771.533107,10.275,7,7,37.364,0.00000,0.016,0.187,57.001,1304.5,0.6218,37.364,0.0500,5.000,0,0,,,,,,,21.659,0.368,51.742,0.506,1.354,0.453,0.000,23.963,0.062,100.267
1766337771.631283,9.974,6,6,37.981,0.00000,0.019,0.222,56.573,1366.3,0.6454,37.981,0.0500,5.000,0,0,,,,,,,21.533,0.506,49.379,0.451,1.208,0.425,0.000,23.882,0.438,98.063
1766337771.728931,10.094,7,7,37.346,0.00000,0.016,0.186,56.695,1304.3,0.6216,37.346,0.0500,5.000,0,0,,,,,,,22.447,0.258,48.218,0.518,1.378,0.451,0.000,23.986,0.064,97.559
1766337771.829496,10.023,7,7,37.345,0.00000,0.016,0.187,56.800,1304.1,0.6219,37.345,0.0500,5.000,0,0,,,,,,,24.573,0.372,48.602,0.639,1.357,0.464,0.000,24.237,0.070,100.478
1766337771.926097,10.324,7,7,37.346,0.00000,0.016,0.187,56.882,1303.8,0.6217,37.346,0.0500,5.000,0,0,,,,,,,20.861,0.526,49.623,0.514,1.359,0.446,0.000,22.955,0.066,96.510
1766337772.025000,10.086,7,7,37.345,0.00000,0.016,0.186,56.963,1303.7,0.6215,37.345,0.0500,5.000,0,0,,,,,,,23.415,0.474,48.501,0.479,1.367,0.454,0.000,23.873,0.071,98.813
1766337772.123175,10.045,7,7,37.346,0.00000,0.016,0.187,57.006,1304.1,0.6218,37.346,0.0500,5.000,0,0,,,,,,,24.046,0.324,47.107,0.503,1.340,0.451,0.000,24.068,0.065,98.065
1766337772.223480,9.982,7,7,37.339,0.00000,0.016,0.187,57.059,1303.8,0.6218,37.339,0.0500,5.000,0,0,,,,,,,26.057,0.258,47.572,0.500,1.342,0.453,0.000,23.788,0.063,100.196
1766337772.320786,10.109,7,7,37.361,0.00000,0.016,0.186,57.099,1303.7,0.6216,37.361,0.0500,5.000,0,0,,,,,,,24.671,0.308,46.690,0.504,1.351,0.451,0.000,22.996,0.062,97.196
1766337772.427370,10.195,7,7,37.343,0.00000,0.016,0.185,57.131,1303.7,0.6217,37.343,0.0500,5.000,0,0,,,,,,,25.482,0.428,54.416,0.515,1.345,0.452,0.000,23.632,0.064,106.497
1766337772.541634,8.981,7,7,37.349,0.00000,0.016,0.187,57.143,1303.6,0.6218,37.349,0.0500,5.000,0,0,,,,,,,30.114,0.345,56.959,0.504,1.354,0.457,0.000,24.081,0.065,114.045
1766337772.617709,11.650,7,7,37.341,0.00000,0.016,0.186,57.141,1303.8,0.6214,37.341,0.0500,5.000,0,0,,,,,,,1.783,0.482,47.546,0.477,1.331,0.442,0.000,23.447,0.293,75.958
1766337772.716797,10.174,7,7,37.352,0.00000,0.016,0.186,57.150,1304.4,0.6215,37.352,0.0500,5.000,0,0,,,,,,,23.659,0.247,47.612,0.513,1.350,0.464,0.000,24.027,0.598,98.633
1766337772.818136,9.875,7,7,37.360,0.00000,0.016,0.186,57.169,1304.5,0.6220,37.360,0.0500,5.000,0,0,,,,,,,26.193,0.442,48.292,0.502,1.354,0.460,0.000,23.766,0.066,101.240
1766337772.917726,10.048,7,7,37.344,0.00000,0.016,0.187,57.163,1304.3,0.6216,37.344,0.0500,5.000,0,0,,,,,,,24.369,0.525,48.165,0.528,1.383,0.456,0.000,23.829,0.066,99.487
1766337773.016633,10.125,7,7,37.359,0.00000,0.016,0.187,57.170,1303.5,0.6217,37.359,0.0500,5.000,0,0,,,,,,,23.543,0.475,49.005,0.525,1.354,0.467,0.000,23.191,0.072,98.797
1766337773.117455,10.186,7,7,37.349,0.00000,0.016,0.187,57.177,1303.8,0.6220,37.349,0.0500,5.000,0,0,,,,,,,22.818,0.268,50.790,0.528,1.370,0.456,0.000,24.276,0.053,100.723
1766337773.214933,10.132,7,7,37.363,0.00000,0.016,0.187,57.157,1304.5,0.6215,37.363,0.0500,5.000,0,0,,,,,,,20.696,0.255,49.683,0.523,1.340,0.452,0.000,24.226,0.049,97.386
1766337773.316035,10.126,7,7,37.341,0.00000,0.016,0.186,57.154,1303.9,0.6217,37.341,0.0500,5.000,0,0,,,,,,,21.973,0.246,52.303,0.517,1.348,0.456,0.000,23.914,0.065,101.010
1766337773.415698,10.032,7,7,37.356,0.00000,0.016,0.186,57.160,1304.1,0.6216,37.356,0.0500,5.000,0,0,,,,,,,20.552,0.466,52.050,0.502,1.339,0.451,0.000,23.985,0.058,99.566
1766337773.513634,10.262,7,7,37.331,0.00000,0.016,0.187,57.141,1304.0,0.6218,37.331,0.0500,5.000,0,0,,,,,,,18.347,0.445,52.387,0.500,1.338,0.455,0.000,24.154,0.061,97.849
1766337773.615029,9.939,7,7,37.358,0.00000,0.016,0.186,57.164,1304.1,0.6218,37.358,0.0500,5.000,0,0,,,,,,,21.001,0.262,53.545,0.513,1.355,0.454,0.000,23.926,0.055,101.289
1766337773.711448,10.188,7,7,37.337,0.00000,0.016,0.187,57.146,1303.8,0.6217,37.337,0.0500,5.000,0,0,,,,,,,17.757,0.309,51.589,0.484,1.342,0.473,0.000,24.126,0.058,96.308
1766337773.840622,7.577,7,7,37.336,0.00000,0.016,0.188,57.146,1304.6,0.6219,37.336,0.0500,5.000,0,0,,,,,,,53.333,0.296,49.428,0.511,1.345,0.456,0.000,23.487,0.060,129.086
1766337773.935750,10.281,6,6,37.963,0.00000,0.020,0.221,56.588,1365.5,0.6456,37.963,0.0500,5.000,0,0,,,,,,,21.438,0.277,46.888,0.466,1.197,0.424,0.000,23.670,0.455,95.052
1766337774.042487,10.041,7,7,37.341,0.00000,0.016,0.188,56.723,1304.2,0.6218,37.341,0.0500,5.000,0,0,,,,,,,25.903,0.307,53.656,0.523,1.357,0.452,0.000,24.181,0.051,106.663
1766337774.166617,7.545,7,7,37.358,0.00000,0.016,0.187,56.832,1304.6,0.6217,37.358,0.0500,5.000,0,0,,,,,,,51.698,0.523,45.223,0.525,1.364,0.454,0.000,24.029,0.057,124.044
1766337774.269224,9.953,6,6,37.970,0.00000,0.019,0.221,56.542,1366.0,0.6455,37.970,0.0500,5.000,0,0,,,,,,,28.022,0.293,47.548,0.485,1.215,0.429,0.000,24.219,0.066,102.504
1766337774.366740,10.190,7,7,37.344,0.00000,0.016,0.187,56.630,1304.3,0.6217,37.344,0.0500,5.000,0,0,,,,,,,23.564,0.257,47.097,0.527,1.383,0.451,0.000,23.869,0.057,97.427
1766337774.466348,9.995,7,7,37.340,0.00000,0.016,0.187,56.727,1304.0,0.6216,37.340,0.0500,5.000,0,0,,,,,,,26.084,0.264,46.614,0.536,1.344,0.464,0.000,23.972,0.059,99.500
1766337774.565516,10.100,7,7,37.335,0.00000,0.016,0.187,56.829,1303.4,0.6218,37.335,0.0500,5.000,0,0,,,,,,,25.491,0.431,46.871,0.514,1.366,0.451,0.000,23.708,0.057,99.062
1766337774.664951,10.129,7,7,37.351,0.00000,0.016,0.186,56.900,1304.3,0.6218,37.351,0.0500,5.000,0,0,,,,,,,25.051,0.395,47.605,0.527,1.354,0.456,0.000,23.720,0.056,99.330
1766337774.764125,10.153,7,7,37.341,0.00000,0.016,0.187,56.943,1303.8,0.6217,37.341,0.0500,5.000,0,0,,,,,,,24.131,0.501,47.970,0.527,1.362,0.447,0.000,23.922,0.061,99.092
