frame,tag_id,X,Y,Z,roll,pitch,yaw
79,1,-0.11248926220598125,-0.011139360964362879,1.8607642926307388,-0.02470692362221033,-0.3630354793112762,0.09452169212549158
81,1,-0.10482058202903048,-0.0030165241792683463,1.8392996888102737,-0.030926540321456027,0.028296217535005254,0.11685774409641393
82,1,-0.10383809337886656,-0.003025492419740837,1.8371599622634296,-0.024543360066897266,0.025210281828759486,0.11386655253773903
83,1,-0.10172462410378005,-0.002937950076961477,1.8341184599015934,-0.014461306126047539,0.043850237112423945,0.11673003948740325
85,1,-0.10181406297253472,-0.0012413079468400826,1.8360101552580605,-0.032639890116189174,0.03436928554564616,0.11524209560505734
86,1,-0.10194242781463242,-0.0013009880743485892,1.8374456113039188,-0.030637085974295524,0.031140719958225545,0.11627566750538407
87,1,-0.10186249573470871,-0.0014968159323674214,1.8379456448104219,-0.023319008271732115,0.03844620201332384,0.11829626966928473
88,1,-0.10164766222079406,-0.0014718254768413333,1.8370670208848185,-0.017510022695079733,0.04169906221512686,0.12005471947300751
89,1,-0.10153082791250144,-0.0006227576606646738,1.8378034321355088,-0.04563639032162047,0.0107479628137715,0.11844925518905311
90,1,-0.10096879402904733,-0.0002126013008771077,1.8371427691483138,-0.03701298078105753,0.030691877420959787,0.1222094551254221
91,1,-0.100921604671473,-0.00022244963805761325,1.8378551852527936,-0.04414147758001321,0.027420483562089183,0.12214858956059887
92,1,-0.10084838080126883,-0.00017930652854290102,1.838277265594912,-0.03941049939452991,0.029133621418845644,0.12249259183015329
93,1,-0.10081613137160776,-8.530235787805596e-05,1.8379196072323878,-0.029368022568622115,0.03553073073874937,0.12248856342108395
94,1,-0.10112072864900642,-6.352870148874229e-06,1.838054004831078,-0.04367223372052628,0.028230154575847807,0.12036065627017951
95,1,-0.10087440197733967,0.0005880105607203277,1.8382608964409966,-0.039187105088027877,0.01553402414132028,0.11818918813308037
96,1,-0.10054437379440731,0.0009117667863619977,1.8379974042703489,-0.040176862885723634,0.026226251882462,0.11600758583527841
97,1,-0.10021624783700794,0.0011119590723190804,1.8380425827489535,-0.029183471044404694,0.03554493849378042,0.11575033363409097
98,1,-0.09957859955773747,0.0012462695885549352,1.8388102483769129,-0.03207108830409569,0.02904676810080974,0.11594438558961472
99,1,-0.0990755575809661,0.001591381464669802,1.8385245818955567,-0.022981914237116503,0.0399244818149714,0.1186379655953822
100,1,-0.09792108429105321,0.0019818864975359556,1.8350475249389693,-0.03689066945258229,0.03636467613946899,0.1165362803085055
101,1,-0.09662584425365409,0.002698483945304815,1.8303216339523534,-0.042505612003236666,0.02594754554393776,0.1167423688895224
129,1,-0.29462547955296775,-0.00015513853597957147,1.7620121621158247,0.23947190859771295,0.032596131104422665,-0.08211746965898997
130,1,-0.3041626436793025,0.0010974258397117099,1.7609836247837047,0.23285871569337516,0.04134886558679905,-0.08540767821962317
140,1,-0.31499940710263863,-0.0005248831938767561,1.7624360982851288,0.180496245295369,-0.1431964082586792,-0.11169735186690015
163,1,-0.11871589018959619,0.0005075444274596844,1.8391000904283348,-0.06320358298348924,0.1472318821589775,0.026814065123539472
164,1,-0.1171947425504196,0.0008717101934127627,1.846928172741413,-0.04566685651025987,-0.5203005183328554,0.03743507547719205
166,1,-0.11338331041615472,0.0005335838168345312,1.8505289235429618,0.011232208089939206,-0.6327421916234136,0.006460513266263393
170,1,-0.11116379607551376,0.002335194702368197,1.8717431093253583,-0.007962190396093036,-0.4321705915646333,0.014423680418470995
172,1,-0.10136630050732888,0.0028704179640693835,1.8408623847949217,-0.0724416304579144,-0.0336086761615611,0.06524960131670073
173,1,-0.10046885808882235,0.004366873982759572,1.8349117170934666,-0.07574376845524322,-0.02470914270415433,0.07564735163978555
174,1,-0.10117062648059044,0.004978669682778315,1.8332674292856086,-0.053800310196710666,-0.0060260909834607525,0.07598099921056949
175,1,-0.1011296846239698,0.005018227699503462,1.834380984368872,-0.07061590135607396,-0.0398311910166081,0.07518989105351749
176,1,-0.1007416499640926,0.005088051217164675,1.8343040187267623,-0.060880690378064754,-0.028460794329581245,0.07285239410067695
177,1,-0.10042338750656829,0.005581026573525296,1.8323587234041896,-0.06786104332577572,-0.0058258343254480515,0.07014671208631008
178,1,-0.10106590056273898,0.005684043220868299,1.8319794476933169,-0.05194511958465715,-0.0005969384169502052,0.072456814168054
179,1,-0.10112215844838034,0.005619003841350202,1.8314962710127913,-0.06345020450491605,-0.0073863489751415335,0.07076216099793443
180,1,-0.10082773710726092,0.005936157170273971,1.8301379215115405,-0.0635021834891133,0.012115759853159115,0.06974242625258333
181,1,-0.10099971954459194,0.006206048868054278,1.8322283249508804,-0.07059563825116934,-0.022257065012962863,0.07111069453366622
182,1,-0.10075585659908723,0.006528506923813009,1.831684376161387,-0.0652852030322081,-0.014927795887255993,0.07113494102536863
183,1,-0.10041292130091327,0.006721757541009628,1.8304983926728293,-0.05801039303683032,0.0024593759410236264,0.07362969927469518
184,1,-0.1004280157718852,0.007344510683695758,1.8307257953635627,-0.05344703036435221,-0.007410568850195604,0.07474788958695432
185,1,-0.10011930298187041,0.008299518127081856,1.828018180454559,-0.05422018930010334,0.0220136386261164,0.07242663612685515
186,1,-0.10016364025692005,0.008910736805587238,1.8287529755992544,-0.05581212425721145,-0.0036143969743682313,0.07484338376655303
187,1,-0.10025213097153267,0.008900407191022355,1.8285474492719507,-0.05182029755536327,-0.009499942121207737,0.07655152670808439
188,1,-0.10053266387340393,0.008604545902119001,1.8286511621938262,-0.05402140713368682,-0.008071008722300696,0.0760359931682392
189,1,-0.10000575979848238,0.008602010291348161,1.8260802452620264,-0.012115508214170727,0.03271341064199899,0.08935072424435252
190,1,-0.09948417807924904,0.009154173927342437,1.8237337507961282,0.043223997625176765,0.051517084801377656,0.10865910918664994
191,1,-0.09966376642862687,0.009460939506047053,1.8240493567504537,0.04597407046383128,0.055942954468167834,0.11649020811654481
192,1,-0.10006788715558908,0.009847025339774386,1.8230674072604764,0.03570285534775507,0.06581962604788637,0.11814982191859574
193,1,-0.09975951364668799,0.011155596622407001,1.8210805865281428,0.04745000200272222,0.066219941975251,0.12089763744736494
194,1,-0.09879491049284118,0.012074149792151736,1.8191696688711692,0.05414277733578815,0.0718310628222405,0.12282103249290918
195,1,-0.09856398410851851,0.012649657990771132,1.8181701627658184,0.0694764036239338,0.07884591189660083,0.12640569996125023
196,1,-0.09925548844369612,0.013834737347954379,1.8183645037597707,0.05733291189854215,0.06098259571292862,0.12308254379512033
197,1,-0.10023125121410531,0.014693109103422393,1.8183670020001443,0.043942515506646886,0.049222582552631344,0.11391926001241147
198,1,-0.10197214058800759,0.014877688562080504,1.820604978327756,0.014989679625629247,0.02351566783515746,0.10272419824971334
199,1,-0.10849479595047176,0.01368605085822917,1.8345038372539908,-0.03675048407434471,-0.07852966596724624,0.06975609148389926
200,1,-0.11363914646835518,0.0122765879770831,1.8368767105608788,0.060752517257075714,-0.47450627626215963,0.02115782244397522
201,1,-0.11669986404050216,0.012947127570847112,1.8461807940356907,-0.025277478671488975,-0.5194930797337861,-0.010156972582295766
202,1,-0.11699016059959765,0.015970210935825076,1.8488847771284687,-0.0891115313563077,-0.5182623365704713,0.023261877459442564
203,1,-0.11637517399281101,0.017323174394611604,1.839738558884991,0.018863211279432697,-0.5116478312757382,-0.0020067083682358067
204,1,-0.11827231003488432,0.016417003637411356,1.8414469573552807,0.01732289732120967,-0.5222184926889059,-0.01357705386355743
64,1,0.016447372154212297,0.10838228645951786,2.064473779360238,-0.47114061075863894,-0.5072467182762026,-0.3606850270927105
66,1,-0.01741307356689566,0.06207474287746886,2.0114250752570224,-0.16554880063791794,-0.10794353307375004,-0.438563383541715
67,1,-0.038938173794472467,0.04850044544686675,1.944030139306645,0.18058886429877663,0.20932090100029827,-0.3380898091382579
70,1,-0.11310991412176663,-0.020386403394107504,1.8689332211901026,0.07249411049988619,-0.40995318428787786,-0.12106954576912898
71,1,-0.11437994278378386,-0.01046865160248496,1.8870600688297423,-0.07659169866537395,-0.23132731202366041,0.0054524442255117975
72,1,-0.11928255657253269,-0.009661475739174596,1.8977178691141705,-0.029357022839137045,-0.3607666995775158,0.01922940327015014
73,1,-0.12240291265975234,-0.013838167666945938,1.8653274448964803,0.00403677210223858,0.2246634220114982,0.013347950869324722
74,1,-0.11714630406550924,-0.010638672829408106,1.87517263819537,-0.06511472611434015,-0.10678912706652628,0.027151073053328537
75,1,-0.10787344365858767,-0.007201252129274072,1.857502179605486,-0.08126819341053591,0.041495018476980394,0.02472544147087585
76,1,-0.09935771256704433,-0.0046458852264217206,1.840085322438909,0.04632325843681402,-0.5114049167031561,0.022710929077896656
77,1,-0.09555663068286237,-0.0029351519130466908,1.8386702158735346,0.04932926509724949,-0.5119919973451394,0.025326419190515367
78,1,-0.09309372364898381,-0.0016081733728839816,1.8377752021504923,0.04792800360349246,-0.513454865648321,0.030764810447875993
79,1,-0.09212090375751344,-0.0007501861407358881,1.8373320715973689,0.06030705283424502,-0.5106722639775821,0.02604589788484682
80,1,-0.09763680692425367,-0.0013985793392791816,1.86109632081568,-0.07290467999646531,-0.06624626089720345,0.022836263922307785
81,1,-0.1003713343036222,-0.003354936934456449,1.834442567323617,0.12161103373211589,-0.6866186021414489,-0.05498070058774676
82,1,-0.10512124768424135,-0.003970286053607112,1.8284329657567508,0.1575656440737633,-0.7704370758294758,-0.11562885236537464
83,1,-0.10575236178234562,-0.004777308202683985,1.8300025265700108,0.15349239294017886,-0.791523781571465,-0.12758826202667894
84,1,-0.10449771600327144,-0.004788660358411322,1.829732841537405,0.15116000793065434,-0.793858870854966,-0.12252237954048265
85,1,-0.10344480211259086,-0.004866420023637168,1.830539575967721,0.1435350111848266,-0.7920994704318718,-0.11719731157027452
86,1,-0.10107634351000992,-0.004552087801265821,1.828694413384468,0.14627091350543583,-0.7970873707187877,-0.11828810596194858
87,1,-0.09833890663096773,-0.0029041781052470683,1.8283537276311912,0.1438526910270232,-0.7854013422975201,-0.11151050767947174
88,1,-0.09673105475980276,-0.003505831521819911,1.8399996039584963,0.09037935880681715,-0.6947169107824057,-0.06340579412837052
89,1,-0.08828491077885257,-0.008326257627361246,1.8618570417684976,-0.09033727237254888,-0.4039178548667569,0.04340949480235168
90,1,-0.082493915884015,-0.007332123618739448,1.8625982577021758,-0.07012685976358007,-0.01394176254482607,0.033594717262773494
91,1,-0.08099739266953376,-0.0052573310001893005,1.8571565468129065,-0.08099256934495709,-0.030806774678833415,0.04007550014742275
92,1,-0.07872886875772156,-0.0035330321279309247,1.8541037917787588,-0.048276459919328316,0.007723858791536551,0.04486141333744299
93,1,-0.07860611382502977,-0.004971125538018595,1.8556989298816828,-0.0691430216722817,-0.012141293859383348,0.05307477449806314
94,1,-0.08014622314999655,-0.014212093123721337,1.8647887299936468,-0.16812895706231668,-0.10527867616779686,0.06190739931727789
96,1,-0.07499202866637432,-0.06338859385371512,1.87708083512879,-0.1941433741189675,-0.07025727238379151,0.061645526983540644
97,1,-0.07455255721965279,-0.08297325356655941,1.8812118882860274,-0.09788661151552347,-0.04897333659688521,0.06151172509412086
98,1,-0.07468896115855983,-0.09259652797609519,1.8764553344541486,-0.04308850185595984,-0.03579039911676517,0.05254515165637785
99,1,-0.07454046340188947,-0.09745076057582625,1.8731653165170887,-0.024351797890512672,0.0012748036855475087,0.047799194071053284
100,1,-0.0774144259743638,-0.10001734713962426,1.8752994361818947,-0.019176298204003198,-0.011318912743183286,0.03694696517663612
101,1,-0.078039454785364,-0.10350052690341185,1.8805782388719616,-0.013970818296979036,-0.04763993399854973,0.03658629754898299
102,1,-0.07830681933418518,-0.10783058490929921,1.886579324285467,-0.008407554516475811,-0.06969572712189501,0.03904120441841045
103,1,-0.07937818161516287,-0.10881416495738497,1.889548140611633,-0.00034563187504038406,-0.08204512052088642,0.034307241808793465
104,1,-0.07911502001948277,-0.10844617570620281,1.889391668539211,0.0018881387721109608,-0.08041141126697361,0.03468002405158048
105,1,-0.0782194318011012,-0.10897612967443071,1.8902378444115153,0.0022662880763097593,-0.10669179579928545,0.035388087122105075
106,1,-0.07759524196629465,-0.10961296917413323,1.8896717315022293,-0.0024319765282772065,-0.0787421955873797,0.03438207966075593
107,1,-0.0765343575423787,-0.10948802773333959,1.8881790565223198,-0.0015892936709661048,-0.07586835236398065,0.0377593304146095
108,1,-0.07613784839246193,-0.10735136038803568,1.887215112628299,0.00621977604395578,-0.06787990465405759,0.043452298321550224
109,1,-0.07502648964073338,-0.09650524991987232,1.8806420030833346,-0.02719216250262814,0.03544907856197541,0.05319710004018056
110,1,-0.07294014754067027,-0.07669061774974169,1.8827266138677046,-0.020359613517660233,-0.17080660212637747,0.04394176985504974
111,1,-0.06661707143762557,-0.053706989166496744,1.8666072090165604,-0.09234513766646921,0.024598858734198547,0.07414178371979557
112,1,-0.06417258055136403,-0.03677263442735888,1.8653014764806128,-0.11617903752393115,0.03244911857773789,0.08498052389139378
113,1,-0.06397442081860288,-0.02142787692768505,1.8653951167372496,-0.11192308465615709,0.07962135339328559,0.08334690668906412
114,1,-0.061170701157988665,-0.010044806513993133,1.8644312554656453,-0.11904620578402711,0.09668159496599854,0.09546792514295435
115,1,-0.058986560445685655,-0.0029218434325063818,1.8676184781984249,0.05892371267528291,-0.28886238160865696,0.10411905906774657
116,1,-0.05817577241855067,0.0034204258403092817,1.8655581786352817,0.06815292949206173,-0.3298813164739486,0.09668188616144638
117,1,-0.059796882406176095,0.006399504095198471,1.8752263539951224,-0.1088885291111366,-0.016526441359419976,0.09546473891158139
118,1,-0.058242016847848105,0.012250863828598416,1.8670715535995828,0.03266353964089656,-0.3123002385900448,0.09759074241416434
119,1,-0.061756010604593,0.018122187599458633,1.8761800746759687,-0.11914204300460193,0.017319691005639005,0.07940567408579811
120,1,-0.06328713086687061,0.02113143077814202,1.879263679498731,-0.11266345524112108,-0.015039172283629052,0.0755014963602225
121,1,-0.06503871418423436,0.02558598678557456,1.8838637078882896,-0.11357154887871113,-0.05171517252848825,0.07170235595512493
122,1,-0.06554978869899203,0.027389062319887324,1.8762293093526137,-0.013268222689455067,0.1586887083534763,0.06473644664799934
123,1,-0.06677972075993109,0.03170849804711742,1.8858870757813007,-0.13593496527112037,-0.21302140916493384,0.07604598877186865
124,1,-0.06811362533346689,0.03680468847213539,1.8739701359106702,-0.004018513322321228,0.21041660489284103,0.051867730630908715
125,1,-0.06963277366674005,0.0413148643301167,1.8732974641092008,-0.009971334922168612,0.2032318116123995,0.04634578883867111
126,1,-0.07026216680152815,0.04589571963721002,1.8825747526630643,-0.1540943798512635,-0.2661708139272617,0.0756914363145333
127,1,-0.07087059809868004,0.04956165896130339,1.882170821397011,-0.16609456703175804,-0.2744739506073491,0.0715184307836142
128,1,-0.07023736720826872,0.051276038944676014,1.8818382333482453,-0.15810588831247277,-0.25826295195311705,0.06703824836315359
129,1,-0.07023926470666506,0.05216590665025732,1.8847459648537648,-0.14658425078155343,-0.15394706945155082,0.05543943147743486
130,1,-0.06981330687897462,0.05257329834958202,1.8833385848941762,-0.14976780079406185,-0.1950733477663901,0.06035751900334218
131,1,-0.07012350551762724,0.05208516674540811,1.8807951438655894,-0.1638373120645107,-0.25956092585097473,0.06763609118890454
132,1,-0.07144097526738019,0.05004210415306794,1.8802329315985205,-0.14047217215855198,-0.0903859140808162,0.0656674761245669
133,1,-0.06812688924599487,0.04530464583171665,1.8622838767397236,-0.2743236752702239,-0.30472933979453726,0.14732114161613127
134,1,-0.06701534358149296,0.04296512920483288,1.8591374868280393,0.08116622417985223,0.13584060840109832,0.14427538708913507
135,1,-0.06396544203707662,0.042004433010795275,1.85224617452281,0.10960932947059623,0.15841393881875976,0.15514157323452724
136,1,-0.06150709923142754,0.04202400941468769,1.846830145912671,0.12484417684210918,0.1731309160863081,0.16051620871674344
137,1,-0.0603304861423643,0.04310909316586639,1.8462922980344803,0.11818716301048028,0.1627353666126508,0.1578562825335792
138,1,-0.062335259166137344,0.04108213100074237,1.8535293631317336,0.05966564959703187,0.0944076454431645,0.14389069639093097
139,1,-0.06806039401984333,0.038071660225512616,1.8565291722785031,-0.06327919048323906,-0.028185459755349324,0.12966052498460387
140,1,-0.06891467138036787,0.039969936706531754,1.8564800491343783,-0.05803800935825999,-0.16056886423174332,0.14093815448812635
141,1,-0.06617289729219863,0.04185538785385722,1.853849432429655,-0.0378740132351372,-0.14784464372533196,0.14811541547765397
142,1,-0.06469842529496489,0.044221061734811384,1.8515006357539232,-0.06784745902251643,-0.05115729767533603,0.1371219264855508
143,1,-0.059930070864331,0.04739399923933894,1.8500236352356287,-0.0815306208060945,-0.08785949555706991,0.1465818738545631
65,0,-0.3369764652457325,-0.1878487850511622,2.334142380908744,-0.5531795676005362,0.27256467813732094,0.34887528408954765
66,0,-0.3079050770124339,-0.16788344447112527,2.3578909615173336,-0.5466894715897478,0.08931738940220002,0.265271703523507
67,0,-0.28207016424800246,-0.14152284511762073,2.361868878596228,-0.5362981349714117,0.07022517456084963,0.21777592604032125
68,0,-0.2616594750883259,-0.12543579967303695,2.3594164184861546,-0.5262366050498382,0.0840696881380247,0.133403382108458
69,0,-0.2385442660804148,-0.10446893000092708,2.373004602024742,-0.44254288321441604,-0.03669093949028295,0.12760092800539688
70,0,-0.2204839303670827,-0.08712213961412962,2.385166878473849,-0.3757064592271506,-0.1757532368846676,0.12157545666153853
71,0,-0.21177907054076237,-0.07259591472417823,2.387228532004658,-0.31787889322011986,-0.19639515708181926,0.11071615381163732
72,0,-0.2110592889660555,-0.06473505169813164,2.4042468909660846,-0.2489526911990287,-0.20620829780292035,0.09774932993411506
73,0,-0.2105866438459516,-0.05927530263511927,2.400415232371772,0.2866859796756916,-0.0742768663531787,0.10530119932664939
74,0,-0.2172426720502381,-0.05387475959034862,2.4227458390631513,0.042640885356338636,-0.038413009243720354,0.07737163584722201
74,0,0.1600895026925944,-0.7397946797285969,3.609966794013527,-0.37572609776110205,-0.08402377237041553,0.07984092943924583
75,0,-0.21993400113448972,-0.04776579224921281,2.4191375141798654,0.0076014487945038995,-0.039994586367244477,0.05718213356909387
76,0,-0.22074880747487036,-0.037149849740969694,2.401899135347863,0.0595683480948635,0.053107346526518266,0.07247621945023752
77,0,-0.2262379488420121,-0.02996083838105383,2.400313535104119,0.01702904501998041,0.05686466800357919,0.0784331679641177
77,0,0.17226127871390468,-0.7206324635349223,3.637956168768636,-0.3084848909081515,-0.14300510164545682,0.03221147056126755
78,0,-0.22802568306063767,-0.029411001354878556,2.397842476881732,-0.010556957651913888,0.04363095060227267,0.0682882837135166
79,0,-0.23066471069820166,-0.03002132290494222,2.39679216887757,-0.03776555707186872,0.026833687397765395,0.0661083042794269
80,0,-0.23287886646391293,-0.03305097993831541,2.4043138254455254,-0.02596144907756296,0.01875235343095333,0.06179821167451841
81,0,-0.23307203540474153,-0.037219183611335735,2.4091291373038457,0.02366833856944822,0.034468468176655456,0.05836118123531081
81,0,0.16210047826301388,-0.7014397705334896,3.64548468832327,-0.24515253111805568,-0.12581078656425604,0.021060525770286543
82,0,-0.23246316324394567,-0.04205329039697808,2.4099779774109047,-0.004029093047698504,0.02609245830348783,0.04768032724801455
82,0,0.15615640798145686,-0.6970389518638905,3.6297938717764024,-0.22963098724741693,-0.1511446641920903,0.0046793231322157375
83,0,-0.23279472952091484,-0.043314493939108537,2.4100685989752746,-0.01674169573300657,0.01576335295517689,0.046152791480726874
84,0,-0.2335613245644536,-0.0432178796762618,2.406459781558131,-0.03491818343485198,0.025371967580608515,0.047296250138060374
84,0,0.8788516563946996,-2.0389606444773847,6.231488322243709,1.1628688747606437,0.4037126935405449,0.22732795428886135
85,0,0.1580860206868965,-0.7153045118489998,3.6656007777825717,-0.22928865026139442,-0.15206400087365185,-0.0009202782437986104
85,0,-0.23547763864486027,-0.042979097332279476,2.405171839355111,-0.025919429369037163,0.028085421842253214,0.04839725136178145
86,0,0.15651405080078193,-0.7118441696015962,3.6427186473848767,-0.2508448280382094,-0.17490511176087845,0.003192374589397751
86,0,-0.23645542946773654,-0.04293338723900517,2.403202989856413,-0.05916838246013729,0.02337614842181875,0.04632843482232375
87,0,-0.23630737539237856,-0.043628425729925056,2.4029957210135264,-0.07623979516557831,0.024419652604872062,0.04051126169135637
88,0,-0.23551217338616734,-0.044061004105048214,2.4020696921022533,-0.07220223263408465,0.04389018643856261,0.04127489358173136
88,0,0.8693108306204509,-2.035958712616609,6.226382565119606,-0.3273297795211781,-0.20861514374415283,-0.014546294299415825
88,0,0.15244803973359455,-0.703332438498926,3.610967633375994,-0.26414837579072875,-0.1844154745293232,0.0007591914832832767
89,0,-0.23430590206479887,-0.04436219124706011,2.399312465982662,-0.08187046104912117,0.0771608760770147,0.03760776497151671
90,0,-0.23217622393321943,-0.04559174243326692,2.398932744727166,-0.09915837098375896,0.10405399594781743,0.026358169735904397
91,0,-0.22949645359027765,-0.04794907603305337,2.396281182349406,-0.10798134252363749,0.17984133876283465,0.008817979929023903
91,0,0.14953549799544064,-0.7035768643653006,3.6101355712399297,-0.2642420518911703,-0.16784507239957616,-0.0023753251375171493
92,0,-0.22928814217694868,-0.048003195610271755,2.3973217133002267,-0.14917615480904037,0.22009090692960784,0.0041249486392308556
92,0,0.15156152203584417,-0.7121278693356451,3.63881176360631,-0.22874600884806762,-0.15882776856085742,-0.00807528305567782
93,0,-0.2292447819351176,-0.047764030816329246,2.4026885501067516,-0.19125122504093894,0.26689250407198645,-0.0007971764969039946
93,0,0.15307567143540624,-0.7128485003211764,3.6396306719816014,-0.2323160336052215,-0.15917655242388262,-0.008450077857666818
94,0,-0.229503376763226,-0.04730325920733087,2.4056229333563897,-0.17298907382700746,0.35058225043820723,0.002154789009573669
94,0,0.15863766701433812,-0.7312050214460968,3.698579841090239,-0.1939135864452731,-0.11881268281890799,-0.01628799099550532
95,0,-0.23054790424371072,-0.04647573255689248,2.4101106816491433,-0.15705077347668298,0.4273262886582686,0.007133934515329985
96,0,-0.2307818369708117,-0.048604545397590085,2.4122859502192835,-0.15549320052536036,0.5027661662427,-0.0017212817578341093
97,0,-0.22844861353772322,-0.0500008426772153,2.4128221952241047,-0.1643914547164717,0.4973399641658567,-0.005980017492661205
98,0,-0.22653211505604995,-0.05210578014805134,2.412668450518725,-0.13905422720470353,0.5163573205868356,-0.007770187595399579
99,0,-0.2259837427906904,-0.0535733923852818,2.409385044701901,-0.15977258024274965,0.5311137498761369,-0.01260143855584462
100,0,-0.22724711083482496,-0.05484922152863509,2.4089679484984563,-0.16576978348715923,0.5591311874550516,-0.020470851472108496
101,0,-0.22969616767659745,-0.05438178615027828,2.406302846068888,-0.14453925708971024,0.6118445625684784,-0.014408586865998392
102,0,-0.23022892557133814,-0.054610025403217986,2.4088074333055998,-0.16251109179496964,0.5937759054435303,-0.005886949697520654
103,0,-0.23077407626721635,-0.055268297539503186,2.4141244179439325,-0.1518434420716609,0.5657408237035821,0.002029645591921442
104,0,-0.2313597597396023,-0.05355610467554562,2.4156999930218683,-0.13835408540085628,0.5356519365394389,0.013026163719615102
105,0,-0.23329646261025352,-0.051824008224231485,2.420859143278544,-0.15624683555580768,0.4929079123335564,0.022316856815572196
106,0,-0.23376129913642907,-0.051000320964551926,2.425454068959242,-0.16664878855518295,0.440168992850709,0.028816197223270966
107,0,-0.2329105242452935,-0.0520849860382988,2.435068588871661,-0.1613514044268815,0.3234743121832769,0.030192187778457554
108,0,-0.23405392984971216,-0.05383393698412796,2.4513004062642514,-0.15868429160758396,0.15274465098512127,0.04201035470323563
109,0,-0.2361258632723607,-0.05721354546813498,2.4674777598766187,-0.1536887501276649,0.016491276692230713,0.047382675438682485
110,0,-0.2371579278767881,-0.0594444579418282,2.473111761536802,-0.12022219178147436,-0.014880706016805688,0.039695214814395516
111,0,-0.2421963447793327,-0.06196433327432536,2.4902489305189306,0.010991918664729552,-0.01423386370516919,0.04970477828700672
112,0,0.1751239263148336,-0.7787084039436005,3.836844590639061,-0.2109841414348226,-0.03301200837416445,0.016931759288872975
112,0,-0.24084973086233927,-0.06176966355747467,2.4785171569719466,0.11499301813602247,0.030497808383975707,0.06057042551760193
113,0,-0.24045842896807867,-0.062162003592213105,2.4765070006641308,0.11541321250856168,0.029621346381568273,0.05403950053954962
114,0,-0.23939745293059297,-0.05945576616147226,2.4645298998383556,0.18833296593317378,0.05540564772422817,0.06403511892279555
114,0,0.16929470333852975,-0.7686175431590936,3.7858702275667957,0.8784852713743687,0.2659077922442635,0.12841603503770993
115,0,-0.24151227223396152,-0.05561994698736471,2.4538334289487995,0.1939993116446094,0.05177122168687143,0.07474744645114657
116,0,-0.2439935934723164,-0.054885746219974774,2.453101179154891,0.16261676197914443,0.03738127967560959,0.07402000408797199
117,0,-0.24381138480833087,-0.054347622791451354,2.443341908718973,0.18124973298989902,0.05350633684242985,0.08388426230835207
117,0,0.16605760646853995,-0.7572111411417,3.746674282826614,0.8948450317366925,0.27806429492238777,0.14026085080792108
118,0,-0.24307919491610655,-0.05783482425884853,2.4366985424489167,0.19879515005563952,0.06155937025594986,0.08729357954996182
119,0,-0.24286493483920724,-0.060175747412503484,2.433201887857768,0.22432872922079933,0.06153850588352248,0.08181094743342941
119,0,0.15996885753282594,-0.747736464953703,3.727975662447684,-0.28610924797118775,-0.17909560818645706,0.004175207304857938
120,0,-0.24181180605038943,-0.0617433754192213,2.424107701366092,0.2432273674599105,0.06700215570313701,0.0816996982436349
120,0,0.15653491483199378,-0.7400521059363926,3.704248640104088,-0.2923592344231746,-0.1722284318038612,-7.573665635850008e-05
121,0,-0.2433490739587937,-0.0650983369008242,2.4140195255912964,0.2068499759467406,0.040731163381871806,0.0794499670908686
122,0,-0.24585433737153187,-0.07645669634681793,2.38628673196299,-0.04237786133284258,-0.02289994325959644,0.05230355030056015
123,0,-0.2493025668486781,-0.08957195913619442,2.323077546077175,-0.1861876389968772,0.08910387990010746,0.04004734837507821
124,0,-0.25439225283845157,-0.09916620336504295,2.28596736180877,-0.24380938144391154,0.14269861096131664,0.04977360613242801
125,0,0.8820401314477279,-2.1005209270551144,6.3408548871051185,1.1769443700478859,0.42091676563982433,0.2451342757557159
125,0,-0.26622039615916077,-0.11644719539937548,2.240981168189851,-0.31403623277787973,0.20258132318319735,0.07692001381795792
126,0,0.8449923097469567,-2.016754320985724,6.132970826081777,1.2349097091386483,0.4578648569281096,0.30023076794727066
126,0,-0.2738477991615267,-0.1395063848106204,2.199147275140814,-0.37097637343999434,0.31431924169257025,0.06901708607550124
127,0,-0.2778870868589359,-0.15558944854208834,2.170595429596519,-0.47870418106088086,0.36838192507508155,0.07014275570085378
128,0,-0.2767337923559556,-0.16043269350286415,2.1546186130327394,-0.5673869797710315,0.3762640126718861,0.06931093912391327
128,0,0.08583984350176455,-0.7440129133182325,3.525967951826674,-0.23701343571597314,0.06334251779574886,0.06970965503640067
129,0,-0.2711704441663162,-0.15966610484568283,2.1510786182559816,-0.6318327708196952,0.32201898928252565,0.08925526693632953
130,0,-0.26851433929936463,-0.15499972410607768,2.1460478557961356,-0.6722148394030989,0.2970517002855162,0.09723888475547289
134,0,-0.2956932789112426,-0.12356753381417462,2.1294809195741173,-0.8316039297072085,0.43376633734956316,0.11934918817605551
135,0,-0.3195046407923257,-0.09697942442096841,2.151570352205039,-0.8768703910371947,0.3024555866804329,0.37679509432236563
216,0,-0.3500477633603898,-0.1714676810530491,2.139673366043877,1.135072729975027,-1.2957083220599106,-0.2888523560731679
217,0,-0.32744037255688674,-0.14435508130113325,2.184508940982398,0.5684912629091972,-1.0699536708231447,0.1041199212467609
218,0,-0.31051822923668965,-0.1248986430027704,2.2503645223889985,0.4568651313316264,-0.7906111551711603,0.1644304697014417
219,0,-0.29750612021620765,-0.11732545450375208,2.281614056864661,0.3800943367549881,-0.6630446301972281,0.1463922139380924
220,0,-0.2808020015604412,-0.1056355440853496,2.324819205354766,0.4415820857392347,-0.5807215661150356,0.09190257290813661
221,0,-0.2703678249611745,-0.09938876674917052,2.3728483689031425,-0.1991799685472028,-0.003032081976557256,0.11435537333593124
222,0,-0.2549513436229664,-0.08782008438279151,2.382217621981864,-0.17450953194070584,-0.08508515289763362,0.0954917507348915
223,0,-0.24120900765182837,-0.07651500955032431,2.382893029286685,-0.1418611266581214,-0.2543174514013875,0.07969339066575898
224,0,-0.23635462279161323,-0.06771160203053517,2.3899289303764997,-0.1082218918996901,-0.4198452717057548,0.11266665789831731
225,0,-0.2320377510575364,-0.05698104448041183,2.390307524005812,-0.09929505065971268,-0.5640815029564666,0.10906438499526967
226,0,-0.22893358525488883,-0.048867531514334824,2.3956984355853335,-0.03751102038670193,-0.6172458303068004,0.1146418580801821
227,0,-0.22592911725779136,-0.04247378241457536,2.3988717225880603,-0.049094330248138446,-0.6427696457219094,0.12761973520002237
228,0,-0.22213504076595825,-0.04148278990785189,2.4040714706906994,-0.016890358973048553,-0.6181196877851988,0.11025155271388115
229,0,-0.2181708336003108,-0.0411049623467863,2.3997193804235026,0.00785736725275893,0.2587465041060179,0.10721348177195196
230,0,-0.21884885037877153,-0.0424958341461868,2.4273522827439993,-0.04350841598418984,0.13318259871921487,0.09490900909302251
231,0,-0.22146119699607864,-0.04347191668617616,2.455047034085993,-0.043511698405530666,-0.22813978979979196,0.09708770615838246
232,0,-0.21410889291975596,-0.04410979046836391,2.4335864741772735,-0.050464039073735124,0.044880834056973455,0.08544430189121742
233,0,-0.2139929069156267,-0.045310475314610466,2.441611252208326,-0.0383142815734871,-0.36348892594359883,0.08145258686362518
234,0,-0.21426245077617695,-0.04512014196838085,2.4460175859266817,-0.04884474503084425,-0.1519909647628813,0.08160812242054791
235,0,-0.21125744965359053,-0.044232665176192475,2.429075478202207,-0.03166974451524127,-0.41695369900709867,0.0792708949120032
236,0,-0.21449751270893627,-0.04510356150130492,2.446288016259218,-0.0516610042438762,-0.17874464607335408,0.07557300834249904
237,0,-0.21034005070458947,-0.04609273795524778,2.42803217205788,-0.04508417749801951,-0.4082543347062982,0.06860324346799977
238,0,0.19240758258529056,-0.7593767790868915,3.7995446028589077,-0.13477649476530856,-0.19441998454575718,0.015864436076824733
238,0,-0.20592408063407108,-0.04682590953667325,2.401207438138698,0.04574591663951899,0.21024545670784386,0.06585219203428345
239,0,-0.20883677081916147,-0.048828694832491366,2.427887722051098,-0.04991114209085229,-0.37718633125185425,0.05091680817561029
240,0,-0.20490483048753103,-0.04762383873667497,2.402235064262656,0.0462871947485463,0.1851094864494381,0.05985551953473019
241,0,-0.2054140877367255,-0.04782157795925425,2.4044064872275888,0.05929858890128214,0.1849253128342522,0.057334047583950165
242,0,-0.20508177346461248,-0.047837380907741915,2.4048949151358117,0.056871675499592586,0.179299280176531,0.05867907196742664
243,0,-0.20401898676572094,-0.049076457861018406,2.4044671096532992,0.07003832220743982,0.16376426178990985,0.05308989807801598
244,0,-0.20524837194750467,-0.04964947668803324,2.4153243095629424,-0.07324631104707847,-0.43995807160677636,0.04000749961961783
244,0,0.18838106586297032,-0.7408023213064722,3.721914006684484,-0.18623488320188017,-0.23536240839907532,-0.011588486897900575
245,0,-0.20315441018755126,-0.049813740710318986,2.404904591267276,0.06836617234489868,0.11439823893407901,0.04575139431693047
246,0,-0.20168687467811755,-0.049878385944218256,2.401571568883501,0.07732322934338925,0.11915860225050313,0.043341150291941966
246,0,0.18868155141569637,-0.7375912336373075,3.7076471168371414,-0.21817841237493962,-0.22686533007532475,-0.021252782856965125
247,0,-0.20201625257464437,-0.05020861015299883,2.4055575837430876,0.09087516240245593,0.10306883738119738,0.042736999287646384
248,0,-0.20077775549135973,-0.05057620273062297,2.403286349911915,0.09401753612499426,0.07875842591298966,0.04233565178739975
248,0,0.18882178795292798,-0.7380023412454009,3.7076462086205138,-0.20241958113861566,-0.2104784034750398,-0.01887193344613489
249,0,-0.199723868217924,-0.05248769844265845,2.4049356448951533,-0.12323061010351039,-0.33539597949450456,0.023255317555849316
249,0,0.9163008671797119,-2.0978169638768174,6.346892184212446,1.1230391808110458,0.4884242706831929,0.2729805997536877
250,0,-0.19813938213879942,-0.05321826942715714,2.4012411133291627,-0.1398423425463479,-0.324573490178164,0.020040402078563085
251,0,-0.19618334607601096,-0.053853261047537196,2.397449941505296,-0.15439869670123274,-0.28385520017527643,0.014739741202622022
252,0,0.190249116349893,-0.7343356981889059,3.686911181990403,-0.21036887522879819,-0.17399564301178827,-0.04062048336226217
252,0,-0.19494873274341323,-0.05401386467983739,2.395902264723749,-0.1757328718564243,-0.27510672102419925,0.017511271234218872
253,0,-0.19385055601346102,-0.05448597923912493,2.3945538239750848,-0.1846037846424757,-0.2341277605129481,0.013694856018499362
253,0,0.18775023089284196,-0.7232844426249132,3.6458285714974163,-0.24391190367152546,-0.16051480413795052,-0.02677963824265424
254,0,-0.1928303122058819,-0.05421999171390815,2.393160140803298,-0.18744797582918782,-0.23973502883467065,0.01677636417990133
254,0,0.8975681434205904,-2.0531729434739328,6.231910248378568,-0.31471304123205984,-0.20063525828491058,-0.05326796327874256
255,0,-0.19158730010780026,-0.05447778080519285,2.392279705181611,-0.18484418307725076,-0.22855204910173424,0.017239741619484564
256,0,-0.19105676917124392,-0.05403372029590247,2.393142729602994,-0.199910710024817,-0.21363276292819208,0.01961325808874556
257,0,-0.1900315666359797,-0.05457068844671034,2.3930916753304046,-0.2039484116114433,-0.19744610715954805,0.01682128428878791
258,0,-0.18937678382019818,-0.05410577512221454,2.3937690229997024,-0.18901132270994245,-0.1996289381074925,0.02251492958593965
259,0,-0.18869524557963677,-0.053882826996986384,2.392226523087193,-0.19498889440119754,-0.19064597688139748,0.021229870006881837
259,0,0.18990413611118354,-0.7127451234179318,3.6050449051388895,-0.2771515114025383,-0.13616277082425843,-0.024303059260776232
260,0,0.19031526812248462,-0.7084690188356583,3.5903311472490804,-0.2975837099102709,-0.13562335575806103,-0.024928505626175414
260,0,-0.18860824703222176,-0.05399838219339485,2.3924786624766066,-0.19352684376619875,-0.18320713412400821,0.019805494680572962
261,0,-0.1885537742468436,-0.05435205300887298,2.3926500579307586,-0.19056038931800776,-0.18485981342045768,0.019039087962859476
261,0,0.19317372866902188,-0.7158307947541778,3.6165752059390632,-0.27986282230449033,-0.1196521286773437,-0.019346392620778346
261,0,0.8773726391914293,-2.0023562499696745,6.096772736981388,-0.3631057551005492,-0.21354603684270007,-0.08122240024836104
262,0,0.19308974142772486,-0.7149199911601875,3.6141817521988413,-0.28894588819917594,-0.13011199811366675,-0.016082516431918787
262,0,-0.1887817196063479,-0.05398796459636842,2.3920862607353834,-0.18683329983913502,-0.19652216539133857,0.021017160691332783
263,0,0.1918797498828348,-0.7101278674561923,3.5968628441140496,-0.288259941776129,-0.12994476214950984,-0.018206635469343348
263,0,-0.18904957804359537,-0.05410828841522931,2.391340470889298,-0.17612206109530115,-0.18433317381479175,0.02127909482565218
264,0,-0.18956842682033892,-0.05361992826425359,2.3918066398395075,-0.16507923194602062,-0.16882466653152098,0.022494717804327553
265,0,-0.189817519298324,-0.05382270277540136,2.392369400875828,-0.16356845927868374,-0.1986161026656871,0.022920704603331666
265,0,0.1922231113874166,-0.7116011313677264,3.601360669583156,-0.2851898276131643,-0.11532221248831745,-0.02553000782500853
266,0,0.19257997453823,-0.7128519914565011,3.60600710273785,-0.2767777436050023,-0.1171054768307935,-0.022391883107938895
266,0,-0.19025637021923011,-0.053603281522910884,2.392754215378912,-0.15614370560856855,-0.16894984473034083,0.022176396436793047
267,0,0.19239866101457587,-0.7131753379541018,3.6071924153300485,-0.2735569330503312,-0.1382529080295524,-0.0249649771800156
267,0,-0.1902708381740926,-0.0538283253434412,2.3920755075358064,-0.15182193678212882,-0.15042028148855002,0.021545570249840138
268,0,-0.19099010825564885,-0.05418740372115438,2.395428436558024,-0.15582971207405746,-0.2039119850666064,0.022310106849783674
269,0,-0.19084552722569054,-0.05439813982915253,2.394952689078532,-0.13172713148442405,-0.13633120144326408,0.020545452464352573
270,0,0.19276503978817008,-0.717547881962683,3.6231527441182405,-0.24818295253430564,-0.12685888927700792,-0.02246834188779354
270,0,-0.1909808454948631,-0.05396157407119552,2.395369610974365,-0.1356013884078551,-0.14177155500404331,0.02169495738150838
271,0,0.19229878059169664,-0.7159184175595666,3.6170796420833913,-0.2616626142549464,-0.13480596196966502,-0.017297585763738004
271,0,-0.19147663599419115,-0.05404886998630439,2.3970095470947683,-0.14431370775045604,-0.19049660310332112,0.023412928177984217
272,0,-0.19234571551810767,-0.05333642020523086,2.400160425730679,-0.12384410488705311,-0.13544457142373412,0.0254818652124581
273,0,-0.19454626633145405,-0.05352404261167203,2.408091314090079,-0.11096342684526528,-0.11127635001266144,0.026781247186028954
274,0,-0.196988078390148,-0.05451082142714226,2.4187168982165255,-0.10027150711091906,-0.1567850472350082,0.02920899523535731
275,0,0.19232029856370403,-0.7157857876672531,3.617623053958374,-0.25516632645953014,-0.14891116599366117,-0.024250744334486356
275,0,-0.1988477035617792,-0.05554666363956147,2.4269379219376006,-0.09563030760316733,-0.1704294916739013,0.02961094099217138
276,0,-0.19866587416483109,-0.05773904066283407,2.427498820731021,-0.0954848399661118,-0.21957510182325765,0.025027604620864837
277,0,-0.1990979463933866,-0.059195677927069,2.429463256584537,-0.08867676040969893,-0.25384330325987386,0.022577881583059914
277,0,0.8739692300853259,-1.9838723366748432,6.0526222101193525,-0.35717345623932173,-0.1908098804156855,-0.053899311726055346
278,0,-0.19964299160118076,-0.05940756938313654,2.431947335752097,-0.08465123624988764,-0.16747518796255673,0.02234407021625566
279,0,-0.2003709786767262,-0.058819998800097154,2.432568226200895,-0.0802106627651214,-0.1469084772086194,0.023480772073433125
279,0,0.1948621612063124,-0.7367234904419935,3.6860129766079472,-0.23733819254442312,-0.15833011437460492,-0.015925329258722462
280,0,-0.2004032092869856,-0.057995007169697875,2.43002532825522,-0.08593745813239048,-0.20583129258366206,0.027337930653760525
281,0,-0.20028007292038222,-0.05736168393666458,2.4275278931497803,-0.07897919317492992,-0.11453369232235898,0.026581370055387445
282,0,-0.20019758722469608,-0.05699523311978359,2.428134841540853,-0.08150972544218907,-0.15474854523066964,0.0303004111191793
282,0,0.19575479810963697,-0.745576401048009,3.706859578189735,-0.23239151954183646,-0.16497724406666295,-0.028001971002948545
283,0,-0.19958359456879224,-0.057205351226361764,2.4261237060332093,-0.08989855722215623,-0.2057907125938151,0.02841767885923669
284,0,-0.19927587745550535,-0.05751561834456584,2.4273545443411235,-0.0855501863980799,-0.18814203776768823,0.03092671960814521
285,0,0.9098281055025015,-2.0765390189685955,6.274141370323024,-0.309839592826615,-0.18547669361673635,-0.04986623572260675
285,0,-0.1988112183484813,-0.057922762126795764,2.426298891013126,-0.08718313841045941,-0.1618408818636797,0.032293632993195674
286,0,-0.19848083319700088,-0.05735981736434221,2.425437665810941,-0.08372149897478826,-0.16831084493698326,0.03574894121402578
287,0,-0.19776810001385622,-0.05786828652685547,2.423398701272368,-0.07983209392669739,-0.08479039920078289,0.03662401543167271
287,0,0.19737892949067412,-0.7496531127298123,3.7256690767864815,-0.18828239187701085,-0.16295646883018136,-0.02072649042601842
288,0,-0.19688204011585478,-0.060903547501440315,2.425223698251564,-0.08227363615608736,-0.0877821989876919,0.034167007651011126
289,0,-0.19504807346334832,-0.06816357348703031,2.4286794336125666,-0.0898964950793998,-0.1079053505844656,0.03954109941626645
290,0,0.9137593357238964,-2.0872095735301857,6.30164591421906,-0.3087671942499069,-0.17191470937754552,-0.04125141329916949
290,0,-0.19282581670600188,-0.07409204119889576,2.429462686804229,-0.08327927870969734,-0.032505832017155935,0.05404900041123719
291,0,0.1959035764219803,-0.7406520201652484,3.692124338497125,-0.21894461907643872,-0.17763812173336616,-0.01997728252469308
291,0,-0.19186482064779287,-0.0881919891569639,2.4483699327269717,-0.07758275066010957,-0.13996939108472198,0.06301951404256567
292,0,-0.18743352432330548,-0.10013135525642039,2.449003720534813,-0.07571157052552223,-0.06679098292972577,0.07002511491132134
293,0,-0.1877288236123676,-0.11250527332852914,2.462910281959563,-0.06282612704677173,-0.10162037533431684,0.07044928735684834
293,0,0.9061111834309075,-2.067116893519036,6.252108530884073,-0.30415297971824706,-0.21561464027773583,-0.06200264752245659
294,0,-0.18787057488849387,-0.12067925440342571,2.4677142545902697,-0.0488934147559953,-0.13694186639911182,0.06571025991511834
295,0,-0.18750723735567826,-0.12368409059764188,2.4639687119485876,-0.05741005956627573,-0.09662977322686774,0.07302939576813902
296,0,-0.18824390326161378,-0.1257321481377806,2.466488089078428,-0.04303842290901681,-0.05282545018155279,0.07549110985476884
297,0,-0.18870592842545733,-0.12588688327858055,2.4690329193114984,-0.04198725282118812,-0.1269427259511317,0.07126619496348638
298,0,-0.18947521205766232,-0.12274482868525788,2.4661842168126515,-0.04860405931615484,-0.11108897687598249,0.07174164622612443
298,0,0.9383488520215666,-2.15732018111192,6.411909574968387,1.1428343621634627,0.4569814261439864,0.2718709544612758
299,0,-0.19308936894909998,-0.11931853646771498,2.4700018524337946,-0.04320999161412076,-0.14755395151005982,0.07572566216720632
299,0,0.21580303112086818,-0.8395530826839779,3.8222230634381154,-0.19084042151264585,-0.12838898049737207,0.007018097554103278
300,0,-0.1968989530481376,-0.11696380472684306,2.472501584212992,-0.048640773590972214,-0.042896192063080214,0.08268790151833444
301,0,-0.2014731467506713,-0.11745599737619972,2.4846403626341447,-0.04819567070215461,-0.10524728739736125,0.08271676334204278
302,0,-0.2030726696497287,-0.11788019060294197,2.4860533605087394,-0.050328934487026175,-0.041762083180746895,0.0877344088261176
303,0,-0.20100006673805276,-0.11651972415384196,2.468811849221117,0.13923960074943384,-0.44409884002342204,0.05324689681339551
304,0,-0.20676029400568544,-0.11832510876796909,2.4920849484902656,-0.036410937612558265,-0.19461256713249844,0.0863315417464429
305,0,-0.20742291751293984,-0.11599534819473516,2.4871642101924016,-0.049583642454210985,-0.04859528810138692,0.08934890502795056
305,0,0.2121167700952985,-0.8618165894162759,3.9177179503541515,-0.16416819160994023,-0.09940523644502605,0.028853383701361576
306,0,-0.20768282505709548,-0.11505124780585979,2.4856061325520487,-0.0462614126284145,-0.07649253691844929,0.0908803602257447
307,0,-0.20514491725752163,-0.11201718990012613,2.469398743041139,0.12397498250284761,-0.4232886763777757,0.06319979956363701
308,0,-0.20648400308391313,-0.11311367960106218,2.477753839317545,-0.05086577620724009,-0.04744021785730856,0.08850368321413368
309,0,-0.20658424386759977,-0.1134462903647842,2.4825560382315,-0.04203203828307539,-0.1939516924386912,0.08704699328739891
310,0,-0.20625796671471588,-0.11349628983546996,2.481511606015765,-0.04574827308824909,-0.1783614979096651,0.08708840986329286
310,0,0.974276358710962,-2.287955324872199,6.6748704872652755,1.149241455940952,0.44454769073144146,0.2764376102619019
311,0,-0.2075780762324224,-0.11344281123173207,2.4772848089058037,-0.043905295214447304,-0.05585490818778979,0.08728967364609368
311,0,0.203086197979607,-0.8397243626233004,3.8593395893948745,-0.20594254856191926,-0.14392290130114993,0.02752130270461014
312,0,-0.21492354266792602,-0.11410654343545781,2.485617595082238,-0.045172921339497955,-0.06799941200474044,0.08495760890594607
313,0,-0.21914899581383218,-0.11129735478964475,2.4779511907156535,0.11237383137488044,-0.41964646701659786,0.061840259286447465
314,0,-0.23098319628711997,-0.11092783195561093,2.487577738173775,-0.05660172985986836,-0.20626291240025627,0.08479807803748343
315,0,-0.23477586364506764,-0.11097036234259577,2.4715995006131672,-0.13489157880232283,-0.1780876402370349,0.07114098883259456
316,0,-0.23527150659822643,-0.11508148450382377,2.4706049238312957,0.35303209747069014,-0.3909563011859954,0.004829012281254023
317,0,-0.23885288893892817,-0.12325568478472543,2.4794104483428088,-0.17947351968743183,0.29874745580957557,0.019808896494664437
318,0,-0.2381689688076035,-0.12670120218651426,2.4847461047088,0.457100172542773,-0.7080969576200075,-0.11407133600861506
318,0,0.17852714583897794,-0.8329833725567171,3.8472452045420282,-0.2050431483342329,-0.12122757816601758,0.02554032969204673
319,0,-0.24397406527927845,-0.13374637492362826,2.5066611865006285,-0.1744745365549345,0.4071222242713111,-0.006320374625003067
320,0,-0.2474140251000385,-0.13800930456385171,2.523314293435055,-0.1871549399194784,0.3310238663103667,-0.005135685068414854
320,0,0.1702774762730391,-0.8337434631747349,3.830725744569291,0.8799732600096752,0.1422431839419573,0.07016593755428396
321,0,-0.25191326536475106,-0.14100248985337388,2.530843541202776,-0.20905943541688762,0.21483913440499175,-0.016144355945239205
322,0,-0.25747444259845753,-0.14083958833929905,2.5337512466409313,-0.2073932436085091,0.0450136287648097,-0.004518140914277859
322,0,0.20400089940372884,-1.0339588975907987,4.41208822608197,0.2651509183641836,0.29444229029043856,0.04908418254288825
323,0,-0.26975159116089287,-0.14040230420728242,2.553311961410485,-0.1644984082401461,-0.16640089243027656,0.025507323242344847
324,0,-0.2865424383418207,-0.14154790598884412,2.571692741609531,-0.05348790080072421,-0.4079445937347501,0.027615268657577866
325,0,-0.29637908245567174,-0.14035091106208442,2.5666566274025406,0.004438042633766407,-0.5167193267446478,0.02532244995142279
325,0,0.16918537574882375,-0.9074758482989458,4.007602289402993,0.8675407847435122,0.13416822382114144,0.01374938971763365
326,0,-0.30224505373965765,-0.14059505706636943,2.563104359605851,0.016880072872012944,-0.5048327481874307,0.025698683971716003
327,0,-0.3181037220907554,-0.13482114356017316,2.556355343843122,0.0414017416474031,-0.6246469554269568,0.01966851041869724
327,0,0.1529583788072932,-0.8663844782494573,3.8860329950807033,-0.3195010994140847,-0.12128643279394802,-0.00989153541208599
328,0,-0.3427062916839375,-0.10733606605628665,2.5297464747299827,-0.008564024426074922,-0.7435464671956112,0.07686250954198845
329,0,0.13189007294568492,-0.9170927906117252,4.046557413135248,-0.1991416693168584,-0.19922063637848772,-0.009645874862123758
329,0,-0.3689474450809476,-0.06240092642247666,2.4806450549815287,-0.23810655087007634,-0.7837775331588931,0.2564713331881335
330,0,-0.37083186952191494,-0.025858205045296925,2.390099037890764,-0.3154209499347848,-0.7099559271312909,0.39532548615379276
331,0,-0.3690951156467548,0.005622956151487864,2.2994492661710195,-0.314913091582435,-0.5940640957660612,0.4997009900110668
332,0,-0.361976418686827,0.01737560979026834,2.2297382911483954,-0.07602146282304469,0.057066288478045644,0.45181420903518926
333,0,-0.3554632059047389,0.005216950273465937,2.176932700239129,-0.1949370487634379,0.04630703466721803,0.463641263699046
334,0,-0.3363179730550257,-0.01099592320107645,2.1018800186407263,-0.3156686967677176,0.23684088194510322,0.39484848251873883
335,0,-0.31440123876319975,-0.01171002712056711,2.0197893944999685,-0.27381213295093587,0.3383542732711339,0.4183862216979686
336,0,-0.29979798670353386,-0.0253172968032502,1.9663305834244689,-0.3431142164591354,0.4858837356160253,0.37760590998972554
337,0,-0.29144405129206574,-0.030166307347896944,1.9295986292214236,-0.34937545715173,0.5634212300402639,0.40230668334174396
338,0,-0.2838926283146792,-0.043356482025107036,1.888826522289979,-0.40204768744068403,0.6869468159439598,0.3903145660886695
338,0,-0.04574127416933068,-0.5259915311813373,3.0816961749463365,-0.179662846202914,0.2871601317335452,0.45803392094700296
361,0,-0.08610299863810836,0.03914275141896727,1.8433927799136403,-0.7555447999890971,0.6190531655640601,0.5501398038733459
362,0,-0.10847915125927962,0.03531213610558435,1.867785439076231,-0.740018558691872,0.49889719024208456,0.6574633349267373
363,0,-0.1443291848935556,0.04320570082025538,1.9268408375419557,-0.8013127184994157,0.48712595925984653,0.692298689057125
364,0,-0.19447530733395718,0.07473846491504024,1.9831911864448906,-0.7887957787305513,0.5792802988600794,0.6822793633496734
367,1,-0.4792717888979194,0.04222317801118186,1.955612918062592,0.2591592009907765,-0.09179602633173811,2.82069297818193
368,1,-0.4774429564091677,0.04855070387460399,1.9865247203596175,0.21965651862675611,0.05298946802942792,3.0451143725726477
369,0,-0.2521144559135374,0.13163498413084135,2.1876405669625227,0.2714127004970417,0.015031262717021139,0.6750319419212806
369,1,-0.4778615262323123,0.05046053692432338,2.034925267848148,0.13186654974303275,0.04243982986072568,3.1224199430918156
370,0,-0.22921962180810465,0.11025290100568869,2.2379293324061793,0.3554035420480676,-0.0277419009261983,0.489494181681185
370,0,0.5626356461916648,-1.2374058700728339,4.394543576141921,-0.41960457834909526,0.4398793220722296,0.8553742352601088
370,1,-0.4672765162258932,0.04635504961003814,2.0814243719011936,0.24905173707898387,1.0057551685922403,-2.9526106961710474
371,0,-0.2004650408226691,0.09682523323810702,2.2707944910561064,0.4512373128141307,0.009930587376946269,0.37706822826966985
371,1,-0.4504282788773182,0.034880154073655294,2.116648674024366,0.7091091121254944,1.219648605656572,-2.491272566790598
372,0,-0.16593866427114087,0.09214975790346105,2.3000447333105467,0.5707993727942304,-0.025729751842303986,0.35910578167694646
373,0,-0.07718936702133836,0.05577736557497164,2.369206684390223,0.4192738508984417,-0.0541370131989533,0.1803838080012462
373,1,0.26907170915537104,-1.2916642544005121,4.552601240113885,0.3127590590354044,0.0472715598096257,3.039970625870242
374,0,-0.061989224896688906,0.03969507766715427,2.3992682660146176,0.3269861463655015,-0.05886700453995832,0.16122210707888945
374,1,0.27000509591818717,-1.2963475161843554,4.5648785530224965,0.30365509364939625,0.05259383031746924,3.0380126229577225
375,0,-0.05477492137424798,0.028148157154827293,2.427570964620057,0.2418911678592538,-0.05492597159311206,0.12298928423885182
375,1,0.2691086583555937,-1.291605991293317,4.552569237737547,0.3078650521940933,0.05011702143932754,3.043787105654666
376,0,-0.048262583978297954,0.019210362634302973,2.473350002263844,0.01602065522228437,-0.10361646477215529,0.08093361644857928
376,1,-0.2764926112619353,-0.10847297972769009,2.264485313382751,0.30348948295103306,0.755582383942936,-3.086697374183313
377,0,0.31360194751536485,-0.6122922827382975,3.610812284755305,0.9601963831440319,0.2141831887059391,0.21206853844414936
377,0,-0.047283927918427233,0.019303037477363165,2.45577666718137,-0.27199560966215863,-0.4634439858096652,0.08478079781009082
377,1,-0.2677207192176489,-0.1146673058279788,2.2888249683621424,0.10293218290277385,0.48464632816372877,3.040738732559358
378,0,-0.051327262516566545,0.027008217340729584,2.4632723563087593,-0.4646620192634348,-0.5637383487353327,0.11848385190916101
378,1,-0.26698273328209504,-0.11123483889770944,2.301238077749451,0.04638800600194152,0.2433158233701462,3.017679183821128
379,0,-0.05240611326854179,0.02772650034321873,2.4750155162381193,-0.5289923544154596,-0.6629684097665719,0.1687623146919589
379,1,-0.26671710584543923,-0.1100469017051415,2.307289228813817,0.053106842096339195,0.16535167591516128,3.0102695817715377
380,0,-0.05042851357846872,0.02662075143711083,2.4773687693350004,-0.4873864450329985,-0.6412389731319142,0.14197014383015122
380,1,-0.2778294896868721,-0.10578630562505245,2.3221821253302135,0.02692666688788919,0.3790595469161516,3.0495780138554074
381,0,-0.050957068215585474,0.02828489642767244,2.471948878308403,-0.4308524509113259,-0.635183833142139,0.1420329282486154
381,1,-0.2860329105640796,-0.10434852329960825,2.3300597714445903,0.06635344459613036,0.5235912156865712,3.082487489323979
381,1,0.07453127796457917,-0.7062671613724649,3.386367342966216,0.27601625967456334,0.23375419947427908,3.0077651293622796
382,0,-0.05677403711367256,0.03237809277994562,2.4721738274561513,-0.401143570363699,-0.6341197249104317,0.13739263418014763
382,1,-0.2963032579429732,-0.10229695294421512,2.327567618888918,0.2274823782922588,0.6716461933451019,-3.1012367485446743
383,0,-0.06427700523614037,0.03814204419976536,2.474272449389014,-0.40563504227087344,-0.6337125802045492,0.13570616112547282
383,1,-0.30162675853278204,-0.09770081326010503,2.326048401658211,0.21082426918064556,0.6885314900368792,-3.109645017140415
384,0,-0.07131725703381343,0.04204557582066504,2.476495322088731,-0.3968632537813455,-0.6450651779423113,0.153543090382647
384,1,-0.31093007249322696,-0.09016440586274434,2.328579581377414,0.19441461474485675,0.7434391266854429,-3.084416610357779
385,0,-0.07599751250947834,0.042143576831399875,2.4807806947955156,-0.4007605690323251,-0.6521033172558,0.16289979439051108
385,1,-0.3180099584558455,-0.08948151165780147,2.333086844607119,0.21980654873489233,0.8480587868941007,-3.03850269343279
386,0,-0.08002769450828215,0.04055097744303583,2.4832672615041838,-0.40771512190938536,-0.6557287972744207,0.1609710765742727
386,0,0.37248673613765326,-0.7068159628659468,3.875880073393142,-0.2795858201614153,-0.4492504070052368,-0.027788504790131008
386,1,-0.3230815019472272,-0.08981140226311868,2.3344296226114967,0.26704133799478674,0.9412352089936412,-2.9981583219781758
387,0,-0.08202911846534747,0.03808269382681908,2.4824241322357135,-0.3796792224949851,-0.6459319008613407,0.14933356943888298
387,1,-0.32376222490124307,-0.09139768090109275,2.333060309246148,0.2719487838893964,0.9700358513960361,-3.0158180579393865
388,0,-0.0841735783393784,0.036947749571248356,2.4791709056622846,-0.35979582808073407,-0.6472761132572775,0.1458796743121833
388,1,-0.32341483776396,-0.09056786961979812,2.3223999399403805,0.2770521781117122,0.9489352597533921,-3.018771736545252
389,0,-0.08598908483751742,0.03782459846710354,2.4753789488251616,-0.36982718804353765,-0.6470687631285515,0.1471249435645067
389,1,-0.32435299783688354,-0.09052814546522098,2.3196690964667948,0.31537820575425796,0.9574278992258771,-2.989887336845647
390,0,0.35114537543348073,-0.6999748488999856,3.8778358967051454,-0.29926913881985584,-0.4588875264570551,-0.014978569000363297
390,0,-0.08876517991406285,0.03761611705512907,2.4770518154150007,-0.3670515607615551,-0.6524480211831719,0.14564684291445856
390,1,-0.3227440042668855,-0.09161791578158587,2.313558510981977,0.3110206921747925,0.9606821539115337,-3.002808287238525
391,0,-0.08910309512542457,0.036474213301527524,2.4734716023035865,-0.3689009997889017,-0.650143368143627,0.14385772295438712
391,1,-0.32273459785529707,-0.09284762508246082,2.313816114045685,0.2887439926646472,0.9844941125406914,-3.017838399400805
392,0,-0.08787581098402655,0.03537857923055457,2.467601088983188,-0.35873737520927224,-0.6445484756447826,0.1382658675318005
392,1,-0.32300310285887035,-0.09207064892679995,2.3101939275151864,0.30907500321216136,0.9991482077136908,-2.9928905779538515
393,0,-0.08675106634784907,0.034644529300467915,2.46809231246217,-0.34620957032521865,-0.6432010023759063,0.13358300382031663
393,1,-0.32316976116470886,-0.09211995483128457,2.3102852569036774,0.29545374752211023,0.9873803697516733,-3.0043441814490524
394,0,-0.08503223155147697,0.034121485382349784,2.4682979598218546,-0.35023684666739513,-0.6417083634782288,0.12932576142884614
394,1,-0.3197532079827332,-0.0909913858980962,2.304320898957987,0.27652634425641365,0.9898079977934617,-3.032338604429373
395,0,-0.08269681186971091,0.03486710310795999,2.460392657113739,-0.3508334381535182,-0.6337910117094031,0.11797560670012915
395,1,-0.31881028261866723,-0.08700113119823369,2.301694917645062,0.29418137853909576,0.9630463174129951,-3.0270392872152483
396,0,-0.08074483395655764,0.03741612223545507,2.4587615462125503,-0.3185367733424556,-0.6022144205402595,0.11604972300056164
396,1,-0.3194771236177015,-0.08107758837568894,2.30193993510683,0.39785451103892405,0.9857847427190379,-2.9827378121284394
397,0,-0.08234553272066165,0.04500290650895821,2.444272983379011,-0.36693065726034924,-0.5859070215059846,0.12735616093378982
397,1,-0.3222484849756714,-0.061656524620066294,2.285068980025505,0.5865319254787467,1.0576385242125466,-2.8362454088374336
398,0,-0.08593813888042204,0.06078717171714506,2.4197616779341873,-0.4881011539904808,-0.5554850759355051,0.18569718157679835
398,1,-0.3358763938071988,-0.023435479047757387,2.250516744006812,0.8754592136945736,1.012966541211353,-2.5714038063581177
399,0,-0.08617940308547861,0.07424517981749487,2.394105925560826,-0.587211019260673,-0.48939809687995106,0.2553663039058284
399,1,-0.34783136105877965,-0.0009089319953293692,2.203331728382441,1.0172005272018154,0.9275551673010588,-2.367825839069213
400,0,-0.08876671485863587,0.09461853215757815,2.3465026269910387,-0.6813574230643784,-0.3758542682119365,0.3980925910856065
400,1,-0.36531457369138504,0.02538451111892918,2.1229050334830406,1.2085285959827714,0.8532119807297716,-2.0906210856532783
401,0,-0.09781817049074856,0.12246208589635743,2.3039206280576554,-0.8830599017587074,-0.21852144668706902,0.604996493498359
401,1,-0.3817909026250436,0.04372195962232679,2.034742787876307,1.3715694086306245,0.7536208048136482,-1.913022399302183
402,0,-0.11498910882857433,0.1331482912644336,2.2543735177171396,-1.122822138549485,-0.15105754879306826,0.7610301389879707
403,0,-0.12101508836052832,0.12343487987290494,2.19143334804585,-1.224076721170338,0.022277330914808186,0.7209198648207193
404,0,-0.1254248606203629,0.11278318039265668,2.1613638977286667,-1.2220579618053575,0.074668712493346,0.689718816495177
405,0,-0.1316415126072736,0.09876327606601785,2.092591359552243,-1.2651978720836117,0.2118800554310806,0.6429608796890571
406,0,-0.13650902080965444,0.08513658752296845,2.0251935557061493,-1.3205540566199443,0.344811598202126,0.5857078704496296
407,0,-0.14189734125685383,0.07607263189885664,1.9865833876000765,-1.3208303692466277,0.42926089355663566,0.5383404858151528
408,0,0.9833588259924745,-1.8319155360636143,5.9787822670379125,-0.45944379652483003,-0.23125244446736348,0.1575878389700473
408,0,-0.15533079008232586,0.06379632992675688,1.9314339009789552,-1.3041157941345056,0.5755992905166494,0.4656379179904288
