#{"config": {"calib_path_resolved": "/Users/Andreas/Desktop/ptl24_marker/common/calib/calib.yaml", "cli_overrides": ["adapt", "camera", "config", "debug_metrics", "ekf", "ema_alpha", "extrinsics", "fps", "height", "hud", "print_tilt", "ransac", "rig", "save_poses", "use_weighted_se3", "video", "width"], "config_path": "/Users/Andreas/Desktop/ptl24_marker/phase_b/config.yaml", "extrinsics_path_resolved": "/Users/Andreas/Desktop/ptl24_marker/common/extrinsics/T_WC.yaml", "rig_path_resolved": "/Users/Andreas/Desktop/ptl24_marker/phase_b/rigs/cyl_dotec.yaml", "runtime": {"bench": {"print_every": 60}, "fuse": {"axis_len_m": 0.1, "ema_alpha": 0.25, "use_weighted_se3": true}, "health": {"max_tilt_jump_deg": 15.0}, "hud": {"enabled": true}, "logging": {"debug_metrics_csv": "phase_b/v2/debug_dotec_check_fixed.csv", "poses_csv": "phase_b/v2/poses_dotec_check_fixed.csv"}, "ransac": {"A_ref_px2": 12000.0, "adaptive": true, "base_rot_deg": 5.0, "base_trans_m": 0.05, "min_inliers": 3, "rot_max_deg": 5.0, "trans_max_m": 0.05}, "video": {"device": "1", "fps": 30.0, "height": 1080, "width": 1920}}, "yaml": {"bench": {"print_every": 60}, "fuse": {"axis_len_m": 0.1, "ema_alpha": 0.3, "use_weighted_se3": true}, "health": {"max_tilt_jump_deg": 15}, "hud": {"enabled": true}, "logging": {"debug_metrics_csv": "phase_b/debug_metrics.csv", "poses_csv": "phase_b/poses.csv"}, "ransac": {"A_ref_px2": 12000, "adaptive": false, "base_rot_deg": 5, "base_trans_m": 0.05, "min_inliers": 3, "rot_max_deg": 5, "trans_max_m": 0.05}, "video": {"device": 2, "fps": 30, "height": 1080, "width": 1920}}}, "files": {"camera_calib": {"path": "/Users/Andreas/Desktop/ptl24_marker/common/calib/calib.yaml", "sha256": "c2358bacf28a6591aaf65f8d832640b19ad5b1890d970b886436236dc31287b9"}, "config": {"path": "/Users/Andreas/Desktop/ptl24_marker/phase_b/config.yaml", "sha256": "9c664548f0c4998345c599764857540af456008cc4bf230d90b575c908eaec28"}, "extrinsics": {"path": "/Users/Andreas/Desktop/ptl24_marker/common/extrinsics/T_WC.yaml", "sha256": "e7415bd66c3a3842c2084b1fa44211f2193186de41427a973ef5d4ea38406b81"}, "rig": {"path": "/Users/Andreas/Desktop/ptl24_marker/phase_b/rigs/cyl_dotec.yaml", "sha256": "9736191d05aabb632fd2ee895ca3674d0f4aef8ce615de526d190722fdc258ff"}}, "git_commit": null, "timestamp": 1765815025.306452}
t,fps,n_visible,n_inliers,mean_reproj,ransac_score,weight_min,weight_max,tilt_deg,mean_tag_area_px2,mean_view_cos,mean_reproj_px,ransac_trans_eff,ransac_rot_eff,n_unknown_ids,n_mirror_discards
1765815026.737297,69.023,6,6,45.041,2.46959,0.039,0.380,44.827,1897.4,0.6200,45.041,0.1257,12.574,0,0
1765815027.229030,0.760,6,6,45.102,2.46278,0.038,0.382,45.324,1901.6,0.6203,45.102,0.1256,12.560,0,0
1765815027.711845,2.200,6,6,45.136,2.46490,0.038,0.377,45.757,1903.3,0.6202,45.136,0.1255,12.555,0,0
1765815028.009184,1.974,6,6,45.061,2.46568,0.039,0.381,46.047,1901.3,0.6204,45.061,0.1256,12.561,0,0
1765815028.257539,3.401,6,6,45.150,2.46558,0.038,0.377,46.333,1903.2,0.6197,45.150,0.1256,12.555,0,0
1765815028.512892,4.150,7,7,45.004,2.62435,0.034,0.341,48.436,1846.5,0.6123,45.004,0.1147,11.472,0,0
1765815028.785487,4.133,6,6,45.126,2.46415,0.039,0.377,48.160,1902.2,0.6205,45.126,0.1256,12.558,0,0
1765815029.073257,3.457,6,6,45.108,2.46480,0.039,0.380,47.911,1902.1,0.6205,45.108,0.1256,12.559,0,0
1765815029.380541,3.703,6,6,45.138,2.46914,0.039,0.378,47.754,1901.3,0.6198,45.138,0.1256,12.561,0,0
1765815029.765276,3.347,6,6,45.138,2.46673,0.039,0.377,47.656,1901.4,0.6197,45.138,0.1256,12.561,0,0
1765815030.011414,2.510,6,6,45.134,2.46606,0.039,0.378,47.557,1900.8,0.6189,45.134,0.1256,12.563,0,0
1765815030.243352,4.316,6,6,45.118,2.46701,0.038,0.378,47.490,1900.1,0.6192,45.118,0.1257,12.565,0,0
1765815030.544693,3.950,7,7,44.991,2.62345,0.034,0.334,49.488,1844.2,0.6127,44.991,0.1148,11.479,0,0
1765815030.963307,3.401,6,6,45.147,2.46491,0.038,0.375,48.998,1903.4,0.6203,45.147,0.1255,12.555,0,0
1765815031.191527,2.385,6,6,45.122,2.46584,0.038,0.378,48.568,1901.0,0.6199,45.122,0.1256,12.562,0,0
1765815031.476922,4.261,6,6,45.143,2.46233,0.038,0.379,48.245,1902.5,0.6200,45.143,0.1256,12.558,0,0
1765815031.819037,3.751,6,6,45.115,2.46377,0.038,0.381,47.981,1901.6,0.6201,45.115,0.1256,12.560,0,0
1765815032.087562,2.737,6,6,45.131,2.46346,0.038,0.382,47.776,1902.3,0.6201,45.131,0.1256,12.558,0,0
1765815032.311451,3.720,6,6,45.139,2.46457,0.038,0.376,47.669,1902.4,0.6203,45.139,0.1256,12.558,0,0
1765815032.517197,5.033,6,6,45.123,2.46532,0.038,0.381,47.553,1901.3,0.6201,45.123,0.1256,12.561,0,0
1765815032.758440,4.958,6,6,45.134,2.46487,0.039,0.380,47.453,1902.1,0.6203,45.134,0.1256,12.559,0,0
1765815033.005873,3.754,6,6,45.137,2.46542,0.038,0.378,47.410,1903.4,0.6201,45.137,0.1255,12.554,0,0
1765815033.261293,4.296,6,6,45.147,2.46400,0.038,0.377,47.389,1903.0,0.6198,45.147,0.1256,12.556,0,0
1765815033.534110,3.762,6,6,45.129,2.46670,0.038,0.377,47.384,1903.2,0.6198,45.129,0.1256,12.555,0,0
1765815033.810698,3.781,6,6,45.117,2.46600,0.038,0.381,47.329,1902.7,0.6201,45.117,0.1256,12.557,0,0
1765815034.093798,3.704,6,6,45.134,2.46476,0.038,0.379,47.313,1902.8,0.6202,45.134,0.1256,12.556,0,0
1765815034.399562,3.326,6,6,45.137,2.46271,0.038,0.379,47.286,1903.0,0.6203,45.137,0.1256,12.556,0,0
1765815034.648323,3.317,7,7,44.943,2.62889,0.034,0.336,49.333,1844.2,0.6125,44.943,0.1148,11.479,0,0
1765815034.870522,4.352,7,7,44.938,2.63066,0.034,0.337,50.940,1844.0,0.6124,44.938,0.1148,11.480,0,0
1765815035.095843,4.274,6,6,45.086,2.46885,0.038,0.378,50.048,1900.4,0.6193,45.086,0.1256,12.564,0,0
1765815035.313174,4.346,7,7,44.951,2.62668,0.034,0.337,51.543,1845.0,0.6126,44.951,0.1148,11.477,0,0
1765815035.601485,5.005,7,7,44.919,2.62867,0.034,0.334,52.724,1844.5,0.6126,44.919,0.1148,11.478,0,0
1765815035.897782,3.290,7,7,44.954,2.62775,0.034,0.339,53.609,1844.8,0.6129,44.954,0.1148,11.477,0,0
1765815036.241093,3.474,6,6,45.075,2.46841,0.039,0.383,51.968,1900.4,0.6201,45.075,0.1256,12.564,0,0
1765815036.458263,2.889,7,7,44.954,2.62771,0.034,0.338,53.003,1845.6,0.6134,44.954,0.1147,11.475,0,0
1765815036.682094,4.347,7,7,44.970,2.62638,0.034,0.335,53.874,1845.1,0.6127,44.970,0.1148,11.476,0,0
1765815036.912398,4.318,6,6,45.083,2.46602,0.038,0.384,52.168,1901.2,0.6196,45.083,0.1256,12.562,0,0
1765815037.135671,4.859,7,7,44.951,2.62753,0.034,0.340,53.127,1844.7,0.6131,44.951,0.1148,11.477,0,0
1765815037.361610,4.445,6,6,45.115,2.46435,0.038,0.377,51.712,1902.5,0.6198,45.115,0.1256,12.557,0,0
1765815037.691171,4.168,6,6,45.144,2.46666,0.038,0.378,50.646,1903.1,0.6198,45.144,0.1256,12.555,0,0
1765815037.972328,2.989,6,6,45.147,2.46294,0.038,0.378,49.841,1902.8,0.6196,45.147,0.1256,12.556,0,0
1765815038.311588,3.763,6,6,45.146,2.46347,0.038,0.379,49.227,1902.1,0.6196,45.146,0.1256,12.559,0,0
1765815038.581510,2.913,6,6,45.133,2.46498,0.038,0.377,48.796,1901.9,0.6197,45.133,0.1256,12.559,0,0
1765815038.797637,3.936,6,6,45.140,2.46552,0.038,0.377,48.450,1902.0,0.6198,45.140,0.1256,12.559,0,0
1765815039.023638,4.229,6,6,45.140,2.46417,0.038,0.377,48.186,1901.9,0.6195,45.140,0.1256,12.559,0,0
1765815039.388043,4.293,7,7,44.999,2.62398,0.034,0.335,50.070,1846.3,0.6129,44.999,0.1147,11.472,0,0
1765815039.631882,2.714,7,7,44.926,2.62855,0.034,0.343,51.449,1843.0,0.6129,44.926,0.1148,11.483,0,0
1765815039.834626,4.372,6,6,45.086,2.47118,0.039,0.384,50.345,1899.5,0.6200,45.086,0.1257,12.567,0,0
1765815040.046754,4.915,6,6,45.074,2.46726,0.039,0.384,49.509,1900.2,0.6203,45.074,0.1256,12.565,0,0
1765815040.255936,4.805,6,6,45.075,2.46893,0.039,0.385,48.892,1900.1,0.6199,45.075,0.1257,12.565,0,0
1765815040.465056,5.199,7,7,44.953,2.62844,0.034,0.340,50.552,1845.5,0.6124,44.953,0.1147,11.475,0,0
1765815040.699083,4.361,7,7,44.960,2.62788,0.034,0.340,51.898,1845.6,0.6126,44.960,0.1147,11.475,0,0
1765815040.924078,4.211,7,1,45.130,0.18520,1.000,1.000,51.898,2361.6,0.7785,45.130,0.1148,11.475,0,0
1765815041.181242,4.264,7,7,44.936,2.62863,0.035,0.340,52.921,1845.7,0.6127,44.936,0.1147,11.474,0,0
1765815041.428471,4.350,7,7,44.922,2.62782,0.035,0.340,53.724,1844.7,0.6129,44.922,0.1148,11.477,0,0
1765815041.659100,3.734,6,6,45.086,2.46654,0.039,0.383,52.041,1901.6,0.6199,45.086,0.1256,12.560,0,0
1765815041.976001,3.876,7,7,44.935,2.62649,0.035,0.342,52.997,1844.4,0.6130,44.935,0.1148,11.478,0,0
1765815042.185578,3.619,7,7,44.941,2.62925,0.034,0.342,53.755,1843.8,0.6128,44.941,0.1148,11.480,0,0
1765815042.412400,4.344,7,7,44.937,2.62769,0.034,0.341,54.377,1844.5,0.6126,44.937,0.1148,11.478,0,0
1765815042.597183,5.173,7,7,44.936,2.62781,0.034,0.338,54.908,1844.5,0.6126,44.936,0.1148,11.478,0,0
1765815042.877056,4.860,7,7,44.934,2.62730,0.034,0.340,55.267,1844.5,0.6132,44.934,0.1148,11.478,0,0
1765815043.133360,3.709,7,7,44.953,2.62759,0.034,0.338,55.600,1844.6,0.6129,44.953,0.1148,11.478,0,0
1765815043.455128,3.799,7,7,44.931,2.62662,0.034,0.340,55.813,1844.9,0.6127,44.931,0.1148,11.477,0,0
1765815362.453963,59.876,6,6,44.926,2.50174,0.036,0.385,45.508,1876.5,0.6196,44.926,0.1264,12.644,0,0
1765815362.700330,6.010,7,1,45.295,0.18733,1.000,1.000,45.508,2371.3,0.7807,45.295,0.1146,11.462,0,0
1765815363.095154,4.131,6,6,45.098,2.46696,0.039,0.383,45.793,1901.0,0.6200,45.098,0.1256,12.562,0,0
1765815363.278995,2.822,6,6,45.121,2.46502,0.039,0.377,46.119,1899.6,0.6200,45.121,0.1257,12.567,0,0
1765815363.469228,4.934,6,6,45.031,2.46798,0.039,0.383,46.276,1895.8,0.6198,45.031,0.1258,12.580,0,0
1765815363.660458,5.156,6,6,45.061,2.46768,0.039,0.379,46.451,1895.7,0.6193,45.061,0.1258,12.580,0,0
1765815363.825142,5.944,6,6,45.044,2.47148,0.039,0.380,46.561,1896.0,0.6196,45.044,0.1258,12.579,0,0
1765815364.002865,5.856,6,6,45.048,2.47540,0.039,0.382,46.618,1896.1,0.6196,45.048,0.1258,12.578,0,0
1765815364.177134,5.688,6,6,45.025,2.47165,0.040,0.382,46.621,1897.4,0.6199,45.025,0.1257,12.574,0,0
1765815364.366607,5.217,6,6,45.078,2.46840,0.039,0.383,46.663,1898.6,0.6191,45.078,0.1257,12.570,0,0
1765815364.566892,6.079,6,6,45.115,2.46563,0.039,0.378,46.764,1899.3,0.6195,45.115,0.1257,12.568,0,0
1765815364.745025,4.904,6,6,45.069,2.46452,0.039,0.383,46.782,1898.7,0.6195,45.069,0.1257,12.570,0,0
1765815364.927062,5.985,6,6,45.049,2.46902,0.039,0.384,46.778,1897.5,0.6194,45.049,0.1257,12.574,0,0
1765815365.167272,5.033,6,6,45.054,2.46911,0.039,0.384,46.766,1897.3,0.6191,45.054,0.1257,12.575,0,0
1765815365.588011,3.735,6,6,45.066,2.46724,0.039,0.385,46.745,1896.8,0.6196,45.066,0.1258,12.576,0,0
1765815365.807887,2.504,6,6,45.052,2.46623,0.039,0.381,46.800,1897.4,0.6196,45.052,0.1257,12.574,0,0
1767715267.389994,15.016,1,1,81.254,0.00000,1.000,1.000,0.000,6820.6,0.7755,81.254,0.0862,8.622,0,0,1,1,0,0,0,,,,,,,,NO_POSE,0,,0,8.270,0.404,60.183,3.736,0.016,0.502,0.000,54.768,0.000,128.066
1767715267.754751,10.114,2,2,78.974,0.81648,0.450,0.550,0.000,6871.2,0.8322,78.974,0.0859,8.590,0,0,2,2,0,0,0,,,,,,,,NO_POSE,0,,0,39.290,0.391,58.854,0.364,0.718,0.281,0.000,27.476,0.000,127.629
1767715267.916164,15.026,2,2,80.628,0.80190,0.456,0.544,0.000,7143.0,0.8410,80.628,0.0842,8.425,0,0,2,2,0,0,0,,,,,,,,NO_POSE,0,,0,7.022,0.353,58.191,0.265,0.587,0.183,0.000,25.452,0.000,92.198
1767715268.028610,10.080,1,1,82.759,0.00000,1.000,1.000,0.000,6637.5,0.8471,82.759,0.0874,8.740,0,0,1,1,0,0,0,,,,,,,,NO_POSE,0,,0,13.916,0.480,59.033,0.203,0.005,0.189,0.000,38.334,0.000,112.317
1767715268.307719,6.171,2,2,80.120,0.78594,0.489,0.511,0.000,7110.0,0.8462,80.120,0.0844,8.444,0,0,2,2,0,0,0,,,,,,,,NO_POSE,0,,0,63.536,1.897,182.694,0.458,0.658,0.205,0.000,29.366,0.000,278.998
1767715268.485415,4.292,3,3,81.813,1.30579,0.274,0.375,69.723,6978.2,0.8032,81.813,0.0656,6.557,0,0,3,3,0,0,0,,,,,,,,OK,0,"104,105,106",1,17.386,0.461,93.082,0.367,41.266,0.375,0.000,23.879,0.340,177.547
1767715268.578376,6.037,2,2,81.994,0.77447,0.499,0.501,69.723,7358.9,0.8728,81.994,0.0830,8.300,0,0,2,2,0,0,0,,,,,,,,HOLD_PREV_POSE,0,"104,105,106",1,5.361,0.293,62.051,0.250,0.562,0.205,0.000,23.877,0.066,92.842
1767715268.674615,10.136,1,1,83.280,0.00000,1.000,1.000,69.723,6725.3,0.8801,83.280,0.0868,8.683,0,0,1,1,0,0,0,,,,,,,,HOLD_PREV_POSE,0,"104,105,106",1,11.031,0.398,58.695,0.203,0.005,0.231,0.000,25.294,0.064,96.094
1767715268.775427,10.048,1,1,84.930,0.00000,1.000,1.000,69.723,6883.4,0.8853,84.930,0.0858,8.582,0,0,1,1,0,0,0,,,,,,,,HOLD_PREV_POSE,0,"104,105,106",1,14.350,0.369,61.170,0.212,0.005,0.224,0.000,24.136,0.057,100.705
1767715268.917715,10.168,3,3,81.291,1.21789,0.296,0.373,69.891,6941.4,0.8280,81.291,0.0657,6.574,0,0,3,3,0,0,0,,,,,,,,OK,0,"104,105,106",1,11.870,0.260,64.487,0.334,40.458,0.383,0.000,24.130,0.056,142.164
1767715269.052398,7.570,3,3,81.717,1.23235,0.286,0.364,70.348,6945.2,0.8255,81.717,0.0657,6.572,0,0,3,3,0,0,0,,,,,,,,OK,0,"104,105,106",1,1.687,0.298,68.085,0.297,39.744,0.355,0.000,23.876,0.062,134.572
1767715269.224308,6.068,3,3,80.903,1.23690,0.301,0.371,70.339,6842.4,0.8268,80.903,0.0662,6.621,0,0,3,3,0,0,0,,,,,,,,OK,0,"104,105,106",1,31.821,0.238,74.551,0.313,40.278,0.351,0.000,24.026,0.062,171.814
1767715269.350149,6.050,2,2,81.065,0.78862,0.463,0.537,70.339,7144.5,0.8782,81.065,0.0842,8.424,0,0,2,2,0,0,0,,,,,,,,HOLD_PREV_POSE,0,"104,105,106",1,25.214,0.513,72.360,0.312,0.629,0.230,0.000,26.207,0.087,125.749
1767715269.493536,7.535,2,2,80.286,0.77793,0.479,0.521,70.339,7066.2,0.8718,80.286,0.0847,8.471,0,0,2,2,0,0,0,,,,,,,,HOLD_PREV_POSE,0,"104,105,106",1,32.073,0.392,84.938,0.319,0.584,0.215,0.000,24.459,0.071,143.286
1767715269.614787,7.593,2,2,78.720,1.48085,0.478,0.522,70.339,6176.4,0.7896,78.720,0.0906,9.060,0,0,2,2,0,0,0,,,,,,,,HOLD_PREV_POSE,0,"104,105,106",1,20.381,0.286,75.747,0.264,0.575,0.204,0.000,23.448,0.062,121.138
1767715269.779907,7.618,3,3,79.363,1.25778,0.294,0.357,70.921,6576.8,0.8223,79.363,0.0675,6.754,0,0,3,3,0,0,0,,,,,,,,OK,0,"104,105,106",1,30.410,0.274,68.669,0.346,41.071,0.371,0.000,23.637,0.044,165.025
1767715269.938693,6.010,3,3,78.510,1.25247,0.312,0.352,71.181,6525.0,0.8204,78.510,0.0678,6.781,0,0,3,3,0,0,0,,,,,,,,OK,0,"104,105,106",1,31.686,0.256,61.337,0.337,40.753,0.345,0.000,23.745,0.059,158.698
1767715270.071683,7.555,3,3,78.402,1.24996,0.313,0.351,71.528,6412.3,0.8224,78.402,0.0684,6.840,0,0,3,3,0,0,0,,,,,,,,OK,0,"104,105,106",1,5.259,0.227,62.223,0.360,40.512,0.357,0.000,23.725,0.059,132.890
1767715270.204988,7.600,3,3,78.376,1.25552,0.328,0.343,71.900,6398.2,0.8226,78.376,0.0685,6.848,0,0,3,3,0,0,0,,,,,,,,OK,0,"104,105,106",1,3.862,0.403,63.178,0.320,40.794,0.355,0.000,24.076,0.053,133.214
1767715270.338452,7.560,3,3,78.185,1.26109,0.314,0.352,72.108,6392.4,0.8212,78.185,0.0685,6.851,0,0,3,3,0,0,0,,,,,,,,OK,0,"104,105,106",1,2.831,0.261,64.469,0.297,40.419,0.361,0.000,24.506,0.053,133.367
1767715270.503350,6.090,3,3,78.308,1.26587,0.318,0.345,72.421,6351.2,0.8227,78.308,0.0687,6.873,0,0,3,3,0,0,0,,,,,,,,OK,0,"104,105,106",1,33.572,0.402,64.993,0.337,41.011,0.348,0.000,23.889,0.065,164.806
1767715270.622722,6.011,1,1,78.075,0.00000,1.000,1.000,72.421,6007.5,0.8367,78.075,0.0919,9.187,0,0,1,1,0,0,0,,,,,,,,HOLD_PREV_POSE,0,"104,105,106",1,35.008,0.260,59.718,0.176,0.005,0.210,0.000,23.672,0.053,119.266
1767715270.950360,14.836,1,1,32.149,0.00000,1.000,1.000,72.421,3107.0,0.4732,32.149,0.1277,12.774,0,0,1,1,0,0,0,,,,,,,,HOLD_PREV_POSE,0,"104,105,106",1,11.895,0.211,57.310,0.178,0.004,0.200,0.000,23.554,0.058,93.580
1767715272.831765,14.969,2,2,40.111,2.53845,0.135,0.865,72.421,1938.5,0.3616,40.111,0.1617,16.172,0,0,2,2,0,0,0,,,,,,,,HOLD_PREV_POSE,0,"104,105,106",1,11.240,0.231,57.016,0.269,0.577,0.199,0.000,23.721,0.048,93.468
1767715691.426460,33288.127,2,2,45.477,2.99400,0.066,0.934,0.000,1267.9,0.2253,45.477,0.2000,19.997,0,0,2,2,0,0,0,,,,,,,,NO_POSE,0,,0,0.016,2.037,267.372,81.667,2.370,0.545,0.000,219.707,0.000,574.456
1767715692.313868,1.610,2,2,45.444,2.99286,0.064,0.936,0.000,1268.9,0.2273,45.444,0.1999,19.989,0,0,2,2,0,0,0,,,,,,,,NO_POSE,0,,0,45.668,1.576,745.087,3.273,3.279,1.217,0.000,81.291,0.000,886.561
1767715692.624838,1.146,2,2,45.367,2.99628,0.067,0.933,0.000,1266.7,0.2282,45.367,0.2001,20.006,0,0,2,2,0,0,0,,,,,,,,NO_POSE,0,,0,30.973,0.893,218.868,0.749,1.497,0.479,0.000,56.621,0.000,310.423
1767715692.896229,3.349,2,2,45.425,2.99737,0.068,0.932,0.000,1271.1,0.2277,45.425,0.1997,19.972,0,0,2,2,0,0,0,,,,,,,,NO_POSE,0,,0,18.932,0.802,210.098,0.433,0.932,0.405,0.000,39.315,0.000,271.180
1767715693.134349,3.792,2,2,45.518,2.99694,0.068,0.932,0.000,1268.8,0.2272,45.518,0.1999,19.990,0,0,2,2,0,0,0,,,,,,,,NO_POSE,0,,0,11.254,0.602,128.442,0.468,1.146,0.366,0.000,95.354,0.000,237.905
1767715693.363174,3.827,2,2,45.435,2.99650,0.065,0.935,0.000,1268.0,0.2277,45.435,0.2000,19.996,0,0,2,2,0,0,0,,,,,,,,NO_POSE,0,,0,34.485,0.484,154.949,0.479,1.100,0.355,0.000,36.539,0.000,228.647
1767715693.559440,5.029,2,2,45.428,2.99448,0.066,0.934,0.000,1270.2,0.2280,45.428,0.1998,19.978,0,0,2,2,0,0,0,,,,,,,,NO_POSE,0,,0,4.538,0.741,152.157,0.507,1.126,0.363,0.000,36.409,0.000,196.115
1767715693.694260,5.060,2,2,45.454,2.98954,0.062,0.938,0.000,1268.0,0.2261,45.454,0.2000,19.996,0,0,2,2,0,0,0,,,,,,,,NO_POSE,0,,0,5.901,0.704,96.392,0.390,0.900,0.286,0.000,29.885,0.000,134.670
1767715693.805605,7.640,2,2,45.387,2.99478,0.065,0.935,0.000,1268.5,0.2284,45.387,0.1999,19.992,0,0,2,2,0,0,0,,,,,,,,NO_POSE,0,,0,2.008,1.074,79.263,0.368,0.917,0.277,0.000,27.134,0.000,111.228
1767715693.920587,7.584,2,2,45.495,2.99285,0.064,0.936,0.000,1269.7,0.2281,45.495,0.1998,19.983,0,0,2,2,0,0,0,,,,,,,,NO_POSE,0,,0,22.527,0.426,65.093,0.287,0.673,0.209,0.000,25.487,0.000,114.866
1767715694.077306,6.076,2,2,45.268,3.00210,0.071,0.929,0.000,1264.6,0.2277,45.268,0.2002,20.023,0,0,2,2,0,0,0,,,,,,,,NO_POSE,0,,0,72.118,0.360,58.845,0.267,0.602,0.186,0.000,24.053,0.000,156.607
1767715694.183020,10.187,2,2,45.363,2.99424,0.064,0.936,0.000,1268.3,0.2270,45.363,0.1999,19.993,0,0,2,2,0,0,0,,,,,,,,NO_POSE,0,,0,13.586,0.274,65.197,0.292,0.611,0.188,0.000,25.309,0.000,105.621
1767715694.279733,9.864,2,2,45.197,3.00003,0.065,0.935,0.000,1262.6,0.2263,45.197,0.2004,20.038,0,0,2,2,0,0,0,,,,,,,,NO_POSE,0,,0,9.246,0.752,61.156,0.323,0.635,0.199,0.000,24.129,0.000,96.615
1767715694.388810,10.343,2,2,45.154,3.00117,0.066,0.934,0.000,1261.1,0.2280,45.154,0.2005,20.050,0,0,2,2,0,0,0,,,,,,,,NO_POSE,0,,0,9.234,0.448,71.695,0.315,0.681,0.212,0.000,26.237,0.000,108.994
1767715694.581434,7.502,2,2,44.837,3.00284,0.074,0.926,0.000,1248.8,0.2291,44.837,0.2015,20.149,0,0,2,2,0,0,0,,,,,,,,NO_POSE,0,,0,33.449,0.343,115.534,0.576,1.417,0.436,0.000,40.464,0.000,192.520
1767715694.729534,6.029,2,2,44.655,3.01759,0.103,0.897,0.000,1234.1,0.2246,44.655,0.2027,20.269,0,0,2,2,0,0,0,,,,,,,,NO_POSE,0,,0,6.640,0.797,107.456,0.443,1.108,0.351,0.000,30.897,0.000,147.939
1767715694.841002,6.110,1,1,37.056,0.00000,1.000,1.000,0.000,1458.5,0.2513,37.056,0.1864,18.644,0,0,1,1,0,0,0,,,,,,,,NO_POSE,0,,0,22.256,0.299,62.940,0.242,0.007,0.216,0.000,25.208,0.000,111.349
1767715695.375779,10.115,2,2,48.328,0.83375,0.453,0.547,0.000,2484.2,0.8517,48.328,0.1429,14.286,0,0,2,2,0,0,0,,,,,,,,NO_POSE,0,,0,32.766,0.307,70.112,0.315,0.685,0.209,0.000,24.229,0.000,128.789
1767715695.518436,10.107,5,5,46.492,2.90186,0.045,0.551,47.128,1935.7,0.6444,46.492,0.1245,12.449,0,0,5,5,0,0,0,,,,,,,,OK,0,"105,106,107,201,202",1,2.833,0.424,70.776,0.433,42.470,0.423,0.000,23.680,1.154,142.562
