#{"config": {"calib_path_resolved": "/Users/Andreas/Desktop/ptl24_marker/common/calib/calib_c920_1280x720.yaml", "cli_overrides": ["camera", "config", "debug_metrics", "ekf", "ema_alpha", "extrinsics", "fps", "height", "hud", "print_tilt", "rig", "save_poses", "use_weighted_se3", "video", "width"], "config_path": "/Users/Andreas/Desktop/ptl24_marker/phase_b/config.yaml", "extrinsics_path_resolved": "/Users/Andreas/Desktop/ptl24_marker/common/extrinsics/T_WC_c920_1280x720.yaml", "rig_path_resolved": "/Users/Andreas/Desktop/ptl24_marker/phase_b/rigs/cyl_dotec.yaml", "runtime": {"bench": {"print_every": 60}, "fuse": {"axis_len_m": 0.1, "ema_alpha": 0.25, "use_weighted_se3": true}, "health": {"max_tilt_jump_deg": 15.0}, "hud": {"enabled": true}, "logging": {"debug_metrics_csv": "phase_b/v2/debug_dotec_c920_720p.csv", "poses_csv": "phase_b/v2/poses_dotec_c920_720p.csv"}, "ransac": {"A_ref_px2": 12000.0, "adaptive": false, "base_rot_deg": 5.0, "base_trans_m": 0.05, "min_inliers": 3, "rot_max_deg": 5.0, "trans_max_m": 0.05}, "video": {"device": "0", "fps": 30.0, "height": 720, "width": 1280}}, "yaml": {"bench": {"print_every": 60}, "fuse": {"axis_len_m": 0.1, "ema_alpha": 0.3, "use_weighted_se3": true}, "health": {"max_tilt_jump_deg": 15}, "hud": {"enabled": true}, "logging": {"debug_metrics_csv": "phase_b/debug_metrics.csv", "poses_csv": "phase_b/poses.csv"}, "ransac": {"A_ref_px2": 12000, "adaptive": false, "base_rot_deg": 5, "base_trans_m": 0.05, "min_inliers": 3, "rot_max_deg": 5, "trans_max_m": 0.05}, "video": {"device": 2, "fps": 30, "height": 1080, "width": 1920}}}, "files": {"camera_calib": {"path": "/Users/Andreas/Desktop/ptl24_marker/common/calib/calib_c920_1280x720.yaml", "sha256": "573557a42826c5380bc3867f2f28b81a7f2be3c4fe86e1273e5a2173b39064b9"}, "config": {"path": "/Users/Andreas/Desktop/ptl24_marker/phase_b/config.yaml", "sha256": "9c664548f0c4998345c599764857540af456008cc4bf230d90b575c908eaec28"}, "extrinsics": {"path": "/Users/Andreas/Desktop/ptl24_marker/common/extrinsics/T_WC_c920_1280x720.yaml", "sha256": "277bbcc38f32afb31f41ecb04e2b07da41211799d8d67942ddf0073810bc1809"}, "rig": {"path": "/Users/Andreas/Desktop/ptl24_marker/phase_b/rigs/cyl_dotec.yaml", "sha256": "f0fd590bf211070dbb1b2c6b32f4041175f33703203978255bdee60a8b77b6ef"}}, "git_commit": null, "timestamp": 1766251439.63643}
t,fps,n_visible,n_inliers,mean_reproj,ransac_score,weight_min,weight_max,tilt_deg,mean_tag_area_px2,mean_view_cos,mean_reproj_px,ransac_trans_eff,ransac_rot_eff,n_unknown_ids,n_mirror_discards
1766251439.822756,35544.949,7,7,23.647,0.00000,0.033,0.331,76.280,575.3,0.6486,23.647,0.0500,5.000,0,0
1766251440.144494,6.826,5,5,25.029,0.00000,0.056,0.289,88.574,621.7,0.6956,25.029,0.0500,5.000,0,0
1766251440.323503,3.363,7,7,23.602,0.00000,0.032,0.329,85.537,575.5,0.6489,23.602,0.0500,5.000,0,0
1766251440.428743,6.098,7,7,23.635,0.00000,0.033,0.328,83.277,576.0,0.6490,23.635,0.0500,5.000,0,0
1766251440.566192,10.284,7,7,23.626,0.00000,0.033,0.332,81.447,575.1,0.6485,23.626,0.0500,5.000,0,0
1766251440.732878,5.040,7,7,23.636,0.00000,0.033,0.328,80.171,575.4,0.6472,23.636,0.0500,5.000,0,0
1766251440.822977,10.114,7,7,23.643,0.00000,0.033,0.330,79.159,575.4,0.6484,23.643,0.0500,5.000,0,0
1766251440.920744,10.124,7,7,23.632,0.00000,0.033,0.330,78.420,575.0,0.6480,23.632,0.0500,5.000,0,0
1766251441.024199,10.101,7,7,23.645,0.00000,0.033,0.329,77.976,576.0,0.6485,23.645,0.0500,5.000,0,0
1766251441.133408,10.144,7,7,23.639,0.00000,0.033,0.328,77.617,575.2,0.6479,23.639,0.0500,5.000,0,0
1766251441.242669,7.575,7,7,23.661,0.00000,0.033,0.332,77.332,575.2,0.6484,23.661,0.0500,5.000,0,0
1766251441.333039,10.121,7,7,23.649,0.00000,0.033,0.330,77.176,575.1,0.6482,23.649,0.0500,5.000,0,0
1766251441.433866,9.988,7,7,23.655,0.00000,0.033,0.328,77.037,575.3,0.6480,23.655,0.0500,5.000,0,0
1766251441.533551,10.189,7,7,23.656,0.00000,0.033,0.333,76.797,575.7,0.6483,23.656,0.0500,5.000,0,0
1766251441.630390,10.019,7,7,23.653,0.00000,0.033,0.332,76.713,575.7,0.6480,23.653,0.0500,5.000,0,0
1766251441.727646,10.161,7,7,23.620,0.00000,0.033,0.331,76.627,575.6,0.6483,23.620,0.0500,5.000,0,0
1766251441.862237,7.641,7,7,23.644,0.00000,0.033,0.332,76.504,575.4,0.6484,23.644,0.0500,5.000,0,0
1766251441.965289,9.993,7,7,23.649,0.00000,0.033,0.332,76.451,575.2,0.6483,23.649,0.0500,5.000,0,0
1766251442.072136,10.086,7,7,23.667,0.00000,0.033,0.332,76.422,575.7,0.6486,23.667,0.0500,5.000,0,0
1766251442.173271,10.138,7,7,23.633,0.00000,0.033,0.330,76.356,575.7,0.6485,23.633,0.0500,5.000,0,0
1766251442.275314,10.040,7,7,23.631,0.00000,0.033,0.329,76.402,575.2,0.6489,23.631,0.0500,5.000,0,0
1766251442.379536,10.179,7,7,23.620,0.00000,0.033,0.330,76.328,574.9,0.6481,23.620,0.0500,5.000,0,0
1766251442.491438,10.064,7,7,23.666,0.00000,0.033,0.333,76.259,575.8,0.6475,23.666,0.0500,5.000,0,0
1766251442.622601,7.319,7,7,23.618,0.00000,0.033,0.332,76.240,575.5,0.6483,23.618,0.0500,5.000,0,0
1766251442.740365,7.796,7,7,23.630,0.00000,0.033,0.330,76.264,575.1,0.6484,23.630,0.0500,5.000,0,0
1766251442.872289,10.115,7,7,23.630,0.00000,0.032,0.331,76.276,575.3,0.6488,23.630,0.0500,5.000,0,0
1766251442.963255,7.598,7,7,23.650,0.00000,0.033,0.330,76.311,575.3,0.6486,23.650,0.0500,5.000,0,0
1766251443.056970,10.111,7,7,23.637,0.00000,0.033,0.332,76.309,575.3,0.6487,23.637,0.0500,5.000,0,0
1766251443.152867,10.041,7,7,23.640,0.00000,0.033,0.331,76.353,575.4,0.6486,23.640,0.0500,5.000,0,0
1766251443.267471,10.253,7,7,23.647,0.00000,0.033,0.330,76.416,575.2,0.6485,23.647,0.0500,5.000,0,0
1766251443.352016,10.012,7,7,23.630,0.00000,0.032,0.331,76.393,575.6,0.6482,23.630,0.0500,5.000,0,0
1766251443.461421,10.085,7,7,23.634,0.00000,0.033,0.330,76.459,574.9,0.6488,23.634,0.0500,5.000,0,0
1766251443.555148,10.143,7,7,23.628,0.00000,0.033,0.331,76.458,575.9,0.6488,23.628,0.0500,5.000,0,0
1766251443.712856,6.078,7,7,23.642,0.00000,0.033,0.329,76.531,575.8,0.6483,23.642,0.0500,5.000,0,0
1766251443.810828,10.007,7,7,23.656,0.00000,0.033,0.331,76.492,575.6,0.6487,23.656,0.0500,5.000,0,0
1766251443.904323,10.064,7,7,23.622,0.00000,0.032,0.329,76.472,575.0,0.6482,23.622,0.0500,5.000,0,0
1766251443.965350,15.124,7,7,23.628,0.00000,0.033,0.330,76.444,575.2,0.6480,23.628,0.0500,5.000,0,0
1766251444.029815,15.129,7,7,23.650,0.00000,0.033,0.331,76.434,575.4,0.6478,23.650,0.0500,5.000,0,0
1766251444.098862,15.276,7,7,23.626,0.00000,0.033,0.331,76.450,575.2,0.6480,23.626,0.0500,5.000,0,0
1766251444.162797,15.104,7,7,23.644,0.00000,0.033,0.333,76.355,576.0,0.6487,23.644,0.0500,5.000,0,0
1766251444.230562,15.028,7,7,23.620,0.00000,0.032,0.331,76.344,575.0,0.6486,23.620,0.0500,5.000,0,0
1766251444.293964,15.446,7,7,23.657,0.00000,0.033,0.333,76.278,575.3,0.6480,23.657,0.0500,5.000,0,0
1766251444.360508,14.963,7,7,23.625,0.00000,0.032,0.331,76.297,575.1,0.6481,23.625,0.0500,5.000,0,0
1766251444.426955,15.139,7,7,23.649,0.00000,0.032,0.331,76.369,575.5,0.6488,23.649,0.0500,5.000,0,0
1766251444.493052,15.169,7,7,23.618,0.00000,0.033,0.330,76.429,574.8,0.6480,23.618,0.0500,5.000,0,0
1766251444.556847,15.277,7,7,23.641,0.00000,0.033,0.330,76.424,575.9,0.6488,23.641,0.0500,5.000,0,0
1766251444.624641,14.986,7,7,23.638,0.00000,0.033,0.330,76.371,575.8,0.6484,23.638,0.0500,5.000,0,0
1766251444.689859,15.123,7,7,23.615,0.00000,0.033,0.330,76.410,575.4,0.6487,23.615,0.0500,5.000,0,0
1766251444.758014,15.261,7,7,23.656,0.00000,0.032,0.331,76.360,575.7,0.6479,23.656,0.0500,5.000,0,0
1766251444.827184,15.413,7,7,23.656,0.00000,0.033,0.331,76.389,575.6,0.6489,23.656,0.0500,5.000,0,0
1766251444.895074,15.144,7,7,23.647,0.00000,0.033,0.332,76.391,575.7,0.6481,23.647,0.0500,5.000,0,0
1766251445.006505,10.075,7,7,23.630,0.00000,0.033,0.330,76.398,575.5,0.6496,23.630,0.0500,5.000,0,0
1766251445.121101,7.613,7,7,23.628,0.00000,0.033,0.330,76.374,575.0,0.6480,23.628,0.0500,5.000,0,0
1766251445.193473,15.036,7,7,23.637,0.00000,0.033,0.331,76.407,575.3,0.6487,23.637,0.0500,5.000,0,0
1766251445.283237,10.170,7,7,23.643,0.00000,0.033,0.330,76.384,575.2,0.6486,23.643,0.0500,5.000,0,0
1766251445.350968,15.100,7,7,23.628,0.00000,0.033,0.330,76.341,575.3,0.6487,23.628,0.0500,5.000,0,0
1766251445.415286,15.117,7,7,23.630,0.00000,0.033,0.331,76.333,575.0,0.6482,23.630,0.0500,5.000,0,0
1766251445.482340,15.071,7,7,23.629,0.00000,0.032,0.331,76.361,575.7,0.6489,23.629,0.0500,5.000,0,0
1766251445.551930,15.118,7,7,23.642,0.00000,0.033,0.331,76.395,574.9,0.6488,23.642,0.0500,5.000,0,0
1766251445.620853,15.268,7,7,23.642,0.00000,0.032,0.330,76.463,575.7,0.6487,23.642,0.0500,5.000,0,0
1766251445.686068,14.967,7,7,23.630,0.00000,0.033,0.330,76.449,574.9,0.6480,23.630,0.0500,5.000,0,0
1766251445.749376,15.372,7,7,23.634,0.00000,0.033,0.329,76.512,575.2,0.6492,23.634,0.0500,5.000,0,0
1766251445.824271,15.017,7,7,23.638,0.00000,0.033,0.330,76.549,575.2,0.6491,23.638,0.0500,5.000,0,0
1766251445.917730,10.114,7,7,23.647,0.00000,0.033,0.332,76.516,575.6,0.6478,23.647,0.0500,5.000,0,0
1766251445.982513,14.900,7,7,23.637,0.00000,0.033,0.330,76.443,575.2,0.6480,23.637,0.0500,5.000,0,0
1766251446.048667,15.272,7,7,23.629,0.00000,0.033,0.329,76.479,575.6,0.6480,23.629,0.0500,5.000,0,0
1766251446.117820,14.999,7,7,23.633,0.00000,0.033,0.330,76.464,575.7,0.6482,23.633,0.0500,5.000,0,0
1766251446.214672,10.104,7,7,23.636,0.00000,0.033,0.330,76.430,575.8,0.6488,23.636,0.0500,5.000,0,0
1766251446.287459,15.451,7,7,23.641,0.00000,0.033,0.331,76.474,576.1,0.6492,23.641,0.0500,5.000,0,0
1766251446.383104,9.976,7,7,23.655,0.00000,0.033,0.332,76.431,576.0,0.6488,23.655,0.0500,5.000,0,0
1766251446.503337,7.677,7,7,23.640,0.00000,0.033,0.331,76.391,575.1,0.6488,23.640,0.0500,5.000,0,0
1766251446.571686,14.664,7,7,23.641,0.00000,0.033,0.332,76.429,575.2,0.6482,23.641,0.0500,5.000,0,0
1766251446.633370,15.700,7,7,23.647,0.00000,0.033,0.330,76.450,575.3,0.6487,23.647,0.0500,5.000,0,0
1766251446.699118,14.764,7,7,23.609,0.00000,0.033,0.330,76.458,575.2,0.6488,23.609,0.0500,5.000,0,0
1766251446.764597,15.223,7,7,23.646,0.00000,0.033,0.330,76.440,575.2,0.6481,23.646,0.0500,5.000,0,0
1766251446.832825,15.044,7,7,23.628,0.00000,0.033,0.331,76.449,575.0,0.6485,23.628,0.0500,5.000,0,0
1766251446.901323,15.181,7,7,23.630,0.00000,0.033,0.332,76.394,575.4,0.6480,23.630,0.0500,5.000,0,0
1766251446.967074,15.102,7,7,23.636,0.00000,0.033,0.331,76.426,575.1,0.6488,23.636,0.0500,5.000,0,0
1766251447.035135,15.065,7,7,23.643,0.00000,0.033,0.331,76.431,575.2,0.6487,23.643,0.0500,5.000,0,0
1766251447.098991,15.139,7,7,23.629,0.00000,0.033,0.330,76.454,575.0,0.6484,23.629,0.0500,5.000,0,0
1766251447.166061,15.166,7,7,23.620,0.00000,0.033,0.329,76.514,575.2,0.6484,23.620,0.0500,5.000,0,0
1766251447.236752,15.432,7,7,23.636,0.00000,0.032,0.332,76.464,575.9,0.6488,23.636,0.0500,5.000,0,0
1766251447.308650,14.881,7,7,23.632,0.00000,0.032,0.331,76.475,575.6,0.6489,23.632,0.0500,5.000,0,0
1766251447.402560,10.254,7,7,23.644,0.00000,0.033,0.331,76.436,575.4,0.6490,23.644,0.0500,5.000,0,0
1766251447.465192,14.909,7,7,23.650,0.00000,0.033,0.332,76.424,575.6,0.6485,23.650,0.0500,5.000,0,0
1766251447.529817,15.057,7,7,23.637,0.00000,0.032,0.329,76.465,575.0,0.6482,23.637,0.0500,5.000,0,0
1766251447.594366,15.606,7,7,23.639,0.00000,0.033,0.331,76.465,575.8,0.6486,23.639,0.0500,5.000,0,0
1766251447.666622,15.087,7,7,23.621,0.00000,0.033,0.329,76.493,575.5,0.6490,23.621,0.0500,5.000,0,0
1766251447.769772,10.134,7,7,23.630,0.00000,0.033,0.330,76.494,575.3,0.6491,23.630,0.0500,5.000,0,0
1766251447.923566,6.039,7,7,23.634,0.00000,0.033,0.330,76.446,575.4,0.6479,23.634,0.0500,5.000,0,0
1766251447.989588,15.200,7,7,23.639,0.00000,0.033,0.332,76.369,575.2,0.6478,23.639,0.0500,5.000,0,0
1766251448.056492,15.101,7,7,23.643,0.00000,0.033,0.333,76.312,575.4,0.6488,23.643,0.0500,5.000,0,0
1766251448.119519,15.241,7,7,23.659,0.00000,0.033,0.330,76.334,575.6,0.6488,23.659,0.0500,5.000,0,0
1766251448.188307,15.293,7,7,23.627,0.00000,0.033,0.329,76.383,575.2,0.6488,23.627,0.0500,5.000,0,0
1766251448.252140,14.933,7,7,23.649,0.00000,0.033,0.331,76.352,575.7,0.6487,23.649,0.0500,5.000,0,0
1766251448.317773,15.193,7,7,23.632,0.00000,0.033,0.331,76.307,575.3,0.6494,23.632,0.0500,5.000,0,0
1766251448.386144,15.200,7,7,23.633,0.00000,0.033,0.332,76.242,575.0,0.6479,23.633,0.0500,5.000,0,0
1766251448.452598,15.152,7,7,23.643,0.00000,0.033,0.331,76.286,575.5,0.6488,23.643,0.0500,5.000,0,0
1766251448.520433,15.026,7,7,23.644,0.00000,0.033,0.331,76.298,576.2,0.6491,23.644,0.0500,5.000,0,0
1766251448.593165,15.289,7,7,23.630,0.00000,0.033,0.329,76.392,575.2,0.6484,23.630,0.0500,5.000,0,0
1766251448.699112,9.440,7,7,23.614,0.00000,0.033,0.332,76.282,575.5,0.6485,23.614,0.0500,5.000,0,0
1766251448.787897,10.835,7,7,23.626,0.00000,0.032,0.328,76.402,575.1,0.6480,23.626,0.0500,5.000,0,0
1766251448.852314,14.905,7,7,23.636,0.00000,0.033,0.330,76.434,575.2,0.6481,23.636,0.0500,5.000,0,0
1766251448.918122,15.270,7,7,23.631,0.00000,0.033,0.330,76.445,575.3,0.6484,23.631,0.0500,5.000,0,0
1766251448.982954,15.191,7,7,23.632,0.00000,0.033,0.331,76.371,575.1,0.6490,23.632,0.0500,5.000,0,0
1766251449.053159,14.934,7,7,23.640,0.00000,0.033,0.332,76.366,575.5,0.6490,23.640,0.0500,5.000,0,0
1766251449.118627,15.205,7,7,23.636,0.00000,0.033,0.330,76.380,575.2,0.6495,23.636,0.0500,5.000,0,0
1766251449.190858,15.013,7,7,23.636,0.00000,0.032,0.332,76.326,575.0,0.6485,23.636,0.0500,5.000,0,0
1766251449.311196,7.685,7,7,23.651,0.00000,0.033,0.333,76.296,575.3,0.6482,23.651,0.0500,5.000,0,0
1766251449.373808,15.057,7,7,23.657,0.00000,0.033,0.331,76.271,575.8,0.6483,23.657,0.0500,5.000,0,0
1766251449.441824,15.328,7,7,23.629,0.00000,0.033,0.330,76.280,575.5,0.6482,23.629,0.0500,5.000,0,0
1766251449.512893,15.015,7,7,23.670,0.00000,0.033,0.331,76.313,575.6,0.6484,23.670,0.0500,5.000,0,0
1766251449.571249,15.376,7,7,23.643,0.00000,0.033,0.332,76.288,575.9,0.6484,23.643,0.0500,5.000,0,0
1766251449.639192,15.010,7,7,23.639,0.00000,0.032,0.331,76.268,575.2,0.6479,23.639,0.0500,5.000,0,0
1766251449.703996,15.301,7,7,23.645,0.00000,0.033,0.331,76.184,575.3,0.6483,23.645,0.0500,5.000,0,0
1766251449.772779,14.745,7,7,23.648,0.00000,0.033,0.330,76.247,575.5,0.6492,23.648,0.0500,5.000,0,0
1766251449.838538,15.357,7,7,23.632,0.00000,0.033,0.331,76.277,575.0,0.6479,23.632,0.0500,5.000,0,0
1766251449.904483,15.089,7,7,23.630,0.00000,0.033,0.332,76.240,575.6,0.6488,23.630,0.0500,5.000,0,0
1766251449.969270,14.694,7,7,23.633,0.00000,0.033,0.331,76.249,575.2,0.6484,23.633,0.0500,5.000,0,0
1766251450.032023,15.301,7,7,23.624,0.00000,0.033,0.330,76.324,574.9,0.6483,23.624,0.0500,5.000,0,0
1766251450.097259,15.304,7,7,23.640,0.00000,0.032,0.331,76.393,575.8,0.6482,23.640,0.0500,5.000,0,0
1766251450.171536,14.942,7,7,23.639,0.00000,0.032,0.331,76.435,576.1,0.6489,23.639,0.0500,5.000,0,0
1766251450.226642,15.538,7,7,23.632,0.00000,0.033,0.331,76.407,575.3,0.6484,23.632,0.0500,5.000,0,0
1766251450.299452,15.114,7,7,23.638,0.00000,0.033,0.331,76.402,575.3,0.6492,23.638,0.0500,5.000,0,0
1766251450.360353,15.480,7,7,23.629,0.00000,0.033,0.330,76.367,575.1,0.6483,23.629,0.0500,5.000,0,0
1766251450.431818,14.866,7,7,23.653,0.00000,0.033,0.332,76.349,575.4,0.6490,23.653,0.0500,5.000,0,0
1766251450.498458,15.422,7,7,23.633,0.00000,0.033,0.330,76.426,575.6,0.6483,23.633,0.0500,5.000,0,0
1766251450.562651,15.050,7,7,23.627,0.00000,0.033,0.331,76.465,575.6,0.6491,23.627,0.0500,5.000,0,0
1766251450.630269,15.129,7,7,23.643,0.00000,0.033,0.332,76.465,575.8,0.6488,23.643,0.0500,5.000,0,0
1766251450.721637,10.046,7,7,23.634,0.00000,0.033,0.329,76.436,575.2,0.6481,23.634,0.0500,5.000,0,0
1766251450.789013,15.154,7,7,23.654,0.00000,0.033,0.332,76.411,575.4,0.6482,23.654,0.0500,5.000,0,0
1766251450.887660,15.272,7,7,23.650,0.00000,0.033,0.331,76.423,575.3,0.6486,23.650,0.0500,5.000,0,0
1766251450.954870,9.967,7,7,23.604,0.00000,0.033,0.330,76.402,574.7,0.6486,23.604,0.0500,5.000,0,0
1766251451.021743,15.205,7,7,23.647,0.00000,0.033,0.331,76.390,575.6,0.6485,23.647,0.0500,5.000,0,0
1766251451.086242,15.443,7,7,23.611,0.00000,0.033,0.330,76.427,574.6,0.6483,23.611,0.0500,5.000,0,0
1766251451.150937,15.140,7,7,23.622,0.00000,0.033,0.329,76.437,574.9,0.6482,23.622,0.0500,5.000,0,0
1766251451.217895,15.149,7,7,23.636,0.00000,0.033,0.331,76.369,575.2,0.6482,23.636,0.0500,5.000,0,0
1766251451.285649,14.967,7,7,23.636,0.00000,0.033,0.330,76.428,575.4,0.6490,23.636,0.0500,5.000,0,0
1766251451.350508,15.068,7,7,23.646,0.00000,0.033,0.332,76.427,575.4,0.6483,23.646,0.0500,5.000,0,0
1766251451.418603,15.430,7,7,23.611,0.00000,0.033,0.329,76.423,575.5,0.6485,23.611,0.0500,5.000,0,0
1766251451.510009,14.976,7,7,23.618,0.00000,0.033,0.330,76.417,575.0,0.6485,23.618,0.0500,5.000,0,0
1766251451.630123,9.452,7,7,23.635,0.00000,0.033,0.331,76.386,575.3,0.6487,23.635,0.0500,5.000,0,0
1766251451.727337,7.925,7,7,23.633,0.00000,0.033,0.330,76.412,575.1,0.6483,23.633,0.0500,5.000,0,0
1766251451.833037,10.015,7,7,23.628,0.00000,0.033,0.331,76.318,574.8,0.6487,23.628,0.0500,5.000,0,0
1766251451.921050,10.201,7,7,23.645,0.00000,0.033,0.330,76.374,575.6,0.6490,23.645,0.0500,5.000,0,0
1766251451.989354,15.349,7,7,23.628,0.00000,0.033,0.330,76.416,575.4,0.6493,23.628,0.0500,5.000,0,0
1766251452.123922,7.558,7,7,23.631,0.00000,0.033,0.331,76.297,575.0,0.6482,23.631,0.0500,5.000,0,0
1766251452.268965,8.233,7,7,23.648,0.00000,0.033,0.329,76.419,575.4,0.6485,23.648,0.0500,5.000,0,0
1766251452.340233,9.112,7,7,23.642,0.00000,0.033,0.331,76.374,575.3,0.6486,23.642,0.0500,5.000,0,0
1766251452.405478,15.343,7,7,23.645,0.00000,0.033,0.330,76.401,575.5,0.6486,23.645,0.0500,5.000,0,0
1766251452.472075,14.965,7,7,23.649,0.00000,0.033,0.332,76.367,575.6,0.6485,23.649,0.0500,5.000,0,0
1766251452.539521,15.200,7,7,23.635,0.00000,0.033,0.331,76.322,575.0,0.6478,23.635,0.0500,5.000,0,0
1766251452.604216,15.118,7,7,23.629,0.00000,0.033,0.330,76.374,575.2,0.6499,23.629,0.0500,5.000,0,0
1766251452.698086,15.125,7,7,23.635,0.00000,0.032,0.331,76.294,575.7,0.6478,23.635,0.0500,5.000,0,0
1766251452.775793,10.211,7,7,23.653,0.00000,0.033,0.333,76.307,575.6,0.6487,23.653,0.0500,5.000,0,0
1766251452.836290,15.101,7,7,23.637,0.00000,0.033,0.330,76.294,575.5,0.6480,23.637,0.0500,5.000,0,0
1766251452.899866,15.151,7,7,23.629,0.00000,0.033,0.330,76.354,575.1,0.6487,23.629,0.0500,5.000,0,0
1766251452.967753,15.133,7,7,23.628,0.00000,0.033,0.330,76.340,575.1,0.6480,23.628,0.0500,5.000,0,0
1766251453.032375,15.256,7,7,23.635,0.00000,0.033,0.331,76.376,575.2,0.6488,23.635,0.0500,5.000,0,0
1766251453.097511,15.318,7,7,23.645,0.00000,0.033,0.330,76.378,575.2,0.6491,23.645,0.0500,5.000,0,0
1766251453.163975,15.043,7,7,23.644,0.00000,0.033,0.331,76.415,575.6,0.6487,23.644,0.0500,5.000,0,0
1766251453.239353,15.160,7,7,23.638,0.00000,0.033,0.331,76.497,575.4,0.6488,23.638,0.0500,5.000,0,0
1766251453.304165,15.105,7,7,23.649,0.00000,0.033,0.332,76.441,575.6,0.6484,23.649,0.0500,5.000,0,0
1766251453.374533,15.181,7,7,23.640,0.00000,0.033,0.332,76.431,575.4,0.6488,23.640,0.0500,5.000,0,0
1766251453.457321,14.534,7,7,23.636,0.00000,0.033,0.331,76.443,576.0,0.6488,23.636,0.0500,5.000,0,0
1766251453.561584,10.092,7,7,23.627,0.00000,0.033,0.330,76.397,575.3,0.6498,23.627,0.0500,5.000,0,0
1766251453.683255,10.291,7,7,23.649,0.00000,0.033,0.332,76.330,575.6,0.6490,23.649,0.0500,5.000,0,0
1766251453.933444,7.492,7,7,23.648,0.00000,0.033,0.331,76.389,575.2,0.6486,23.648,0.0500,5.000,0,0
1766251454.001464,4.349,7,7,23.647,0.00000,0.033,0.332,76.350,575.3,0.6484,23.647,0.0500,5.000,0,0
1766251454.107742,10.083,7,7,23.629,0.00000,0.033,0.332,76.313,575.8,0.6495,23.629,0.0500,5.000,0,0
1766251454.192751,10.246,7,7,23.613,0.00000,0.033,0.331,76.314,575.0,0.6482,23.613,0.0500,5.000,0,0
1766251454.259946,15.157,7,7,23.630,0.00000,0.033,0.330,76.352,575.1,0.6488,23.630,0.0500,5.000,0,0
1766251454.324936,15.295,7,7,23.624,0.00000,0.032,0.329,76.408,574.8,0.6484,23.624,0.0500,5.000,0,0
1766251454.389208,14.516,7,7,23.627,0.00000,0.033,0.331,76.401,575.1,0.6486,23.627,0.0500,5.000,0,0
1766251454.454413,15.542,7,7,23.637,0.00000,0.032,0.330,76.391,575.1,0.6479,23.637,0.0500,5.000,0,0
1766251454.518841,15.237,7,7,23.626,0.00000,0.032,0.330,76.421,575.0,0.6486,23.626,0.0500,5.000,0,0
1766251454.585748,15.181,7,7,23.632,0.00000,0.032,0.332,76.433,575.4,0.6496,23.632,0.0500,5.000,0,0
1766251454.688064,14.104,7,7,23.660,0.00000,0.033,0.331,76.370,576.2,0.6480,23.660,0.0500,5.000,0,0
1766251454.782927,10.589,7,7,23.640,0.00000,0.033,0.331,76.366,575.5,0.6491,23.640,0.0500,5.000,0,0
1766251455.035598,6.025,7,7,23.638,0.00000,0.033,0.333,76.271,575.1,0.6483,23.638,0.0500,5.000,0,0
1766251455.145491,5.043,7,7,23.635,0.00000,0.033,0.331,76.266,574.9,0.6479,23.635,0.0500,5.000,0,0
1766251455.256708,10.018,7,7,23.644,0.00000,0.033,0.330,76.297,575.6,0.6475,23.644,0.0500,5.000,0,0
1766251455.425308,7.699,7,7,23.612,0.00000,0.033,0.329,76.365,574.5,0.6481,23.612,0.0500,5.000,0,0
1766251455.532631,6.053,7,7,23.643,0.00000,0.033,0.331,76.249,576.0,0.6474,23.643,0.0500,5.000,0,0
1766251455.652994,7.522,7,7,23.646,0.00000,0.032,0.331,76.345,575.4,0.6482,23.646,0.0500,5.000,0,0
1766251455.761873,10.300,7,7,23.632,0.00000,0.033,0.331,76.371,575.3,0.6492,23.632,0.0500,5.000,0,0
1766251455.853000,10.119,7,7,23.653,0.00000,0.033,0.331,76.399,575.1,0.6485,23.653,0.0500,5.000,0,0
1766251455.947624,10.094,7,7,23.639,0.00000,0.033,0.330,76.405,574.7,0.6483,23.639,0.0500,5.000,0,0
1766251456.010303,15.211,7,7,23.645,0.00000,0.033,0.330,76.412,575.4,0.6487,23.645,0.0500,5.000,0,0
1766251456.080137,15.097,7,7,23.637,0.00000,0.033,0.331,76.440,575.8,0.6489,23.637,0.0500,5.000,0,0
1766251456.145524,15.121,7,7,23.625,0.00000,0.032,0.331,76.410,575.0,0.6490,23.625,0.0500,5.000,0,0
1766251456.208890,15.140,7,7,23.634,0.00000,0.033,0.329,76.421,575.3,0.6488,23.634,0.0500,5.000,0,0
1766251456.334245,7.522,7,7,23.646,0.00000,0.033,0.331,76.451,575.3,0.6487,23.646,0.0500,5.000,0,0
1766251456.397038,15.463,7,7,23.675,0.00000,0.032,0.333,76.453,575.5,0.6483,23.675,0.0500,5.000,0,0
1766251456.465513,14.748,7,7,23.639,0.00000,0.033,0.331,76.440,575.2,0.6487,23.639,0.0500,5.000,0,0
1766251456.528289,15.464,7,7,23.641,0.00000,0.033,0.332,76.406,575.3,0.6476,23.641,0.0500,5.000,0,0
1766251456.595053,15.105,7,7,23.644,0.00000,0.033,0.332,76.343,575.5,0.6487,23.644,0.0500,5.000,0,0
1766251456.667194,15.317,7,7,23.637,0.00000,0.032,0.331,76.322,575.6,0.6483,23.637,0.0500,5.000,0,0
1766251456.728884,15.005,7,7,23.619,0.00000,0.033,0.329,76.333,575.0,0.6481,23.619,0.0500,5.000,0,0
1766251456.794064,15.159,7,7,23.651,0.00000,0.033,0.331,76.387,576.1,0.6490,23.651,0.0500,5.000,0,0
1766251456.860746,15.043,7,7,23.637,0.00000,0.033,0.330,76.414,575.1,0.6476,23.637,0.0500,5.000,0,0
1766251456.927109,15.225,7,7,23.630,0.00000,0.033,0.330,76.412,575.1,0.6484,23.630,0.0500,5.000,0,0
1766251456.992395,15.195,7,7,23.620,0.00000,0.033,0.329,76.449,575.2,0.6486,23.620,0.0500,5.000,0,0
1766251457.058315,15.127,7,7,23.629,0.00000,0.033,0.330,76.424,574.8,0.6483,23.629,0.0500,5.000,0,0
1766251457.126644,15.135,7,7,23.628,0.00000,0.033,0.330,76.448,575.0,0.6484,23.628,0.0500,5.000,0,0
1766251457.191128,15.146,7,7,23.650,0.00000,0.032,0.332,76.380,575.5,0.6491,23.650,0.0500,5.000,0,0
1766251457.256019,15.162,7,7,23.635,0.00000,0.033,0.331,76.359,575.4,0.6490,23.635,0.0500,5.000,0,0
1766251457.321169,14.879,7,7,23.636,0.00000,0.033,0.331,76.376,575.4,0.6497,23.636,0.0500,5.000,0,0
1766251457.389131,15.470,7,7,23.625,0.00000,0.033,0.330,76.303,575.3,0.6485,23.625,0.0500,5.000,0,0
1766251457.457363,15.064,7,7,23.645,0.00000,0.033,0.332,76.281,575.5,0.6488,23.645,0.0500,5.000,0,0
1766251457.526074,14.979,7,7,23.628,0.00000,0.033,0.330,76.346,575.6,0.6483,23.628,0.0500,5.000,0,0
1766251457.591607,15.366,7,7,23.621,0.00000,0.033,0.330,76.356,574.9,0.6489,23.621,0.0500,5.000,0,0
1766251457.720798,7.474,7,7,23.614,0.00000,0.033,0.329,76.388,575.3,0.6477,23.614,0.0500,5.000,0,0
1766251457.782546,15.756,7,7,23.618,0.00000,0.032,0.329,76.347,575.2,0.6482,23.618,0.0500,5.000,0,0
1766251457.849136,15.060,7,7,23.654,0.00000,0.033,0.330,76.378,575.5,0.6488,23.654,0.0500,5.000,0,0
1766251457.918759,15.019,7,7,23.634,0.00000,0.033,0.332,76.332,575.2,0.6495,23.634,0.0500,5.000,0,0
1766251457.982012,15.141,7,7,23.626,0.00000,0.033,0.330,76.336,574.7,0.6481,23.626,0.0500,5.000,0,0
1766251458.049871,14.792,7,7,23.663,0.00000,0.033,0.331,76.367,575.8,0.6481,23.663,0.0500,5.000,0,0
1766251458.114647,15.252,7,7,23.621,0.00000,0.033,0.330,76.364,575.1,0.6484,23.621,0.0500,5.000,0,0
1766251458.180368,15.369,7,7,23.643,0.00000,0.033,0.331,76.344,575.3,0.6488,23.643,0.0500,5.000,0,0
1766251458.246604,15.251,7,7,23.634,0.00000,0.033,0.330,76.409,575.3,0.6480,23.634,0.0500,5.000,0,0
1766251458.313435,14.964,7,7,23.636,0.00000,0.033,0.328,76.433,575.3,0.6484,23.636,0.0500,5.000,0,0
1766251458.379591,15.529,7,7,23.651,0.00000,0.033,0.331,76.413,575.5,0.6490,23.651,0.0500,5.000,0,0
1766251458.443727,14.954,7,7,23.640,0.00000,0.032,0.330,76.378,576.1,0.6475,23.640,0.0500,5.000,0,0
1766251458.510239,15.281,7,7,23.640,0.00000,0.033,0.332,76.367,575.3,0.6487,23.640,0.0500,5.000,0,0
1766251458.579330,15.252,7,7,23.624,0.00000,0.033,0.331,76.375,575.9,0.6481,23.624,0.0500,5.000,0,0
1766251458.645663,14.934,7,7,23.638,0.00000,0.032,0.330,76.462,575.6,0.6486,23.638,0.0500,5.000,0,0
1766251458.709476,15.305,7,7,23.615,0.00000,0.033,0.330,76.490,575.5,0.6494,23.615,0.0500,5.000,0,0
1766251458.774996,15.128,7,7,23.654,0.00000,0.033,0.331,76.392,575.7,0.6487,23.654,0.0500,5.000,0,0
1766251458.841872,14.907,7,7,23.638,0.00000,0.033,0.331,76.389,575.3,0.6493,23.638,0.0500,5.000,0,0
1766251458.911043,15.251,7,7,23.645,0.00000,0.032,0.330,76.428,575.7,0.6487,23.645,0.0500,5.000,0,0
1766251458.977807,15.209,7,7,23.633,0.00000,0.032,0.330,76.510,575.7,0.6487,23.633,0.0500,5.000,0,0
1766251459.044218,15.056,7,7,23.629,0.00000,0.032,0.332,76.414,575.3,0.6478,23.629,0.0500,5.000,0,0
1766251459.136742,10.093,7,7,23.643,0.00000,0.033,0.332,76.373,575.2,0.6486,23.643,0.0500,5.000,0,0
1766251459.222755,13.478,7,7,23.622,0.00000,0.033,0.333,76.366,576.0,0.6492,23.622,0.0500,5.000,0,0
1766251459.301926,11.095,7,7,23.647,0.00000,0.033,0.331,76.367,575.6,0.6491,23.647,0.0500,5.000,0,0
1766251459.367897,15.239,7,7,23.594,0.00000,0.032,0.329,76.435,574.8,0.6483,23.594,0.0500,5.000,0,0
1766251459.436893,15.122,7,7,23.638,0.00000,0.032,0.330,76.474,575.7,0.6485,23.638,0.0500,5.000,0,0
1766331235.939203,26379.270,6,6,23.347,0.00000,0.078,0.300,79.074,640.7,0.6524,23.347,0.0500,5.000,0,0
1766331236.036266,9.051,6,6,23.348,0.00000,0.077,0.299,85.406,640.5,0.6528,23.348,0.0500,5.000,0,0
1766331236.137587,10.231,6,6,23.361,0.00000,0.078,0.299,89.292,640.4,0.6525,23.361,0.0500,5.000,0,0
1766331236.231616,15.113,6,6,23.343,0.00000,0.076,0.299,89.292,640.6,0.6536,23.343,0.0500,5.000,0,0
1766331236.426671,8.286,6,6,23.313,0.00000,0.077,0.297,89.292,640.1,0.6532,23.313,0.0500,5.000,0,0
1766331236.516239,5.610,6,6,23.316,0.00000,0.077,0.298,89.292,640.4,0.6540,23.316,0.0500,5.000,0,0
1766331236.657540,7.573,6,6,23.320,0.00000,0.077,0.296,89.292,640.3,0.6528,23.320,0.0500,5.000,0,0
1766331236.736438,10.333,6,6,23.372,0.00000,0.077,0.300,89.292,640.4,0.6521,23.372,0.0500,5.000,0,0
1766331236.829394,10.111,6,6,23.197,0.00000,0.080,0.306,89.292,623.9,0.6597,23.197,0.0500,5.000,0,0
1766331236.895493,15.081,6,6,23.404,0.00000,0.079,0.304,89.292,639.6,0.6517,23.404,0.0500,5.000,0,0
1766331236.958883,14.955,6,6,23.372,0.00000,0.077,0.300,89.292,640.3,0.6508,23.372,0.0500,5.000,0,0
1766331237.028896,15.221,6,6,23.382,0.00000,0.077,0.301,89.292,640.7,0.6512,23.382,0.0500,5.000,0,0
1766331237.088651,15.120,6,6,23.374,0.00000,0.077,0.301,89.292,640.4,0.6515,23.374,0.0500,5.000,0,0
1766331237.155503,15.178,6,6,23.379,0.00000,0.077,0.300,89.292,640.9,0.6512,23.379,0.0500,5.000,0,0
1766331237.225373,15.222,6,6,23.392,0.00000,0.078,0.300,89.292,641.3,0.6504,23.392,0.0500,5.000,0,0
1766331237.289524,15.017,6,6,23.374,0.00000,0.078,0.302,89.292,640.5,0.6517,23.374,0.0500,5.000,0,0
1766331237.352504,15.197,6,6,23.413,0.00000,0.078,0.301,89.292,640.6,0.6510,23.413,0.0500,5.000,0,0
1766331237.419111,15.163,6,6,23.401,0.00000,0.077,0.301,89.292,641.0,0.6514,23.401,0.0500,5.000,0,0
1766331237.486768,14.739,6,6,23.403,0.00000,0.077,0.302,89.292,640.7,0.6508,23.403,0.0500,5.000,0,0
1766331237.551412,15.823,6,6,23.372,0.00000,0.077,0.302,89.292,640.2,0.6514,23.372,0.0500,5.000,0,0
1766331237.620139,14.812,6,6,23.370,0.00000,0.077,0.301,89.292,640.7,0.6523,23.370,0.0500,5.000,0,0
1766331237.682081,15.579,6,6,23.373,0.00000,0.077,0.299,89.292,640.6,0.6519,23.373,0.0500,5.000,0,0
1766331237.791072,9.986,6,6,23.377,0.00000,0.077,0.301,89.292,640.1,0.6515,23.377,0.0500,5.000,0,0
1766331237.854133,15.192,6,6,23.385,0.00000,0.077,0.300,89.292,640.7,0.6512,23.385,0.0500,5.000,0,0
1766331237.919393,15.042,6,6,23.359,0.00000,0.077,0.299,89.292,640.2,0.6511,23.359,0.0500,5.000,0,0
1766331237.982286,15.152,6,6,23.370,0.00000,0.077,0.300,89.292,640.2,0.6513,23.370,0.0500,5.000,0,0
1766331238.048718,15.094,6,6,23.366,0.00000,0.077,0.299,89.292,640.2,0.6512,23.366,0.0500,5.000,0,0
1766331238.114440,15.267,6,6,23.364,0.00000,0.077,0.301,89.292,640.3,0.6520,23.364,0.0500,5.000,0,0
1766331238.181416,15.045,6,6,23.375,0.00000,0.077,0.301,89.292,640.1,0.6511,23.375,0.0500,5.000,0,0
1766331238.245963,15.270,6,6,23.366,0.00000,0.077,0.300,89.292,639.8,0.6513,23.366,0.0500,5.000,0,0
1766331238.315355,15.015,6,6,23.373,0.00000,0.077,0.299,89.292,640.7,0.6511,23.373,0.0500,5.000,0,0
1766331238.378761,15.169,6,6,23.376,0.00000,0.077,0.302,89.292,640.9,0.6517,23.376,0.0500,5.000,0,0
1766331238.444137,15.251,6,6,23.386,0.00000,0.077,0.300,89.292,640.5,0.6517,23.386,0.0500,5.000,0,0
1766331238.511013,15.148,6,6,23.391,0.00000,0.077,0.301,89.292,640.7,0.6515,23.391,0.0500,5.000,0,0
1766331238.576423,15.170,6,6,23.400,0.00000,0.078,0.302,89.292,640.1,0.6518,23.400,0.0500,5.000,0,0
1766331238.643613,15.134,6,6,23.406,0.00000,0.077,0.302,89.292,640.5,0.6514,23.406,0.0500,5.000,0,0
1766331238.710202,15.086,6,6,23.364,0.00000,0.077,0.300,89.292,640.8,0.6514,23.364,0.0500,5.000,0,0
1766331238.775704,15.198,6,6,23.388,0.00000,0.077,0.302,89.292,640.3,0.6512,23.388,0.0500,5.000,0,0
1766331238.842278,14.983,6,6,23.396,0.00000,0.077,0.301,89.292,640.6,0.6508,23.396,0.0500,5.000,0,0
1766331238.907524,15.273,6,6,23.372,0.00000,0.077,0.300,89.292,640.5,0.6509,23.372,0.0500,5.000,0,0
1766331238.973821,15.136,6,6,23.369,0.00000,0.078,0.300,89.292,640.3,0.6518,23.369,0.0500,5.000,0,0
1766331239.040152,15.158,6,6,23.358,0.00000,0.077,0.300,89.292,640.8,0.6514,23.358,0.0500,5.000,0,0
1766331239.105764,15.008,6,6,23.365,0.00000,0.077,0.300,89.292,640.2,0.6517,23.365,0.0500,5.000,0,0
1766331239.172430,15.327,6,6,23.362,0.00000,0.077,0.300,89.292,640.7,0.6516,23.362,0.0500,5.000,0,0
1766331239.239624,15.310,6,6,23.369,0.00000,0.077,0.301,89.292,640.0,0.6514,23.369,0.0500,5.000,0,0
1766331239.304604,14.930,6,6,23.359,0.00000,0.077,0.299,89.292,640.5,0.6516,23.359,0.0500,5.000,0,0
1766331239.368681,15.149,6,6,23.377,0.00000,0.077,0.301,89.292,640.8,0.6516,23.377,0.0500,5.000,0,0
1766331239.435044,14.984,6,6,23.356,0.00000,0.077,0.299,89.292,640.4,0.6513,23.356,0.0500,5.000,0,0
1766331239.502451,15.305,6,6,23.380,0.00000,0.077,0.301,89.292,640.7,0.6517,23.380,0.0500,5.000,0,0
1766331239.571832,15.001,6,6,23.385,0.00000,0.077,0.301,89.292,640.9,0.6517,23.385,0.0500,5.000,0,0
1766331239.638571,15.249,6,6,23.378,0.00000,0.077,0.300,89.292,640.6,0.6516,23.378,0.0500,5.000,0,0
1766331239.705368,15.041,6,6,23.373,0.00000,0.077,0.301,89.292,640.6,0.6516,23.373,0.0500,5.000,0,0
1766331239.833764,7.575,6,6,23.385,0.00000,0.076,0.301,89.292,640.7,0.6522,23.385,0.0500,5.000,0,0
1766331239.898747,15.239,6,6,23.364,0.00000,0.077,0.301,89.292,640.1,0.6515,23.364,0.0500,5.000,0,0
1766331239.963712,15.232,6,6,23.373,0.00000,0.077,0.301,89.292,640.4,0.6510,23.373,0.0500,5.000,0,0
1766331240.029787,15.139,6,6,23.379,0.00000,0.077,0.301,89.292,640.5,0.6511,23.379,0.0500,5.000,0,0
1766331240.095089,15.241,6,6,23.372,0.00000,0.077,0.300,89.292,640.8,0.6515,23.372,0.0500,5.000,0,0
1766331240.161649,15.040,6,6,23.377,0.00000,0.077,0.301,89.292,640.4,0.6507,23.377,0.0500,5.000,0,0
1766331240.227444,15.191,6,6,23.373,0.00000,0.077,0.299,89.292,640.5,0.6517,23.373,0.0500,5.000,0,0
1766331240.297538,15.056,6,6,23.399,0.00000,0.078,0.303,89.292,640.6,0.6513,23.399,0.0500,5.000,0,0
1766331240.360892,15.190,6,6,23.370,0.00000,0.078,0.300,89.292,640.5,0.6513,23.370,0.0500,5.000,0,0
1766331240.426539,15.164,6,6,23.394,0.00000,0.077,0.302,89.292,640.2,0.6508,23.394,0.0500,5.000,0,0
1766331240.492022,15.179,6,6,23.394,0.00000,0.076,0.301,89.292,640.6,0.6511,23.394,0.0500,5.000,0,0
1766331240.556322,15.327,6,6,23.382,0.00000,0.076,0.302,89.292,640.8,0.6509,23.382,0.0500,5.000,0,0
1766331240.624172,15.009,6,6,23.382,0.00000,0.077,0.301,89.292,640.7,0.6516,23.382,0.0500,5.000,0,0
1766331240.693058,15.119,6,6,23.385,0.00000,0.077,0.301,89.292,640.6,0.6515,23.385,0.0500,5.000,0,0
1766331240.754844,15.031,6,6,23.373,0.00000,0.077,0.300,89.292,640.5,0.6519,23.373,0.0500,5.000,0,0
1766331240.821291,15.215,6,6,23.382,0.00000,0.077,0.301,89.292,640.4,0.6515,23.382,0.0500,5.000,0,0
1766331240.889834,15.125,6,6,23.384,0.00000,0.077,0.301,89.292,640.4,0.6512,23.384,0.0500,5.000,0,0
1766331240.957936,15.063,6,6,23.367,0.00000,0.077,0.301,89.292,640.6,0.6512,23.367,0.0500,5.000,0,0
1766331241.024820,15.198,6,6,23.382,0.00000,0.077,0.301,89.292,640.7,0.6512,23.382,0.0500,5.000,0,0
1766331241.090898,15.410,6,6,23.386,0.00000,0.077,0.301,89.292,640.4,0.6511,23.386,0.0500,5.000,0,0
1766331241.254514,6.059,6,6,23.377,0.00000,0.077,0.301,89.292,640.4,0.6511,23.377,0.0500,5.000,0,0
1766331241.317976,15.170,6,6,23.377,0.00000,0.077,0.301,89.292,640.3,0.6513,23.377,0.0500,5.000,0,0
1766331241.381334,15.106,6,6,23.371,0.00000,0.077,0.300,89.292,640.6,0.6514,23.371,0.0500,5.000,0,0
1766331241.446800,15.228,6,6,23.383,0.00000,0.077,0.301,89.292,640.3,0.6514,23.383,0.0500,5.000,0,0
1766331241.515019,15.053,6,6,23.362,0.00000,0.077,0.299,89.292,640.9,0.6516,23.362,0.0500,5.000,0,0
1766331241.579776,15.170,6,6,23.374,0.00000,0.077,0.301,89.292,640.5,0.6518,23.374,0.0500,5.000,0,0
1766331241.646710,15.284,6,6,23.385,0.00000,0.076,0.301,89.292,640.5,0.6509,23.385,0.0500,5.000,0,0
1766331241.713396,15.051,6,6,23.391,0.00000,0.078,0.301,89.292,640.4,0.6509,23.391,0.0500,5.000,0,0
1766331241.780209,15.140,6,6,23.391,0.00000,0.077,0.300,89.292,640.2,0.6503,23.391,0.0500,5.000,0,0
1766331241.845276,15.076,6,6,23.378,0.00000,0.077,0.302,89.292,640.5,0.6514,23.378,0.0500,5.000,0,0
1766331241.910800,15.209,6,6,23.371,0.00000,0.077,0.302,89.292,640.1,0.6513,23.371,0.0500,5.000,0,0
1766331241.977323,15.179,6,6,23.379,0.00000,0.076,0.301,89.292,640.6,0.6511,23.379,0.0500,5.000,0,0
1766331242.042838,15.112,6,6,23.360,0.00000,0.077,0.300,89.292,640.4,0.6518,23.360,0.0500,5.000,0,0
1766331242.109276,15.132,6,6,23.379,0.00000,0.077,0.301,89.292,640.5,0.6514,23.379,0.0500,5.000,0,0
1766331242.173638,15.119,6,6,23.376,0.00000,0.077,0.302,89.292,640.4,0.6514,23.376,0.0500,5.000,0,0
1766331242.241002,15.507,6,6,23.368,0.00000,0.077,0.300,89.292,640.5,0.6515,23.368,0.0500,5.000,0,0
1766331242.308709,14.807,6,6,23.374,0.00000,0.077,0.301,89.292,639.9,0.6510,23.374,0.0500,5.000,0,0
1766331242.376967,15.135,6,6,23.397,0.00000,0.077,0.301,89.292,640.5,0.6510,23.397,0.0500,5.000,0,0
1766331242.444859,15.170,6,6,23.368,0.00000,0.077,0.302,89.292,640.5,0.6512,23.368,0.0500,5.000,0,0
1766331242.511622,15.144,6,6,23.388,0.00000,0.077,0.301,89.292,640.5,0.6514,23.388,0.0500,5.000,0,0
1766331242.634450,7.598,6,6,23.377,0.00000,0.077,0.302,89.292,640.6,0.6509,23.377,0.0500,5.000,0,0
1766331242.699924,15.105,6,6,23.375,0.00000,0.077,0.300,89.292,639.6,0.6515,23.375,0.0500,5.000,0,0
1766331242.766795,15.124,6,6,23.384,0.00000,0.077,0.301,89.292,640.3,0.6512,23.384,0.0500,5.000,0,0
1766331242.832320,15.184,6,6,23.383,0.00000,0.077,0.301,89.292,639.9,0.6515,23.383,0.0500,5.000,0,0
1766331242.898998,15.148,6,6,23.352,0.00000,0.077,0.299,89.292,640.1,0.6518,23.352,0.0500,5.000,0,0
1766331242.964923,15.131,6,6,23.394,0.00000,0.078,0.302,89.292,640.4,0.6513,23.394,0.0500,5.000,0,0
1766331243.032784,15.134,6,6,23.380,0.00000,0.077,0.303,89.292,640.5,0.6513,23.380,0.0500,5.000,0,0
1766331243.096972,15.059,6,6,23.375,0.00000,0.077,0.300,89.292,640.3,0.6519,23.375,0.0500,5.000,0,0
1766331243.164001,15.227,6,6,23.389,0.00000,0.077,0.301,89.292,640.5,0.6514,23.389,0.0500,5.000,0,0
1766331243.230421,15.109,6,6,23.392,0.00000,0.077,0.301,89.292,640.7,0.6512,23.392,0.0500,5.000,0,0
1766331243.296080,15.019,6,6,23.383,0.00000,0.077,0.299,89.292,640.5,0.6519,23.383,0.0500,5.000,0,0
1766331243.394293,10.242,6,6,23.380,0.00000,0.077,0.301,89.292,640.4,0.6515,23.380,0.0500,5.000,0,0
1766331243.462015,15.131,6,6,23.388,0.00000,0.078,0.302,89.292,640.2,0.6508,23.388,0.0500,5.000,0,0
1766331243.528097,15.276,6,6,23.372,0.00000,0.077,0.301,89.292,640.0,0.6513,23.372,0.0500,5.000,0,0
1766331243.593154,15.065,6,6,23.366,0.00000,0.078,0.300,89.292,640.2,0.6515,23.366,0.0500,5.000,0,0
1766331243.657731,15.203,6,6,23.377,0.00000,0.077,0.300,89.292,640.3,0.6513,23.377,0.0500,5.000,0,0
1766331243.726218,15.136,6,6,23.385,0.00000,0.077,0.300,89.292,640.3,0.6517,23.385,0.0500,5.000,0,0
1766331243.790848,15.122,6,6,23.382,0.00000,0.077,0.301,89.292,640.6,0.6516,23.382,0.0500,5.000,0,0
1766331243.855376,15.415,6,6,23.376,0.00000,0.077,0.301,89.292,640.8,0.6518,23.376,0.0500,5.000,0,0
1766331243.921871,15.183,6,6,23.369,0.00000,0.077,0.301,89.292,640.7,0.6519,23.369,0.0500,5.000,0,0
1766331243.989798,15.139,6,6,23.371,0.00000,0.077,0.299,89.292,640.2,0.6515,23.371,0.0500,5.000,0,0
1766331244.076546,14.588,6,6,23.387,0.00000,0.077,0.300,89.292,640.7,0.6513,23.387,0.0500,5.000,0,0
1766331244.160093,10.342,6,6,23.381,0.00000,0.077,0.300,89.292,640.1,0.6513,23.381,0.0500,5.000,0,0
1766331244.227339,15.044,6,6,23.374,0.00000,0.077,0.301,89.292,640.4,0.6513,23.374,0.0500,5.000,0,0
1766331244.290009,15.162,6,6,23.378,0.00000,0.077,0.301,89.292,640.2,0.6510,23.378,0.0500,5.000,0,0
1766331244.356176,15.007,6,6,23.382,0.00000,0.077,0.301,89.292,640.3,0.6518,23.382,0.0500,5.000,0,0
1766331244.420207,15.228,6,6,23.365,0.00000,0.077,0.300,89.292,640.4,0.6517,23.365,0.0500,5.000,0,0
1766331244.488763,15.157,6,6,23.376,0.00000,0.077,0.300,89.292,640.4,0.6515,23.376,0.0500,5.000,0,0
1766331244.558349,15.044,6,6,23.381,0.00000,0.077,0.300,89.292,640.8,0.6515,23.381,0.0500,5.000,0,0
1766331244.749616,11.989,6,6,23.390,0.00000,0.077,0.302,89.292,640.3,0.6510,23.390,0.0500,5.000,0,0
1766331244.813036,5.553,6,6,23.378,0.00000,0.077,0.301,89.292,640.1,0.6515,23.378,0.0500,5.000,0,0
1766331244.881115,15.398,6,6,23.392,0.00000,0.078,0.303,89.292,640.2,0.6513,23.392,0.0500,5.000,0,0
1766331244.953555,14.810,6,6,23.379,0.00000,0.077,0.300,89.292,640.4,0.6510,23.379,0.0500,5.000,0,0
1766331245.015907,15.102,6,6,23.354,0.00000,0.077,0.301,89.292,640.3,0.6518,23.354,0.0500,5.000,0,0
1766331245.077159,15.562,6,6,23.365,0.00000,0.077,0.301,89.292,640.1,0.6511,23.365,0.0500,5.000,0,0
1766331245.146987,14.677,6,6,23.379,0.00000,0.077,0.300,89.292,640.2,0.6515,23.379,0.0500,5.000,0,0
1766331245.212919,15.442,6,6,23.401,0.00000,0.077,0.301,89.292,640.9,0.6513,23.401,0.0500,5.000,0,0
1766331245.282821,15.011,6,6,23.380,0.00000,0.078,0.300,89.292,640.6,0.6514,23.380,0.0500,5.000,0,0
1766331245.342625,15.412,6,6,23.376,0.00000,0.078,0.300,89.292,640.4,0.6520,23.376,0.0500,5.000,0,0
1766331245.409195,15.210,6,6,23.386,0.00000,0.077,0.303,89.292,640.1,0.6510,23.386,0.0500,5.000,0,0
1766331245.475620,15.114,6,6,23.376,0.00000,0.077,0.301,89.292,640.3,0.6516,23.376,0.0500,5.000,0,0
1766331245.541419,14.842,6,6,23.373,0.00000,0.077,0.301,89.292,639.9,0.6516,23.373,0.0500,5.000,0,0
1766331245.609148,14.983,6,6,23.373,0.00000,0.077,0.301,89.292,640.5,0.6521,23.373,0.0500,5.000,0,0
1766331245.679606,15.303,6,6,23.372,0.00000,0.077,0.300,89.292,640.4,0.6516,23.372,0.0500,5.000,0,0
1766331245.741689,15.359,6,6,23.379,0.00000,0.077,0.301,89.292,640.7,0.6518,23.379,0.0500,5.000,0,0
1766331245.804353,14.952,6,6,23.374,0.00000,0.078,0.300,89.292,640.0,0.6510,23.374,0.0500,5.000,0,0
1766331245.872557,15.045,6,6,23.383,0.00000,0.077,0.301,89.292,640.4,0.6512,23.383,0.0500,5.000,0,0
1766331245.936321,15.221,6,6,23.377,0.00000,0.077,0.300,89.292,640.7,0.6513,23.377,0.0500,5.000,0,0
1766331246.004197,15.072,6,6,23.375,0.00000,0.077,0.300,89.292,640.2,0.6512,23.375,0.0500,5.000,0,0
1766331246.070426,15.007,6,6,23.385,0.00000,0.077,0.300,89.292,640.6,0.6517,23.385,0.0500,5.000,0,0
1766331246.134993,15.417,6,6,23.388,0.00000,0.077,0.302,89.292,640.3,0.6512,23.388,0.0500,5.000,0,0
1766331246.203032,15.066,6,6,23.381,0.00000,0.077,0.300,89.292,640.4,0.6510,23.381,0.0500,5.000,0,0
1766331246.269268,14.998,6,6,23.387,0.00000,0.077,0.301,89.292,640.3,0.6515,23.387,0.0500,5.000,0,0
1766331246.333097,15.601,6,6,23.392,0.00000,0.078,0.301,89.292,640.9,0.6515,23.392,0.0500,5.000,0,0
1766331246.397648,15.155,6,6,23.360,0.00000,0.077,0.301,89.292,640.1,0.6511,23.360,0.0500,5.000,0,0
1766331246.465721,15.245,6,6,23.372,0.00000,0.077,0.300,89.292,640.2,0.6516,23.372,0.0500,5.000,0,0
1766331246.535478,15.001,6,6,23.370,0.00000,0.077,0.303,89.292,640.2,0.6513,23.370,0.0500,5.000,0,0
1766331246.601261,15.235,6,6,23.374,0.00000,0.077,0.300,89.292,640.2,0.6513,23.374,0.0500,5.000,0,0
1766331246.668713,14.919,6,6,23.359,0.00000,0.077,0.299,89.292,640.5,0.6516,23.359,0.0500,5.000,0,0
1766331246.793116,7.590,6,6,23.379,0.00000,0.077,0.300,89.292,640.5,0.6517,23.379,0.0500,5.000,0,0
1766331246.857737,15.070,6,6,23.384,0.00000,0.078,0.302,89.292,640.0,0.6514,23.384,0.0500,5.000,0,0
1766331246.925273,15.330,6,6,23.392,0.00000,0.077,0.302,89.292,640.2,0.6517,23.392,0.0500,5.000,0,0
1766331246.990795,14.894,6,6,23.393,0.00000,0.077,0.302,89.292,640.6,0.6516,23.393,0.0500,5.000,0,0
1766331247.057521,15.240,6,6,23.376,0.00000,0.077,0.300,89.292,640.3,0.6517,23.376,0.0500,5.000,0,0
1766331247.123711,15.141,6,6,23.397,0.00000,0.078,0.303,89.292,640.5,0.6509,23.397,0.0500,5.000,0,0
1766331247.188221,15.371,6,6,23.392,0.00000,0.078,0.301,89.292,640.8,0.6515,23.392,0.0500,5.000,0,0
1766331247.253701,15.327,6,6,23.355,0.00000,0.078,0.300,89.292,640.1,0.6516,23.355,0.0500,5.000,0,0
1766331247.321198,14.903,6,6,23.367,0.00000,0.077,0.300,89.292,640.1,0.6519,23.367,0.0500,5.000,0,0
1766331247.387244,15.132,6,6,23.381,0.00000,0.077,0.302,89.292,640.2,0.6514,23.381,0.0500,5.000,0,0
1766331247.453325,15.041,6,6,23.381,0.00000,0.077,0.300,89.292,640.1,0.6512,23.381,0.0500,5.000,0,0
1766331247.521343,15.041,6,6,23.377,0.00000,0.077,0.301,89.292,640.4,0.6517,23.377,0.0500,5.000,0,0
1766331247.586921,15.231,6,6,23.367,0.00000,0.077,0.300,89.292,640.3,0.6517,23.367,0.0500,5.000,0,0
1766331247.653667,15.170,6,6,23.378,0.00000,0.077,0.302,89.292,640.0,0.6520,23.378,0.0500,5.000,0,0
1766331247.719436,15.145,6,6,23.387,0.00000,0.078,0.300,89.292,640.2,0.6513,23.387,0.0500,5.000,0,0
1766331247.784858,15.074,6,6,23.368,0.00000,0.077,0.301,89.292,640.4,0.6514,23.368,0.0500,5.000,0,0
1766331247.852323,15.112,6,6,23.380,0.00000,0.077,0.301,89.292,640.2,0.6511,23.380,0.0500,5.000,0,0
1766331247.917632,15.096,6,6,23.384,0.00000,0.078,0.299,89.292,640.6,0.6513,23.384,0.0500,5.000,0,0
1766331247.983617,15.284,6,6,23.377,0.00000,0.077,0.300,89.292,640.3,0.6510,23.377,0.0500,5.000,0,0
1766331248.049590,15.214,6,6,23.369,0.00000,0.078,0.301,89.292,640.3,0.6513,23.369,0.0500,5.000,0,0
1766331248.114021,15.432,6,6,23.394,0.00000,0.077,0.302,89.292,640.1,0.6512,23.394,0.0500,5.000,0,0
1766331248.181460,14.684,6,6,23.374,0.00000,0.077,0.300,89.292,640.4,0.6514,23.374,0.0500,5.000,0,0
1766331248.248962,15.731,6,6,23.368,0.00000,0.077,0.300,89.292,640.6,0.6517,23.368,0.0500,5.000,0,0
1766331248.315886,14.697,6,6,23.372,0.00000,0.076,0.300,89.292,640.7,0.6513,23.372,0.0500,5.000,0,0
1766331248.380182,15.535,6,6,23.373,0.00000,0.077,0.300,89.292,640.5,0.6516,23.373,0.0500,5.000,0,0
1766331248.450171,15.010,6,6,23.378,0.00000,0.077,0.302,89.292,640.4,0.6516,23.378,0.0500,5.000,0,0
1766331248.513759,15.287,6,6,23.372,0.00000,0.077,0.301,89.292,640.1,0.6517,23.372,0.0500,5.000,0,0
1766331248.583340,15.226,6,6,23.375,0.00000,0.077,0.301,89.292,640.3,0.6518,23.375,0.0500,5.000,0,0
1766331248.653493,14.923,6,6,23.381,0.00000,0.077,0.301,89.292,640.2,0.6510,23.381,0.0500,5.000,0,0
1766331248.719913,15.127,6,6,23.388,0.00000,0.077,0.301,89.292,640.5,0.6515,23.388,0.0500,5.000,0,0
1766331248.873312,6.044,6,6,23.397,0.00000,0.077,0.301,89.292,640.6,0.6515,23.397,0.0500,5.000,0,0
1766331248.934890,15.212,6,6,23.365,0.00000,0.077,0.300,89.292,640.4,0.6519,23.365,0.0500,5.000,0,0
1766331249.003532,15.178,6,6,23.399,0.00000,0.077,0.302,89.292,640.3,0.6512,23.399,0.0500,5.000,0,0
1766331249.071153,15.105,6,6,23.394,0.00000,0.078,0.302,89.292,640.2,0.6517,23.394,0.0500,5.000,0,0
1766331249.135757,15.218,6,6,23.364,0.00000,0.078,0.300,89.292,639.9,0.6516,23.364,0.0500,5.000,0,0
1766331249.201105,15.187,6,6,23.396,0.00000,0.078,0.302,89.292,640.2,0.6510,23.396,0.0500,5.000,0,0
1766331249.268634,15.030,6,6,23.393,0.00000,0.077,0.302,89.292,640.5,0.6518,23.393,0.0500,5.000,0,0
1766331249.334433,15.146,6,6,23.371,0.00000,0.077,0.301,89.292,640.4,0.6515,23.371,0.0500,5.000,0,0
1766331249.401489,14.989,6,6,23.373,0.00000,0.078,0.302,89.292,640.2,0.6515,23.373,0.0500,5.000,0,0
1766331249.466900,15.301,6,6,23.394,0.00000,0.077,0.301,89.292,640.4,0.6510,23.394,0.0500,5.000,0,0
1766331249.533234,15.088,6,6,23.378,0.00000,0.078,0.301,89.292,640.2,0.6515,23.378,0.0500,5.000,0,0
1766331249.599585,15.141,6,6,23.391,0.00000,0.077,0.301,89.292,640.3,0.6512,23.391,0.0500,5.000,0,0
1766331249.666395,15.208,6,6,23.398,0.00000,0.077,0.300,89.292,640.5,0.6513,23.398,0.0500,5.000,0,0
1766331249.733926,15.026,6,6,23.380,0.00000,0.077,0.301,89.292,640.7,0.6519,23.380,0.0500,5.000,0,0
1766331249.797052,15.312,6,6,23.378,0.00000,0.077,0.299,89.292,640.1,0.6510,23.378,0.0500,5.000,0,0
1766331249.862898,15.183,6,6,23.375,0.00000,0.078,0.302,89.292,640.2,0.6512,23.375,0.0500,5.000,0,0
1766331249.929900,15.167,6,6,23.400,0.00000,0.077,0.301,89.292,640.6,0.6513,23.400,0.0500,5.000,0,0
1766331249.997318,15.263,6,6,23.369,0.00000,0.077,0.299,89.292,640.4,0.6512,23.369,0.0500,5.000,0,0
1766331250.063362,15.049,6,6,23.370,0.00000,0.077,0.298,89.292,640.5,0.6517,23.370,0.0500,5.000,0,0
1766331250.127438,15.321,6,6,23.370,0.00000,0.077,0.300,89.292,640.4,0.6518,23.370,0.0500,5.000,0,0
1766331250.195314,14.667,6,6,23.374,0.00000,0.077,0.301,89.292,640.3,0.6519,23.374,0.0500,5.000,0,0
1766331250.262792,15.589,6,6,23.377,0.00000,0.077,0.303,89.292,639.9,0.6511,23.377,0.0500,5.000,0,0
1766331250.326536,15.172,6,6,23.368,0.00000,0.077,0.300,89.292,640.3,0.6521,23.368,0.0500,5.000,0,0
1766331250.392469,15.102,6,6,23.372,0.00000,0.077,0.300,89.292,640.4,0.6513,23.372,0.0500,5.000,0,0
1766331250.457135,15.308,6,6,23.364,0.00000,0.077,0.301,89.292,640.2,0.6518,23.364,0.0500,5.000,0,0
1766331250.522970,15.030,6,6,23.372,0.00000,0.077,0.301,89.292,640.3,0.6519,23.372,0.0500,5.000,0,0
1766331250.591625,15.318,6,6,23.367,0.00000,0.077,0.301,89.292,640.3,0.6515,23.367,0.0500,5.000,0,0
1766331250.661039,14.806,6,6,23.360,0.00000,0.077,0.300,89.292,640.4,0.6517,23.360,0.0500,5.000,0,0
1766331250.725665,15.187,6,6,23.373,0.00000,0.077,0.301,89.292,640.6,0.6516,23.373,0.0500,5.000,0,0
1766331250.793366,15.135,6,6,23.379,0.00000,0.077,0.302,89.292,640.1,0.6511,23.379,0.0500,5.000,0,0
1766331250.919263,7.585,6,6,23.387,0.00000,0.077,0.300,89.292,640.3,0.6511,23.387,0.0500,5.000,0,0
1766331250.984132,15.398,6,6,23.360,0.00000,0.077,0.299,89.292,640.0,0.6521,23.360,0.0500,5.000,0,0
1766331251.060440,14.941,6,6,23.355,0.00000,0.077,0.300,89.292,639.9,0.6515,23.355,0.0500,5.000,0,0
1766331251.119909,15.072,6,6,23.385,0.00000,0.077,0.302,89.292,640.3,0.6515,23.385,0.0500,5.000,0,0
1766331251.184590,15.327,6,6,23.371,0.00000,0.077,0.301,89.292,640.0,0.6513,23.371,0.0500,5.000,0,0
1766331251.247800,15.181,6,6,23.383,0.00000,0.077,0.301,89.292,640.5,0.6512,23.383,0.0500,5.000,0,0
1766331251.316005,14.885,6,6,23.412,0.00000,0.078,0.302,89.292,640.9,0.6512,23.412,0.0500,5.000,0,0
1766331251.382766,15.166,6,6,23.408,0.00000,0.077,0.302,89.292,640.4,0.6511,23.408,0.0500,5.000,0,0
1766331251.450012,15.052,6,6,23.375,0.00000,0.077,0.302,89.292,640.1,0.6513,23.375,0.0500,5.000,0,0
1766331251.515283,15.151,6,6,23.390,0.00000,0.077,0.301,89.292,640.4,0.6510,23.390,0.0500,5.000,0,0
1766331251.580350,15.160,6,6,23.374,0.00000,0.077,0.302,89.292,640.2,0.6515,23.374,0.0500,5.000,0,0
1766331251.646784,15.163,6,6,23.398,0.00000,0.077,0.302,89.292,640.6,0.6512,23.398,0.0500,5.000,0,0
1766331251.711246,15.404,6,6,23.371,0.00000,0.077,0.300,89.292,640.2,0.6514,23.371,0.0500,5.000,0,0
1766331251.777940,15.198,6,6,23.359,0.00000,0.077,0.300,89.292,640.2,0.6515,23.359,0.0500,5.000,0,0
1766331251.844209,15.092,6,6,23.349,0.00000,0.077,0.300,89.292,640.2,0.6517,23.349,0.0500,5.000,0,0
1766331251.908928,15.158,6,6,23.388,0.00000,0.077,0.301,89.292,640.4,0.6514,23.388,0.0500,5.000,0,0
1766331251.974973,15.063,6,6,23.360,0.00000,0.077,0.300,89.292,640.1,0.6518,23.360,0.0500,5.000,0,0
1766331252.043647,15.068,6,6,23.386,0.00000,0.077,0.302,89.292,640.2,0.6511,23.386,0.0500,5.000,0,0
1766331252.112212,15.185,6,6,23.385,0.00000,0.077,0.303,89.292,640.0,0.6514,23.385,0.0500,5.000,0,0
1766331252.177444,15.133,6,6,23.365,0.00000,0.077,0.300,89.292,640.5,0.6520,23.365,0.0500,5.000,0,0
1766331252.245734,15.205,6,6,23.379,0.00000,0.077,0.300,89.292,640.1,0.6514,23.379,0.0500,5.000,0,0
1766331252.336849,10.126,6,6,23.349,0.00000,0.077,0.298,89.292,640.3,0.6524,23.349,0.0500,5.000,0,0
1766331252.404252,15.152,6,6,23.379,0.00000,0.078,0.300,89.292,640.3,0.6509,23.379,0.0500,5.000,0,0
1766331252.469955,15.094,6,6,23.370,0.00000,0.077,0.300,89.292,640.6,0.6515,23.370,0.0500,5.000,0,0
1766331252.536062,15.217,6,6,23.373,0.00000,0.078,0.301,89.292,640.4,0.6515,23.373,0.0500,5.000,0,0
1766331252.603157,15.111,6,6,23.359,0.00000,0.078,0.299,89.292,639.9,0.6516,23.359,0.0500,5.000,0,0
1766331252.669289,15.122,6,6,23.397,0.00000,0.077,0.302,89.292,640.5,0.6514,23.397,0.0500,5.000,0,0
1766331252.734890,15.023,6,6,23.385,0.00000,0.077,0.301,89.292,640.8,0.6513,23.385,0.0500,5.000,0,0
1766331252.801508,15.334,6,6,23.361,0.00000,0.077,0.301,89.292,640.0,0.6516,23.361,0.0500,5.000,0,0
1766331252.877588,15.161,6,6,23.348,0.00000,0.077,0.300,89.292,640.1,0.6520,23.348,0.0500,5.000,0,0
1766331252.942854,15.570,6,6,23.371,0.00000,0.078,0.300,89.292,640.2,0.6519,23.371,0.0500,5.000,0,0
1766331253.000695,15.194,6,6,23.374,0.00000,0.077,0.300,89.292,640.2,0.6515,23.374,0.0500,5.000,0,0
1766331253.066405,15.146,6,6,23.382,0.00000,0.077,0.301,89.292,640.2,0.6512,23.382,0.0500,5.000,0,0
1766331253.132888,14.906,6,6,23.393,0.00000,0.077,0.301,89.292,640.6,0.6512,23.393,0.0500,5.000,0,0
1766331253.195920,15.342,6,6,23.379,0.00000,0.077,0.302,89.292,640.2,0.6512,23.379,0.0500,5.000,0,0
1766331253.261572,14.728,6,6,23.383,0.00000,0.077,0.302,89.292,640.0,0.6511,23.383,0.0500,5.000,0,0
1766331253.328114,15.049,6,6,23.378,0.00000,0.077,0.301,89.292,640.1,0.6513,23.378,0.0500,5.000,0,0
1766331253.397566,15.113,6,6,23.380,0.00000,0.077,0.301,89.292,640.3,0.6513,23.380,0.0500,5.000,0,0
1766331253.465843,15.186,6,6,23.379,0.00000,0.076,0.300,89.292,640.7,0.6517,23.379,0.0500,5.000,0,0
1766331253.531859,15.073,6,6,23.390,0.00000,0.078,0.301,89.292,640.3,0.6514,23.390,0.0500,5.000,0,0
1766331253.598867,15.255,6,6,23.384,0.00000,0.077,0.300,89.292,640.4,0.6515,23.384,0.0500,5.000,0,0
1766331253.723254,7.611,6,6,23.382,0.00000,0.077,0.301,89.292,640.5,0.6511,23.382,0.0500,5.000,0,0
1766331253.789554,15.012,6,6,23.375,0.00000,0.076,0.301,89.292,640.3,0.6515,23.375,0.0500,5.000,0,0
1766331253.854308,15.432,6,6,23.407,0.00000,0.076,0.302,89.292,640.5,0.6511,23.407,0.0500,5.000,0,0
1766331253.921177,15.076,6,6,23.375,0.00000,0.077,0.301,89.292,640.4,0.6516,23.375,0.0500,5.000,0,0
1766331254.019806,10.067,6,6,23.380,0.00000,0.078,0.302,89.292,640.1,0.6515,23.380,0.0500,5.000,0,0
1766331254.085094,15.346,6,6,23.374,0.00000,0.078,0.299,89.292,640.4,0.6512,23.374,0.0500,5.000,0,0
1766331254.152179,15.012,6,6,23.379,0.00000,0.078,0.299,89.292,640.0,0.6513,23.379,0.0500,5.000,0,0
1766331254.218149,15.430,6,6,23.357,0.00000,0.077,0.299,89.292,640.1,0.6517,23.357,0.0500,5.000,0,0
1766331254.283641,14.825,6,6,23.361,0.00000,0.077,0.299,89.292,640.4,0.6523,23.361,0.0500,5.000,0,0
1766331254.350796,15.074,6,6,23.385,0.00000,0.077,0.301,89.292,640.4,0.6514,23.385,0.0500,5.000,0,0
1766331254.416345,15.282,6,6,23.369,0.00000,0.077,0.300,89.292,640.3,0.6516,23.369,0.0500,5.000,0,0
1766331254.483336,15.179,6,6,23.378,0.00000,0.078,0.300,89.292,640.2,0.6518,23.378,0.0500,5.000,0,0
1766331254.549256,15.129,6,6,23.371,0.00000,0.076,0.300,89.292,640.7,0.6519,23.371,0.0500,5.000,0,0
1766331254.615230,15.189,6,6,23.389,0.00000,0.077,0.301,89.292,640.3,0.6513,23.389,0.0500,5.000,0,0
1766331254.682290,15.222,6,6,23.379,0.00000,0.077,0.301,89.292,640.5,0.6511,23.379,0.0500,5.000,0,0
1766331254.746369,15.182,6,6,23.392,0.00000,0.077,0.301,89.292,640.0,0.6513,23.392,0.0500,5.000,0,0
1766331254.815023,15.071,6,6,23.372,0.00000,0.077,0.301,89.292,640.2,0.6513,23.372,0.0500,5.000,0,0
1766331254.882180,15.193,6,6,23.386,0.00000,0.077,0.301,89.292,640.4,0.6513,23.386,0.0500,5.000,0,0
1766331254.950057,15.087,6,6,23.360,0.00000,0.077,0.299,89.292,640.2,0.6515,23.360,0.0500,5.000,0,0
1766331255.013720,15.166,6,6,23.358,0.00000,0.077,0.301,89.292,640.4,0.6520,23.358,0.0500,5.000,0,0
1766331255.079962,15.210,6,6,23.384,0.00000,0.077,0.300,89.292,640.6,0.6516,23.384,0.0500,5.000,0,0
1766331255.146222,15.083,6,6,23.360,0.00000,0.077,0.301,89.292,640.8,0.6516,23.360,0.0500,5.000,0,0
1766331255.213365,15.184,6,6,23.381,0.00000,0.078,0.300,89.292,640.3,0.6512,23.381,0.0500,5.000,0,0
1766331255.281625,15.251,6,6,23.370,0.00000,0.077,0.300,89.292,640.0,0.6513,23.370,0.0500,5.000,0,0
1766331255.342849,15.135,6,6,23.381,0.00000,0.077,0.301,89.292,640.4,0.6518,23.381,0.0500,5.000,0,0
1766331255.409181,15.040,6,6,23.375,0.00000,0.077,0.302,89.292,640.1,0.6516,23.375,0.0500,5.000,0,0
1766331255.478279,15.141,6,6,23.383,0.00000,0.078,0.300,89.292,640.1,0.6512,23.383,0.0500,5.000,0,0
1766331255.545658,15.133,6,6,23.362,0.00000,0.077,0.300,89.292,640.2,0.6514,23.362,0.0500,5.000,0,0
1766331255.611130,15.020,6,6,23.372,0.00000,0.077,0.300,89.292,640.3,0.6516,23.372,0.0500,5.000,0,0
1766331255.678058,15.483,6,6,23.381,0.00000,0.077,0.301,89.292,640.6,0.6518,23.381,0.0500,5.000,0,0
1766331255.801201,7.543,6,6,23.389,0.00000,0.077,0.300,89.292,640.4,0.6515,23.389,0.0500,5.000,0,0
1766331255.867524,14.953,6,6,23.387,0.00000,0.077,0.301,89.292,640.1,0.6507,23.387,0.0500,5.000,0,0
1766331255.935115,15.189,6,6,23.407,0.00000,0.077,0.301,89.292,640.5,0.6513,23.407,0.0500,5.000,0,0
1766331256.001296,15.147,6,6,23.388,0.00000,0.077,0.302,89.292,640.5,0.6515,23.388,0.0500,5.000,0,0
1766331256.067874,15.023,6,6,23.370,0.00000,0.077,0.300,89.292,640.9,0.6524,23.370,0.0500,5.000,0,0
1766331256.131406,15.651,6,6,23.381,0.00000,0.078,0.301,89.292,640.1,0.6510,23.381,0.0500,5.000,0,0
1766331256.201399,15.094,6,6,23.374,0.00000,0.077,0.300,89.292,640.4,0.6520,23.374,0.0500,5.000,0,0
1766331256.264367,14.881,6,6,23.370,0.00000,0.077,0.299,89.292,640.1,0.6518,23.370,0.0500,5.000,0,0
1766331256.330215,15.066,6,6,23.372,0.00000,0.077,0.299,89.292,640.7,0.6515,23.372,0.0500,5.000,0,0
1766331256.396686,15.086,6,6,23.393,0.00000,0.077,0.302,89.292,640.4,0.6511,23.393,0.0500,5.000,0,0
1766331256.462340,15.365,6,6,23.372,0.00000,0.077,0.300,89.292,640.5,0.6519,23.372,0.0500,5.000,0,0
1766331256.529289,15.186,6,6,23.376,0.00000,0.077,0.301,89.292,640.4,0.6515,23.376,0.0500,5.000,0,0
1766331256.594147,15.114,6,6,23.389,0.00000,0.078,0.301,89.292,640.4,0.6516,23.389,0.0500,5.000,0,0
1766331256.661901,15.030,6,6,23.365,0.00000,0.077,0.300,89.292,640.2,0.6518,23.365,0.0500,5.000,0,0
1766331256.728154,15.201,6,6,23.379,0.00000,0.077,0.300,89.292,640.3,0.6516,23.379,0.0500,5.000,0,0
1766331256.793210,15.173,6,6,23.374,0.00000,0.077,0.300,89.292,640.3,0.6515,23.374,0.0500,5.000,0,0
1766331256.861015,15.077,6,6,23.383,0.00000,0.077,0.301,89.292,640.6,0.6516,23.383,0.0500,5.000,0,0
1766331256.925999,15.205,6,6,23.394,0.00000,0.078,0.301,89.292,640.5,0.6512,23.394,0.0500,5.000,0,0
1766331257.024575,10.116,6,6,23.373,0.00000,0.078,0.302,89.292,639.6,0.6515,23.373,0.0500,5.000,0,0
1766331257.090794,15.195,6,6,23.364,0.00000,0.077,0.301,89.292,640.5,0.6517,23.364,0.0500,5.000,0,0
1766331257.156698,15.107,6,6,23.381,0.00000,0.077,0.301,89.292,640.7,0.6508,23.381,0.0500,5.000,0,0
1766331257.223125,15.152,6,6,23.370,0.00000,0.077,0.301,89.292,640.5,0.6510,23.370,0.0500,5.000,0,0
1766331257.288550,15.332,6,6,23.390,0.00000,0.077,0.301,89.292,640.5,0.6512,23.390,0.0500,5.000,0,0
1766331257.356752,14.889,6,6,23.363,0.00000,0.076,0.300,89.292,640.4,0.6516,23.363,0.0500,5.000,0,0
1766331257.419398,15.266,6,6,23.376,0.00000,0.077,0.300,89.292,640.1,0.6510,23.376,0.0500,5.000,0,0
1766331257.488282,14.951,6,6,23.391,0.00000,0.077,0.301,89.292,640.6,0.6516,23.391,0.0500,5.000,0,0
1766331257.553875,15.890,6,6,23.378,0.00000,0.077,0.301,89.292,640.4,0.6512,23.378,0.0500,5.000,0,0
1766331257.633733,15.051,6,6,23.370,0.00000,0.077,0.300,89.292,640.3,0.6518,23.370,0.0500,5.000,0,0
1766331257.705270,15.112,6,6,23.361,0.00000,0.077,0.300,89.292,640.2,0.6514,23.361,0.0500,5.000,0,0
1766331257.795275,10.144,6,6,23.390,0.00000,0.077,0.300,89.292,640.4,0.6510,23.390,0.0500,5.000,0,0
1766331257.881723,9.989,6,6,23.359,0.00000,0.077,0.299,89.292,639.6,0.6520,23.359,0.0500,5.000,0,0
1766331257.949780,15.095,6,6,23.355,0.00000,0.077,0.300,89.292,640.6,0.6522,23.355,0.0500,5.000,0,0
1766331258.014318,15.210,6,6,23.380,0.00000,0.077,0.301,89.292,640.7,0.6513,23.380,0.0500,5.000,0,0
1766331258.079904,15.069,6,6,23.378,0.00000,0.077,0.300,89.292,640.4,0.6518,23.378,0.0500,5.000,0,0
1766331258.146973,14.976,6,6,23.368,0.00000,0.077,0.300,89.292,640.3,0.6516,23.368,0.0500,5.000,0,0
1766331258.213284,15.123,6,6,23.383,0.00000,0.078,0.301,89.292,640.5,0.6511,23.383,0.0500,5.000,0,0
1766331258.278425,15.157,6,6,23.375,0.00000,0.077,0.301,89.292,640.5,0.6513,23.375,0.0500,5.000,0,0
1766331258.345760,15.185,6,6,23.384,0.00000,0.077,0.300,89.292,640.3,0.6511,23.384,0.0500,5.000,0,0
1766331258.411451,15.081,6,6,23.387,0.00000,0.077,0.301,89.292,640.5,0.6515,23.387,0.0500,5.000,0,0
1766331258.483198,14.352,6,6,23.361,0.00000,0.077,0.299,89.292,640.3,0.6517,23.361,0.0500,5.000,0,0
1766331258.543619,16.077,6,6,23.370,0.00000,0.077,0.300,89.292,640.3,0.6515,23.370,0.0500,5.000,0,0
1766331258.610147,15.125,6,6,23.381,0.00000,0.077,0.302,89.292,640.3,0.6512,23.381,0.0500,5.000,0,0
1766331258.675858,15.142,6,6,23.386,0.00000,0.077,0.301,89.292,640.2,0.6509,23.386,0.0500,5.000,0,0
1766331258.743112,15.207,6,6,23.382,0.00000,0.077,0.301,89.292,640.6,0.6516,23.382,0.0500,5.000,0,0
1766331258.807577,15.085,6,6,23.384,0.00000,0.076,0.302,89.292,640.7,0.6514,23.384,0.0500,5.000,0,0
1766331258.872533,15.228,6,6,23.366,0.00000,0.078,0.299,89.292,640.2,0.6516,23.366,0.0500,5.000,0,0
1766331258.941951,14.976,6,6,23.369,0.00000,0.077,0.300,89.292,640.4,0.6515,23.369,0.0500,5.000,0,0
1766331259.010862,15.181,6,6,23.372,0.00000,0.077,0.300,89.292,640.2,0.6513,23.372,0.0500,5.000,0,0
1766331259.076217,15.040,6,6,23.368,0.00000,0.077,0.299,89.292,640.4,0.6515,23.368,0.0500,5.000,0,0
1766331259.145903,15.217,6,6,23.377,0.00000,0.077,0.301,89.292,640.1,0.6507,23.377,0.0500,5.000,0,0
1766331259.269574,7.631,6,6,23.383,0.00000,0.078,0.301,89.292,640.1,0.6510,23.383,0.0500,5.000,0,0
1766331259.336433,15.013,6,6,23.369,0.00000,0.077,0.301,89.292,640.2,0.6518,23.369,0.0500,5.000,0,0
1766331259.400864,15.693,6,6,23.377,0.00000,0.077,0.300,89.292,640.7,0.6517,23.377,0.0500,5.000,0,0
1766331259.466597,14.665,6,6,23.377,0.00000,0.077,0.301,89.292,640.5,0.6514,23.377,0.0500,5.000,0,0
1766331259.537560,15.267,6,6,23.386,0.00000,0.077,0.300,89.292,640.2,0.6509,23.386,0.0500,5.000,0,0
1766331259.633840,10.110,6,6,23.368,0.00000,0.077,0.299,89.292,640.6,0.6519,23.368,0.0500,5.000,0,0
1766331259.696207,15.532,6,6,23.371,0.00000,0.077,0.299,89.292,640.3,0.6520,23.371,0.0500,5.000,0,0
1766331259.762806,15.119,6,6,23.354,0.00000,0.077,0.299,89.292,640.3,0.6517,23.354,0.0500,5.000,0,0
1766331259.832568,15.110,6,6,23.376,0.00000,0.077,0.299,89.292,640.6,0.6517,23.376,0.0500,5.000,0,0
1766331259.896276,14.993,6,6,23.371,0.00000,0.078,0.300,89.292,640.1,0.6513,23.371,0.0500,5.000,0,0
1766331259.961828,15.283,6,6,23.366,0.00000,0.077,0.301,89.292,640.1,0.6511,23.366,0.0500,5.000,0,0
1766331260.033643,15.260,6,6,23.383,0.00000,0.078,0.301,89.292,639.9,0.6510,23.383,0.0500,5.000,0,0
1766331260.111931,14.989,6,6,23.380,0.00000,0.077,0.302,89.292,640.0,0.6515,23.380,0.0500,5.000,0,0
1766331260.197812,10.167,6,6,23.358,0.00000,0.077,0.301,89.292,640.1,0.6516,23.358,0.0500,5.000,0,0
1766331260.267085,15.100,6,6,23.381,0.00000,0.077,0.301,89.292,640.2,0.6513,23.381,0.0500,5.000,0,0
1766331260.334157,15.273,6,6,23.376,0.00000,0.077,0.301,89.292,640.4,0.6516,23.376,0.0500,5.000,0,0
1766331260.393821,14.664,6,6,23.357,0.00000,0.077,0.300,89.292,640.2,0.6517,23.357,0.0500,5.000,0,0
1766331260.462061,15.406,6,6,23.381,0.00000,0.077,0.301,89.292,640.2,0.6512,23.381,0.0500,5.000,0,0
1766331260.526108,15.192,6,6,23.377,0.00000,0.078,0.301,89.292,640.3,0.6510,23.377,0.0500,5.000,0,0
1766331260.593919,15.193,6,6,23.378,0.00000,0.077,0.301,89.292,640.1,0.6513,23.378,0.0500,5.000,0,0
1766331260.686312,10.063,6,6,23.366,0.00000,0.077,0.302,89.292,640.2,0.6516,23.366,0.0500,5.000,0,0
1766331260.768523,15.301,6,6,23.375,0.00000,0.077,0.301,89.292,640.4,0.6521,23.375,0.0500,5.000,0,0
1766331260.873525,12.353,6,6,23.403,0.00000,0.077,0.300,89.292,640.8,0.6510,23.403,0.0500,5.000,0,0
1766331260.952556,8.519,6,6,23.376,0.00000,0.077,0.299,89.292,640.2,0.6515,23.376,0.0500,5.000,0,0
1766331261.018757,14.990,6,6,23.359,0.00000,0.077,0.300,89.292,640.2,0.6517,23.359,0.0500,5.000,0,0
1766331261.083514,15.241,6,6,23.382,0.00000,0.077,0.300,89.292,640.6,0.6514,23.382,0.0500,5.000,0,0
1766331261.152257,14.949,6,6,23.360,0.00000,0.077,0.301,89.292,639.5,0.6520,23.360,0.0500,5.000,0,0
1766331261.216913,15.575,6,6,23.354,0.00000,0.077,0.300,89.292,640.1,0.6514,23.354,0.0500,5.000,0,0
1766331261.290325,15.077,6,6,23.378,0.00000,0.077,0.300,89.292,640.5,0.6514,23.378,0.0500,5.000,0,0
1766331261.350651,15.248,6,6,23.389,0.00000,0.078,0.301,89.292,640.0,0.6511,23.389,0.0500,5.000,0,0
1766331261.414707,14.810,6,6,23.379,0.00000,0.077,0.301,89.292,640.4,0.6513,23.379,0.0500,5.000,0,0
1766331261.484634,15.222,6,6,23.383,0.00000,0.077,0.302,89.292,640.6,0.6512,23.383,0.0500,5.000,0,0
1766331261.547921,15.143,6,6,23.369,0.00000,0.077,0.301,89.292,640.5,0.6517,23.369,0.0500,5.000,0,0
1766331261.612404,15.401,6,6,23.363,0.00000,0.077,0.299,89.292,640.4,0.6515,23.363,0.0500,5.000,0,0
1766331261.679936,14.882,6,6,23.381,0.00000,0.077,0.302,89.292,640.1,0.6513,23.381,0.0500,5.000,0,0
1766331261.748139,15.099,6,6,23.375,0.00000,0.077,0.300,89.292,640.6,0.6516,23.375,0.0500,5.000,0,0
1766331261.817481,15.359,6,6,23.380,0.00000,0.077,0.301,89.292,640.1,0.6508,23.380,0.0500,5.000,0,0
1766331261.918080,14.927,6,6,23.378,0.00000,0.077,0.300,89.292,640.1,0.6514,23.378,0.0500,5.000,0,0
1766331262.000978,10.222,6,6,23.383,0.00000,0.077,0.301,89.292,640.6,0.6515,23.383,0.0500,5.000,0,0
1766331262.103994,7.632,6,6,23.362,0.00000,0.077,0.300,89.292,640.4,0.6516,23.362,0.0500,5.000,0,0
1766331262.187932,15.073,6,6,23.352,0.00000,0.076,0.300,89.292,640.1,0.6526,23.352,0.0500,5.000,0,0
1766331262.240795,15.132,6,6,23.369,0.00000,0.077,0.301,89.292,640.4,0.6517,23.369,0.0500,5.000,0,0
1766331262.303202,15.100,6,6,23.374,0.00000,0.077,0.301,89.292,640.6,0.6520,23.374,0.0500,5.000,0,0
1766331262.367438,15.190,6,6,23.371,0.00000,0.077,0.299,89.292,640.4,0.6522,23.371,0.0500,5.000,0,0
1766331262.433494,15.022,6,6,23.360,0.00000,0.077,0.301,89.292,640.4,0.6516,23.360,0.0500,5.000,0,0
1766331262.559541,15.319,6,6,23.374,0.00000,0.076,0.302,89.292,640.6,0.6511,23.374,0.0500,5.000,0,0
1766331262.635179,7.557,6,6,23.380,0.00000,0.077,0.300,89.292,640.5,0.6514,23.380,0.0500,5.000,0,0
1766331262.702838,14.956,6,6,23.380,0.00000,0.077,0.300,89.292,640.7,0.6517,23.380,0.0500,5.000,0,0
1766331262.766564,15.280,6,6,23.372,0.00000,0.077,0.302,89.292,640.6,0.6515,23.372,0.0500,5.000,0,0
1766331262.831613,15.067,6,6,23.378,0.00000,0.077,0.300,89.292,640.5,0.6521,23.378,0.0500,5.000,0,0
1766331262.933624,15.345,6,6,23.362,0.00000,0.077,0.299,89.292,640.5,0.6520,23.362,0.0500,5.000,0,0
1766331263.056458,10.103,6,6,23.403,0.00000,0.078,0.301,89.292,640.3,0.6511,23.403,0.0500,5.000,0,0
1766331263.129994,7.535,6,6,23.375,0.00000,0.077,0.300,89.292,640.3,0.6514,23.375,0.0500,5.000,0,0
1766331263.199273,15.337,6,6,23.376,0.00000,0.077,0.301,89.292,640.2,0.6510,23.376,0.0500,5.000,0,0
1766331263.264016,15.165,6,6,23.365,0.00000,0.077,0.300,89.292,640.5,0.6516,23.365,0.0500,5.000,0,0
1766331263.327815,15.108,6,6,23.354,0.00000,0.077,0.299,89.292,640.1,0.6519,23.354,0.0500,5.000,0,0
1766331263.393304,15.052,6,6,23.374,0.00000,0.077,0.301,89.292,639.9,0.6512,23.374,0.0500,5.000,0,0
1766331263.458178,15.206,6,6,23.381,0.00000,0.077,0.301,89.292,640.2,0.6516,23.381,0.0500,5.000,0,0
1766331263.524311,15.175,6,6,23.383,0.00000,0.077,0.301,89.292,640.5,0.6510,23.383,0.0500,5.000,0,0
1766331263.592550,15.052,6,6,23.396,0.00000,0.077,0.301,89.292,640.0,0.6508,23.396,0.0500,5.000,0,0
1766331263.658547,15.067,6,6,23.392,0.00000,0.077,0.301,89.292,640.5,0.6511,23.392,0.0500,5.000,0,0
1766331263.722819,15.160,6,6,23.368,0.00000,0.077,0.301,89.292,640.3,0.6511,23.368,0.0500,5.000,0,0
1766331263.788190,15.037,6,6,23.365,0.00000,0.077,0.300,89.292,640.2,0.6514,23.365,0.0500,5.000,0,0
1766331263.857014,15.134,6,6,23.391,0.00000,0.077,0.302,89.292,640.6,0.6511,23.391,0.0500,5.000,0,0
1766331263.925469,15.218,6,6,23.367,0.00000,0.077,0.301,89.292,640.2,0.6512,23.367,0.0500,5.000,0,0
1766331263.992788,15.044,6,6,23.382,0.00000,0.077,0.300,89.292,640.2,0.6511,23.382,0.0500,5.000,0,0
