#{"config": {"calib_path_resolved": "/Users/Andreas/Desktop/ptl24_marker/common/calib/calib.yaml", "cli_overrides": ["adapt", "camera", "config", "debug_metrics", "ekf", "ema_alpha", "extrinsics", "fps", "height", "hud", "print_tilt", "ransac", "rig", "save_poses", "use_weighted_se3", "video", "width"], "config_path": "/Users/Andreas/Desktop/ptl24_marker/phase_b/config.yaml", "extrinsics_path_resolved": "/Users/Andreas/Desktop/ptl24_marker/common/extrinsics/T_WC.yaml", "rig_path_resolved": "/Users/Andreas/Desktop/ptl24_marker/phase_b/rigs/cyl_dotec.yaml", "runtime": {"bench": {"print_every": 60}, "fuse": {"axis_len_m": 0.1, "ema_alpha": 0.25, "use_weighted_se3": true}, "health": {"max_tilt_jump_deg": 15.0}, "hud": {"enabled": true}, "logging": {"debug_metrics_csv": "phase_b/v2/debug_dotec_check.csv", "poses_csv": "phase_b/v2/poses_dotec_check.csv"}, "ransac": {"A_ref_px2": 12000.0, "adaptive": true, "base_rot_deg": 5.0, "base_trans_m": 0.05, "min_inliers": 3, "rot_max_deg": 5.0, "trans_max_m": 0.05}, "video": {"device": "1", "fps": 30.0, "height": 1080, "width": 1920}}, "yaml": {"bench": {"print_every": 60}, "fuse": {"axis_len_m": 0.1, "ema_alpha": 0.3, "use_weighted_se3": true}, "health": {"max_tilt_jump_deg": 15}, "hud": {"enabled": true}, "logging": {"debug_metrics_csv": "phase_b/debug_metrics.csv", "poses_csv": "phase_b/poses.csv"}, "ransac": {"A_ref_px2": 12000, "adaptive": false, "base_rot_deg": 5, "base_trans_m": 0.05, "min_inliers": 3, "rot_max_deg": 5, "trans_max_m": 0.05}, "video": {"device": 2, "fps": 30, "height": 1080, "width": 1920}}}, "files": {"camera_calib": {"path": "/Users/Andreas/Desktop/ptl24_marker/common/calib/calib.yaml", "sha256": "a3583ec3b05ec4397f74222c4802234f7ee960b25f93061cb951120e268bc42f"}, "config": {"path": "/Users/Andreas/Desktop/ptl24_marker/phase_b/config.yaml", "sha256": "9c664548f0c4998345c599764857540af456008cc4bf230d90b575c908eaec28"}, "extrinsics": {"path": "/Users/Andreas/Desktop/ptl24_marker/common/extrinsics/T_WC.yaml", "sha256": "e03e2d3cb9ab767f90fac0f399769f4b339fe3fb3f711669b0cb05a6c895abd4"}, "rig": {"path": "/Users/Andreas/Desktop/ptl24_marker/phase_b/rigs/cyl_dotec.yaml", "sha256": "9736191d05aabb632fd2ee895ca3674d0f4aef8ce615de526d190722fdc258ff"}}, "git_commit": null, "timestamp": 1765382553.620288}
timestamp,frame,used_ids,decision_margins,rvec_cam_x,rvec_cam_y,rvec_cam_z,tvec_cam_x,tvec_cam_y,tvec_cam_z,rvec_world_x,rvec_world_y,rvec_world_z,tvec_world_x,tvec_world_y,tvec_world_z,tilt_cam_deg,tilt_world_deg
1765382553.836225,0,103;108;109;200;201;202,49.857;61.403;54.227;70.392;91.368;87.001,-1.0140539853717925,0.9509886524747753,-1.7067770341248871,-0.2816355390063702,0.1303946638815351,0.584609921971607,,,,,,,68.530,
1765382554.003682,1,103;108;109;200;201;202,49.857;61.403;54.227;70.392;91.368;87.001,-1.0140539853717925,0.9509886524747753,-1.7067770341248871,-0.2816355390063702,0.1303946638815351,0.584609921971607,,,,,,,68.530,
1765382554.221187,2,103;108;109;200;201;202,49.857;61.403;54.227;70.392;91.368;87.001,-1.0140539853717925,0.9509886524747753,-1.7067770341248871,-0.2816355390063702,0.1303946638815351,0.584609921971607,,,,,,,68.530,
1765382554.371215,3,103;108;109;200;201;202,49.857;61.403;54.227;70.392;91.368;87.001,-1.0140539853717925,0.9509886524747753,-1.7067770341248871,-0.2816355390063702,0.1303946638815351,0.584609921971607,,,,,,,68.530,
1765382554.576701,4,103;108;109;200;201;202,49.857;61.403;54.227;70.392;91.368;87.001,-1.0140539853717925,0.9509886524747753,-1.7067770341248871,-0.2816355390063702,0.1303946638815351,0.584609921971607,,,,,,,68.530,
1765382554.826670,5,103;108;109;200;201;202,49.857;61.403;54.227;70.392;91.368;87.001,-1.0140539853717925,0.9509886524747753,-1.7067770341248871,-0.2816355390063702,0.1303946638815351,0.584609921971607,,,,,,,68.530,
1765382555.004940,6,103;108;109;200;201;202,49.857;61.403;54.227;70.392;91.368;87.001,-1.0140539853717925,0.9509886524747753,-1.7067770341248871,-0.2816355390063702,0.1303946638815351,0.584609921971607,,,,,,,68.530,
1765382555.179502,7,103;108;109;200;201;202,49.857;61.403;54.227;70.392;91.368;87.001,-1.0140539853717925,0.9509886524747753,-1.7067770341248871,-0.2816355390063702,0.1303946638815351,0.584609921971607,,,,,,,68.530,
1765382555.326009,8,103;108;109;200;201;202,49.857;61.403;54.227;70.392;91.368;87.001,-1.0140539853717925,0.9509886524747753,-1.7067770341248871,-0.2816355390063702,0.1303946638815351,0.584609921971607,,,,,,,68.530,
1765382555.507461,9,103;108;109;200;201;202,49.857;61.403;54.227;70.392;91.368;87.001,-1.0140539853717925,0.9509886524747753,-1.7067770341248871,-0.2816355390063702,0.1303946638815351,0.584609921971607,,,,,,,68.530,
1765382555.701443,10,103;108;109;200;201;202,49.857;61.403;54.227;70.392;91.368;87.001,-1.0140539853717925,0.9509886524747753,-1.7067770341248871,-0.2816355390063702,0.1303946638815351,0.584609921971607,,,,,,,68.530,
1765382555.913711,11,103;108;109;200;201;202,49.857;61.403;54.227;70.392;91.368;87.001,-1.0140539853717925,0.9509886524747753,-1.7067770341248871,-0.2816355390063702,0.1303946638815351,0.584609921971607,,,,,,,68.530,
1765382556.140262,12,103;108;109;200;201;202,49.857;61.403;54.227;70.392;91.368;87.001,-1.0140539853717925,0.9509886524747753,-1.7067770341248871,-0.2816355390063702,0.1303946638815351,0.584609921971607,,,,,,,68.530,
1765382556.351777,13,103;108;109;200;201;202,49.857;61.403;54.227;70.392;91.368;87.001,-1.0140539853717925,0.9509886524747753,-1.7067770341248871,-0.2816355390063702,0.1303946638815351,0.584609921971607,,,,,,,68.530,
1765382556.529557,14,103;108;109;200;201;202,49.857;61.403;54.227;70.392;91.368;87.001,-1.0140539853717925,0.9509886524747753,-1.7067770341248871,-0.2816355390063702,0.1303946638815351,0.584609921971607,,,,,,,68.530,
1765382556.795079,15,103;108;109;200;201;202,49.857;61.403;54.227;70.392;91.368;87.001,-1.0140539853717925,0.9509886524747753,-1.7067770341248871,-0.2816355390063702,0.1303946638815351,0.584609921971607,,,,,,,68.530,
1765382556.981595,16,103;108;109;200;201;202,49.857;61.403;54.227;70.392;91.368;87.001,-1.0140539853717925,0.9509886524747753,-1.7067770341248871,-0.2816355390063702,0.1303946638815351,0.584609921971607,,,,,,,68.530,
1765382557.145038,17,103;108;109;200;201;202,49.857;61.403;54.227;70.392;91.368;87.001,-1.0140539853717925,0.9509886524747753,-1.7067770341248871,-0.2816355390063702,0.1303946638815351,0.584609921971607,,,,,,,68.530,
1765382557.304170,18,103;108;109;200;201;202,49.857;61.403;54.227;70.392;91.368;87.001,-1.0140539853717925,0.9509886524747753,-1.7067770341248871,-0.2816355390063702,0.1303946638815351,0.584609921971607,,,,,,,68.530,
1765382557.469097,19,103;108;109;200;201;202,49.857;61.403;54.227;70.392;91.368;87.001,-1.0140539853717925,0.9509886524747753,-1.7067770341248871,-0.2816355390063702,0.1303946638815351,0.584609921971607,,,,,,,68.530,
1765382557.646410,20,103;108;109;200;201;202,49.857;61.403;54.227;70.392;91.368;87.001,-1.0140539853717925,0.9509886524747753,-1.7067770341248871,-0.2816355390063702,0.1303946638815351,0.584609921971607,,,,,,,68.530,
1765382557.805465,21,103;108;109;200;201;202,49.857;61.403;54.227;70.392;91.368;87.001,-1.0140539853717925,0.9509886524747753,-1.7067770341248871,-0.2816355390063702,0.1303946638815351,0.584609921971607,,,,,,,68.530,
1765382557.967646,22,103;108;109;200;201;202,49.857;61.403;54.227;70.392;91.368;87.001,-1.0140539853717925,0.9509886524747753,-1.7067770341248871,-0.2816355390063702,0.1303946638815351,0.584609921971607,,,,,,,68.530,
1765382558.132163,23,103;108;109;200;201;202,49.857;61.403;54.227;70.392;91.368;87.001,-1.0140539853717925,0.9509886524747753,-1.7067770341248871,-0.2816355390063702,0.1303946638815351,0.584609921971607,,,,,,,68.530,
1765382558.304536,24,103;108;109;200;201;202,49.857;61.403;54.227;70.392;91.368;87.001,-1.0140539853717925,0.9509886524747753,-1.7067770341248871,-0.2816355390063702,0.1303946638815351,0.584609921971607,,,,,,,68.530,
1765382558.469947,25,103;108;109;200;201;202,49.857;61.403;54.227;70.392;91.368;87.001,-1.0140539853717925,0.9509886524747753,-1.7067770341248871,-0.2816355390063702,0.1303946638815351,0.584609921971607,,,,,,,68.530,
1765382558.628730,26,103;108;109;200;201;202,49.857;61.403;54.227;70.392;91.368;87.001,-1.0140539853717925,0.9509886524747753,-1.7067770341248871,-0.2816355390063702,0.1303946638815351,0.584609921971607,,,,,,,68.530,
1765382558.806481,27,103;108;109;200;201;202,49.857;61.403;54.227;70.392;91.368;87.001,-1.0140539853717925,0.9509886524747753,-1.7067770341248871,-0.2816355390063702,0.1303946638815351,0.584609921971607,,,,,,,68.530,
1765382558.987897,28,103;108;109;200;201;202,49.857;61.403;54.227;70.392;91.368;87.001,-1.0140539853717925,0.9509886524747753,-1.7067770341248871,-0.2816355390063702,0.1303946638815351,0.584609921971607,,,,,,,68.530,
1765382559.201520,29,103;108;109;200;201;202,49.857;61.403;54.227;70.392;91.368;87.001,-1.0140539853717925,0.9509886524747753,-1.7067770341248871,-0.2816355390063702,0.1303946638815351,0.584609921971607,,,,,,,68.530,
1765382559.620361,30,103;108;109;200;201;202,49.857;61.403;54.227;70.392;91.368;87.001,-1.0140539853717925,0.9509886524747753,-1.7067770341248871,-0.2816355390063702,0.1303946638815351,0.584609921971607,,,,,,,68.530,
1765382559.988779,31,103;108;109;200;201;202,49.857;61.403;54.227;70.392;91.368;87.001,-1.0140539853717925,0.9509886524747753,-1.7067770341248871,-0.2816355390063702,0.1303946638815351,0.584609921971607,,,,,,,68.530,
1765382560.240165,32,103;108;109;200;201;202,49.857;61.403;54.227;70.392;91.368;87.001,-1.0140539853717925,0.9509886524747753,-1.7067770341248871,-0.2816355390063702,0.1303946638815351,0.584609921971607,,,,,,,68.530,
1765382560.517655,33,103;108;109;200;201;202,49.857;61.403;54.227;70.392;91.368;87.001,-1.0140539853717925,0.9509886524747753,-1.7067770341248871,-0.2816355390063702,0.1303946638815351,0.584609921971607,,,,,,,68.530,
1765382560.725764,34,103;108;109;200;201;202,49.857;61.403;54.227;70.392;91.368;87.001,-1.0140539853717925,0.9509886524747753,-1.7067770341248871,-0.2816355390063702,0.1303946638815351,0.584609921971607,,,,,,,68.530,
1765382560.917406,35,103;108;109;200;201;202,49.857;61.403;54.227;70.392;91.368;87.001,-1.0140539853717925,0.9509886524747753,-1.7067770341248871,-0.2816355390063702,0.1303946638815351,0.584609921971607,,,,,,,68.530,
1765382561.069348,36,103;108;109;200;201;202,49.857;61.403;54.227;70.392;91.368;87.001,-1.0140539853717925,0.9509886524747753,-1.7067770341248871,-0.2816355390063702,0.1303946638815351,0.584609921971607,,,,,,,68.530,
1765382561.233748,37,103;108;109;200;201;202,49.857;61.403;54.227;70.392;91.368;87.001,-1.0140539853717925,0.9509886524747753,-1.7067770341248871,-0.2816355390063702,0.1303946638815351,0.584609921971607,,,,,,,68.530,
1765382561.396322,38,103;108;109;200;201;202,49.857;61.403;54.227;70.392;91.368;87.001,-1.0140539853717925,0.9509886524747753,-1.7067770341248871,-0.2816355390063702,0.1303946638815351,0.584609921971607,,,,,,,68.530,
1765382561.594932,39,103;108;109;200;201;202,49.857;61.403;54.227;70.392;91.368;87.001,-1.0140539853717925,0.9509886524747753,-1.7067770341248871,-0.2816355390063702,0.1303946638815351,0.584609921971607,,,,,,,68.530,
1765382561.767044,40,103;108;109;200;201;202,49.857;61.403;54.227;70.392;91.368;87.001,-1.0140539853717925,0.9509886524747753,-1.7067770341248871,-0.2816355390063702,0.1303946638815351,0.584609921971607,,,,,,,68.530,
1765382561.943929,41,103;108;109;200;201;202,49.857;61.403;54.227;70.392;91.368;87.001,-1.0140539853717925,0.9509886524747753,-1.7067770341248871,-0.2816355390063702,0.1303946638815351,0.584609921971607,,,,,,,68.530,
1765382562.114530,42,103;108;109;200;201;202,49.857;61.403;54.227;70.392;91.368;87.001,-1.0140539853717925,0.9509886524747753,-1.7067770341248871,-0.2816355390063702,0.1303946638815351,0.584609921971607,,,,,,,68.530,
1765382562.294122,43,103;108;109;200;201;202,49.857;61.403;54.227;70.392;91.368;87.001,-1.0140539853717925,0.9509886524747753,-1.7067770341248871,-0.2816355390063702,0.1303946638815351,0.584609921971607,,,,,,,68.530,
1765382562.536607,44,103;108;109;200;201;202,49.857;61.403;54.227;70.392;91.368;87.001,-1.0140539853717925,0.9509886524747753,-1.7067770341248871,-0.2816355390063702,0.1303946638815351,0.584609921971607,,,,,,,68.530,
1765382562.745040,45,103;108;109;200;201;202,49.857;61.403;54.227;70.392;91.368;87.001,-1.0140539853717925,0.9509886524747753,-1.7067770341248871,-0.2816355390063702,0.1303946638815351,0.584609921971607,,,,,,,68.530,
1765382562.903635,46,103;108;109;200;201;202,49.857;61.403;54.227;70.392;91.368;87.001,-1.0140539853717925,0.9509886524747753,-1.7067770341248871,-0.2816355390063702,0.1303946638815351,0.584609921971607,,,,,,,68.530,
1765382563.061363,47,103;108;109;200;201;202,49.857;61.403;54.227;70.392;91.368;87.001,-1.0140539853717925,0.9509886524747753,-1.7067770341248871,-0.2816355390063702,0.1303946638815351,0.584609921971607,,,,,,,68.530,
1765382563.232179,48,103;108;109;200;201;202,49.857;61.403;54.227;70.392;91.368;87.001,-1.0140539853717925,0.9509886524747753,-1.7067770341248871,-0.2816355390063702,0.1303946638815351,0.584609921971607,,,,,,,68.530,
1765382563.414665,49,103;108;109;200;201;202,49.857;61.403;54.227;70.392;91.368;87.001,-1.0140539853717925,0.9509886524747753,-1.7067770341248871,-0.2816355390063702,0.1303946638815351,0.584609921971607,,,,,,,68.530,
1765382563.599131,50,103;108;109;200;201;202,49.857;61.403;54.227;70.392;91.368;87.001,-1.0140539853717925,0.9509886524747753,-1.7067770341248871,-0.2816355390063702,0.1303946638815351,0.584609921971607,,,,,,,68.530,
1765382563.782779,51,103;108;109;200;201;202,49.857;61.403;54.227;70.392;91.368;87.001,-1.0140539853717925,0.9509886524747753,-1.7067770341248871,-0.2816355390063702,0.1303946638815351,0.584609921971607,,,,,,,68.530,
1765382563.941352,52,103;108;109;200;201;202,49.857;61.403;54.227;70.392;91.368;87.001,-1.0140539853717925,0.9509886524747753,-1.7067770341248871,-0.2816355390063702,0.1303946638815351,0.584609921971607,,,,,,,68.530,
1765382564.109572,53,103;108;109;200;201;202,49.857;61.403;54.227;70.392;91.368;87.001,-1.0140539853717925,0.9509886524747753,-1.7067770341248871,-0.2816355390063702,0.1303946638815351,0.584609921971607,,,,,,,68.530,
1765382564.294731,54,103;108;109;200;201;202,49.857;61.403;54.227;70.392;91.368;87.001,-1.0140539853717925,0.9509886524747753,-1.7067770341248871,-0.2816355390063702,0.1303946638815351,0.584609921971607,,,,,,,68.530,
1765382564.469300,55,103;108;109;200;201;202,49.857;61.403;54.227;70.392;91.368;87.001,-1.0140539853717925,0.9509886524747753,-1.7067770341248871,-0.2816355390063702,0.1303946638815351,0.584609921971607,,,,,,,68.530,
1765382564.609498,56,103;108;109;200;201;202,49.857;61.403;54.227;70.392;91.368;87.001,-1.0140539853717925,0.9509886524747753,-1.7067770341248871,-0.2816355390063702,0.1303946638815351,0.584609921971607,,,,,,,68.530,
1765382564.743801,57,103;108;109;200;201;202,49.857;61.403;54.227;70.392;91.368;87.001,-1.0140539853717925,0.9509886524747753,-1.7067770341248871,-0.2816355390063702,0.1303946638815351,0.584609921971607,,,,,,,68.530,
1765382564.874925,58,103;108;109;200;201;202,49.857;61.403;54.227;70.392;91.368;87.001,-1.0140539853717925,0.9509886524747753,-1.7067770341248871,-0.2816355390063702,0.1303946638815351,0.584609921971607,,,,,,,68.530,
1765382565.006349,59,103;108;109;200;201;202,49.857;61.403;54.227;70.392;91.368;87.001,-1.0140539853717925,0.9509886524747753,-1.7067770341248871,-0.2816355390063702,0.1303946638815351,0.584609921971607,,,,,,,68.530,
1765382565.142529,60,103;108;109;200;201;202,49.857;61.403;54.227;70.392;91.368;87.001,-1.0140539853717925,0.9509886524747753,-1.7067770341248871,-0.2816355390063702,0.1303946638815351,0.584609921971607,,,,,,,68.530,
1765382565.300742,61,103;108;109;200;201;202,49.857;61.403;54.227;70.392;91.368;87.001,-1.0140539853717925,0.9509886524747753,-1.7067770341248871,-0.2816355390063702,0.1303946638815351,0.584609921971607,,,,,,,68.530,
1765382565.431467,62,103;108;109;200;201;202,49.857;61.403;54.227;70.392;91.368;87.001,-1.0140539853717925,0.9509886524747753,-1.7067770341248871,-0.2816355390063702,0.1303946638815351,0.584609921971607,,,,,,,68.530,
1765382565.580910,63,103;108;109;200;201;202,49.857;61.403;54.227;70.392;91.368;87.001,-1.0140539853717925,0.9509886524747753,-1.7067770341248871,-0.2816355390063702,0.1303946638815351,0.584609921971607,,,,,,,68.530,
1765382565.657028,64,103;108;109;200;201;202,49.857;61.403;54.227;70.392;91.368;87.001,-1.0140539853717925,0.9509886524747753,-1.7067770341248871,-0.2816355390063702,0.1303946638815351,0.584609921971607,,,,,,,68.530,
1765382565.770169,65,103;108;109;200;201;202,49.857;61.403;54.227;70.392;91.368;87.001,-1.0140539853717925,0.9509886524747753,-1.7067770341248871,-0.2816355390063702,0.1303946638815351,0.584609921971607,,,,,,,68.530,
1765382565.846784,66,103;108;109;200;201;202,49.857;61.403;54.227;70.392;91.368;87.001,-1.0140539853717925,0.9509886524747753,-1.7067770341248871,-0.2816355390063702,0.1303946638815351,0.584609921971607,,,,,,,68.530,
1765382565.963684,67,103;108;109;201;202,50.497;63.164;55.273;94.490;83.814,-0.9585690370228594,0.9706104746596722,-1.7420656912164003,-0.21797565539003577,0.12907715648327656,0.5703553256478808,,,,,,,66.901,
1765382566.102075,68,103;108;109;201;202,50.497;63.164;55.273;94.490;83.814,-0.9585690370228594,0.9706104746596722,-1.7420656912164003,-0.21797565539003577,0.12907715648327656,0.5703553256478808,,,,,,,66.901,
1765382566.251983,69,103;108;109;201;202,50.497;63.164;55.273;94.490;83.814,-0.9585690370228594,0.9706104746596722,-1.7420656912164003,-0.21797565539003577,0.12907715648327656,0.5703553256478808,,,,,,,66.901,
1765382566.386134,70,103;108;109;201;202,50.497;63.164;55.273;94.490;83.814,-0.9585690370228594,0.9706104746596722,-1.7420656912164003,-0.21797565539003577,0.12907715648327656,0.5703553256478808,,,,,,,66.901,
1765382566.529144,71,103;108;109;201;202,53.377;63.789;56.994;90.182;78.276,-0.9184884295675245,0.9852861486192367,-1.7653500251391223,-0.16794614574685449,0.12466940297404672,0.5614527117802579,,,,,,,65.832,
1765382566.695124,72,103;108;109;201;202,54.101;63.014;55.536;87.735;85.641,-0.8842649387851609,0.9959560064608687,-1.783915980063714,-0.1294080196851451,0.1197354701797909,0.5558567666145736,,,,,,,64.916,
1765382566.855836,73,103;108;109;201;202,54.101;63.014;55.536;87.735;85.641,-0.8842649387851609,0.9959560064608687,-1.783915980063714,-0.1294080196851451,0.1197354701797909,0.5558567666145736,,,,,,,64.916,
1765382566.994199,74,103;108;109;200;201,53.446;63.316;57.601;69.102;88.898,-0.8705575146958224,0.9524802920047782,-1.8717863902148186,-0.0939576866221956,0.11111215773713715,0.5408523275768379,,,,,,,61.988,
1765382567.138667,75,103;108;109;200;201,53.446;63.316;57.601;69.102;88.898,-0.8705575146958224,0.9524802920047782,-1.8717863902148186,-0.0939576866221956,0.11111215773713715,0.5408523275768379,,,,,,,61.988,
1765382567.276546,76,103;108;109;201;202,52.882;64.790;57.076;85.086;69.082,-0.8524275130876987,0.9715411237185878,-1.8612756895911549,-0.07209717261729928,0.10783129947281614,0.5420913648544422,,,,,,,62.207,
1765382567.396811,77,103;108;109;201;202,51.902;62.975;55.524;88.510;74.917,-0.8377764352865794,0.9870331847503059,-1.8549791807231433,-0.05644340369427558,0.10495572192904294,0.5437664930715751,,,,,,,62.379,
1765382567.525642,78,103;108;109;201;202,51.902;62.975;55.524;88.510;74.917,-0.8377764352865794,0.9870331847503059,-1.8549791807231433,-0.05644340369427558,0.10495572192904294,0.5437664930715751,,,,,,,62.379,
1765382567.654074,79,103;108;109;200;201,53.026;63.743;57.518;71.080;85.416,-0.8332837818510145,0.9421554919094491,-1.9263804800456585,-0.0386039915227335,0.09546424177396491,0.5339702103589085,,,,,,,59.879,
1765382567.756933,80,103;108;109;201;202,53.539;38.870;46.233;65.816;36.451,-0.8681909710321588,0.9597750712339732,-1.88852459764941,-0.034927603911476715,0.09521912982607827,0.5448798327106373,,,,,,,61.961,
1765382567.840290,81,103;108;109;201;202,53.539;38.870;46.233;65.816;36.451,-0.8681909710321588,0.9597750712339732,-1.88852459764941,-0.034927603911476715,0.09521912982607827,0.5448798327106373,,,,,,,61.961,
1765382567.913685,82,103;108;109;201;202,53.539;38.870;46.233;65.816;36.451,-0.8681909710321588,0.9597750712339732,-1.88852459764941,-0.034927603911476715,0.09521912982607827,0.5448798327106373,,,,,,,61.961,
1765382567.977963,83,103;108;109;201;202,53.539;38.870;46.233;65.816;36.451,-0.8681909710321588,0.9597750712339732,-1.88852459764941,-0.034927603911476715,0.09521912982607827,0.5448798327106373,,,,,,,61.961,
1765382568.108620,84,103;108;109;201;202,51.708;64.366;54.927;81.065;71.156,-0.8283659400500517,0.950696032282361,-1.8855078250209216,-0.05181228623922215,0.10604145900711866,0.5428009497504582,,,,,,,60.496,
1765382568.223015,85,103;108;109;201;202,50.304;57.609;57.506;79.270;57.955,-0.8064894453036904,0.944552645560522,-1.882044268771692,-0.06167254245425949,0.11693433872126305,0.5445456962076813,,,,,,,59.677,
1765382568.374220,86,103;108;109;201;202,50.304;57.609;57.506;79.270;57.955,-0.8064894453036904,0.944552645560522,-1.882044268771692,-0.06167254245425949,0.11693433872126305,0.5445456962076813,,,,,,,59.677,
1765382568.506800,87,103;108;109;201;202,50.304;57.609;57.506;79.270;57.955,-0.8064894453036904,0.944552645560522,-1.882044268771692,-0.06167254245425949,0.11693433872126305,0.5445456962076813,,,,,,,59.677,
1765382568.634838,88,103;108;109;201;202,50.304;57.609;57.506;79.270;57.955,-0.8064894453036904,0.944552645560522,-1.882044268771692,-0.06167254245425949,0.11693433872126305,0.5445456962076813,,,,,,,59.677,
1765382568.768110,89,103;108;109;201;202,49.995;62.441;53.574;87.512;81.528,-0.7879621572371747,0.9442983376562782,-1.8815578959207901,-0.06748969374666954,0.12303483301529802,0.5443000202031392,,,,,,,59.129,
1765382568.915574,90,103;108;109;201;202,50.588;61.445;54.944;77.164;71.899,-0.7757999227589664,0.9433042445884027,-1.876198489148543,-0.06804468588865994,0.1283537575018134,0.541673683792508,,,,,,,58.800,
1765382568.978644,91,103;108;109;201;202,50.588;61.445;54.944;77.164;71.899,-0.7757999227589664,0.9433042445884027,-1.876198489148543,-0.06804468588865994,0.1283537575018134,0.541673683792508,,,,,,,58.800,
1765382569.107120,92,103;108;109;200;201;202,50.852;61.790;54.202;66.473;86.188;75.356,-0.7499891831597431,0.8954022168814613,-1.950705806194457,-0.050883374090465484,0.12042293414050093,0.5302561491983954,,,,,,,55.562,
1765382569.233055,93,103;108;109;201;202,50.565;61.326;54.492;83.337;75.956,-0.753169839228231,0.9143766404400107,-1.9283015663197316,-0.048944094114920934,0.12355523644074465,0.5332904448887147,,,,,,,56.558,
1765382569.394406,94,103;108;109;200;201;202,49.903;60.765;53.515;70.816;88.990;81.788,-0.7304783610772702,0.868838478900226,-1.9962741895681084,-0.037321093065629245,0.11470580468418767,0.5256867928495689,,,,,,,53.592,
1765382569.569798,95,103;108;109;201;202,51.117;61.968;55.237;87.349;83.452,-0.737710744937041,0.8925014552169958,-1.963765573906903,-0.03861298445493279,0.1196919059393203,0.5289629132355501,,,,,,,54.966,
1765382569.713028,96,103;108;109;200;201;202,49.866;61.510;55.212;68.624;86.655;74.473,-0.7195222424074658,0.8545698858364005,-2.016377674485501,-0.031477418859092436,0.11246920452317487,0.5238610768151521,,,,,,,52.573,
1765382569.840065,97,103;108;109;201;202,50.167;62.394;53.859;79.671;70.288,-0.7285232000557035,0.8815437209385822,-1.978237229197581,-0.03436435224538428,0.11908477721195806,0.5266303530135851,,,,,,,54.166,
1765382569.965302,98,103;108;109;200;201;202,51.194;61.430;54.364;59.852;90.682;79.921,-0.7136104070224395,0.8483803468653834,-2.024255544882637,-0.029581623187507237,0.11258435995441439,0.5224749404625888,,,,,,,52.107,
1765382570.104707,99,103;108;109;200;201;202,52.349;60.368;52.965;69.390;88.021;82.404,-0.6988174483239482,0.8176233363677256,-2.063998025001427,-0.024597702490126987,0.10677982061503319,0.5190571357354323,,,,,,,50.221,
1765382570.240014,100,103;108;109;200;201;202,49.557;61.599;53.437;70.284;85.268;84.076,-0.6878801872727484,0.7934671634320031,-2.093255009036091,-0.020796684717374316,0.10256394069485827,0.5169609528759281,,,,,,,48.792,
1765382570.384470,101,103;108;109;201;202,49.965;61.756;53.787;86.663;83.723,-0.7046675417346606,0.8353101630397394,-2.0400342420182542,-0.026581789019195577,0.1123506559769887,0.5198424811475321,,,,,,,51.238,
1765382570.524646,102,103;108;109;200;201;202,49.574;60.833;54.168;73.428;89.318;85.985,-0.6914781152164633,0.8077459353563173,-2.0768440529220524,-0.02344886470677844,0.10633893176191268,0.5178689993551991,,,,,,,49.543,
1765382570.686375,103,103;108;109;201;202,49.941;61.264;52.656;84.492;84.783,-0.7067123319235422,0.8447527023388652,-2.0269252153793267,-0.028277604502022078,0.11509990898833174,0.5208091967949678,,,,,,,51.756,
1765382570.862011,104,103;108;109;200;201;202,50.692;61.529;54.642;74.128;88.616;85.535,-0.6927335557533616,0.8140730517959628,-2.068946341667485,-0.024140267879330088,0.10815829563921514,0.5181916760695189,,,,,,,49.874,
1765382571.028257,105,103;108;109;201;202,50.284;61.374;53.388;87.258;85.863,-0.7072738790278422,0.8505618433113336,-2.021788012827746,-0.029927160350179876,0.11618901405125989,0.5219362428323996,,,,,,,52.026,
1765382571.197878,106,103;108;109;201;202,50.692;61.320;53.076;88.459;85.850,-0.7177104609249646,0.8781899819559122,-1.9864129338539196,-0.03563698623239604,0.12152835494672809,0.5261180999092947,,,,,,,53.653,
1765382571.361653,107,103;108;109;201;202,50.173;61.046;53.855;87.317;86.671,-0.7248988211073006,0.8985147638513675,-1.9592531187831599,-0.040138987944663154,0.12511785691989086,0.5296761742362789,,,,,,,54.858,
1765382571.527809,108,103;108;109;201;202,49.922;61.011;53.817;87.783;85.636,-0.730444604519788,0.9142828616037009,-1.93846356709275,-0.04398217298866149,0.127504599073498,0.5325568225443791,,,,,,,55.795,
1765382571.713329,109,103;108;109;201;202,50.432;60.690;53.441;87.707;85.634,-0.7342175382937204,0.9262762276143152,-1.9225939657985773,-0.0474298262924935,0.1290954452987491,0.5353204694959226,,,,,,,56.499,
1765382571.865352,110,103;108;109;201;202,50.048;60.714;53.615;87.402;87.469,-0.7371173024455772,0.9352737303144902,-1.9104485096571622,-0.04993812276430779,0.13021808461984494,0.5373620482608659,,,,,,,57.033,
1765382572.039833,111,103;108;109;201;202,49.969;60.321;54.359;87.672;86.480,-0.7393329409074645,0.9418689117663861,-1.9016148178939032,-0.052020283176939644,0.1309431868080558,0.5390707155011448,,,,,,,57.428,
1765382572.194728,112,103;108;109;200;201;202,49.265;62.050;53.757;75.263;87.494;84.468,-0.7178325453623771,0.8895284297050519,-1.975340076745493,-0.0411505628356117,0.12181980287544816,0.5274201574024001,,,,,,,54.171,
1765382572.359122,113,103;108;109;200;201;202,49.723;61.406;53.799;72.615;87.950;83.726,-0.7017321380499526,0.8490346288310688,-2.0291181478330715,-0.03348846392572284,0.1140466857786233,0.5214269291313165,,,,,,,51.738,
1765382572.526412,114,103;108;109;200;201;202,49.760;61.540;53.826;71.682;88.459;83.040,-0.6898543643070266,0.8179356706374714,-2.0688028392448596,-0.028203454583780714,0.10780943041671337,0.518621800428686,,,,,,,49.924,
1765382572.702381,115,103;108;109;200;201;202,49.735;61.695;52.522;71.568;87.154;82.789,-0.6801348721649044,0.7922727935929982,-2.099357951368329,-0.023640524041764862,0.10285714095095881,0.5169086937388286,,,,,,,48.466,
1765382572.864041,116,103;108;109;200;201;202,49.777;61.622;52.329;71.226;86.675;84.938,-0.6724947977844701,0.7729293241970149,-2.121543098269412,-0.020137266127576117,0.09932584710876616,0.5162794927336961,,,,,,,47.375,
1765382573.029301,117,103;108;109;200;201;202,49.694;62.062;52.146;72.918;87.521;84.244,-0.6663934176804218,0.7579987956894237,-2.1384583522599474,-0.01766236741533146,0.09659184041766881,0.5161840891662398,,,,,,,46.534,
1765382573.195394,118,103;108;109;200;201;202,49.539;61.405;52.075;71.727;87.804;83.442,-0.662485091923377,0.7462828687724486,-2.1514292980876393,-0.015755691747277926,0.09445815324412578,0.5162594549518056,,,,,,,45.906,
1765382573.364389,119,103;108;109;200;201;202,50.331;61.906;52.080;73.705;87.446;84.572,-0.6591671349239578,0.736662967987069,-2.161779607682424,-0.014025454680181704,0.09275826934813085,0.516204351494039,,,,,,,45.392,
1765382573.536487,120,103;108;109;200;201;202,50.200;61.393;52.258;69.208;91.761;81.124,-0.6586760819969997,0.7359241656656642,-2.164643098556277,-0.014875647133396456,0.09248832647465809,0.517699931549129,,,,,,,45.326,
1765382573.695556,121,103;108;109;200;201;202,51.064;61.863;52.375;68.967;90.964;80.456,-0.6589894316197928,0.7340626316043065,-2.1677712630993327,-0.015066171577986277,0.09201018895252862,0.5180447083803512,,,,,,,45.244,
1765382573.863900,122,103;108;109;200;201;202,50.562;61.051;52.738;69.230;90.989;82.049,-0.6582463461282951,0.7332797381923237,-2.1694023893558323,-0.01526336595842551,0.0918656367215946,0.518606544670232,,,,,,,45.181,
1765382574.028175,123,103;108;109;200;201;202,50.737;61.475;52.653;71.289;90.515;81.732,-0.6576544708772787,0.732282496199292,-2.170924472776554,-0.015464703240247851,0.0917738579386575,0.5191549480278715,,,,,,,45.116,
1765382593.336128,0,103;108;109;200;201;202,52.073;61.506;54.948;69.923;88.156;81.796,-1.2855138467613232,1.2826008964713844,-1.1141849156450554,-0.15617730718695202,0.11525249992075637,0.5097877545268299,,,,,,,83.556,
1765382593.500361,1,103;108;109;200;201;202,50.801;60.920;55.715;71.490;89.045;82.237,-1.1925466249284253,1.2736741876909565,-1.1874719300486594,-0.14628918435589183,0.12174494945515645,0.5173365358407661,,,,,,,88.012,
1765382593.683447,2,103;108;109;200;201;202,51.261;61.747;54.740;69.208;89.112;81.473,-1.1179788982198697,1.2649002870741135,-1.241697494083035,-0.13960722968306713,0.1253630449733309,0.5252457044148005,,,,,,,88.515,
1765382593.815638,3,103;108;109;200;201;202,50.362;62.092;53.922;73.680;89.891;83.037,-1.05949446544169,1.2613042491599074,-1.2761876972012092,-0.13682663028961303,0.12741799731796452,0.5351390057713041,,,,,,,86.078,
1765382593.982455,4,103;108;109;200;201;202,50.376;61.514;54.304;67.504;88.757;83.577,-1.0123442432920315,1.2550719027459754,-1.3071371423111102,-0.13432149537936205,0.12853186541438863,0.5423682543317754,,,,,,,83.994,
1765382594.165081,5,103;108;109;200;201;202,50.006;60.499;52.788;68.977;89.690;81.910,-0.9748317375927152,1.2508173543874253,-1.331336272853663,-0.13317965538927248,0.12882162086387544,0.5494660539763563,,,,,,,82.397,
1765382594.348276,6,103;108;109;200;201;202,49.691;61.031;52.279;68.305;90.088;82.943,-0.945298640804928,1.2468633868662995,-1.3489133852227382,-0.13233566872647434,0.12927777588006814,0.5547720984847305,,,,,,,81.153,
1765382594.515404,7,103;108;109;200;201;202,49.063;60.094;52.026;70.685;89.825;84.640,-0.9212426613073437,1.2447105734002757,-1.3626097912978257,-0.13275832635810322,0.12927531145626037,0.5600712300954886,,,,,,,80.201,
1765382594.686350,8,103;108;109;200;201;202,49.063;60.094;52.026;70.685;89.825;84.640,-0.9212426613073437,1.2447105734002757,-1.3626097912978257,-0.13275832635810322,0.12927531145626037,0.5600712300954886,,,,,,,80.201,
1765382594.859411,9,103;108;109;200;201;202,49.063;60.094;52.026;70.685;89.825;84.640,-0.9212426613073437,1.2447105734002757,-1.3626097912978257,-0.13275832635810322,0.12927531145626037,0.5600712300954886,,,,,,,80.201,
1765382595.020825,10,103;108;109;200;201;202,49.063;60.094;52.026;70.685;89.825;84.640,-0.9212426613073437,1.2447105734002757,-1.3626097912978257,-0.13275832635810322,0.12927531145626037,0.5600712300954886,,,,,,,80.201,
1765382595.176028,11,103;108;109;200;201;202,49.063;60.094;52.026;70.685;89.825;84.640,-0.9212426613073437,1.2447105734002757,-1.3626097912978257,-0.13275832635810322,0.12927531145626037,0.5600712300954886,,,,,,,80.201,
1765382595.357242,12,103;108;109;200;201;202,49.063;60.094;52.026;70.685;89.825;84.640,-0.9212426613073437,1.2447105734002757,-1.3626097912978257,-0.13275832635810322,0.12927531145626037,0.5600712300954886,,,,,,,80.201,
1765382595.532570,13,103;108;109;200;201;202,49.063;60.094;52.026;70.685;89.825;84.640,-0.9212426613073437,1.2447105734002757,-1.3626097912978257,-0.13275832635810322,0.12927531145626037,0.5600712300954886,,,,,,,80.201,
1765382595.689288,14,103;108;109;200;201;202,49.063;60.094;52.026;70.685;89.825;84.640,-0.9212426613073437,1.2447105734002757,-1.3626097912978257,-0.13275832635810322,0.12927531145626037,0.5600712300954886,,,,,,,80.201,
1765382595.858133,15,103;108;109;200;201;202,49.063;60.094;52.026;70.685;89.825;84.640,-0.9212426613073437,1.2447105734002757,-1.3626097912978257,-0.13275832635810322,0.12927531145626037,0.5600712300954886,,,,,,,80.201,
1765382596.094463,16,103;108;109;200;201;202,49.063;60.094;52.026;70.685;89.825;84.640,-0.9212426613073437,1.2447105734002757,-1.3626097912978257,-0.13275832635810322,0.12927531145626037,0.5600712300954886,,,,,,,80.201,
1765382596.279074,17,103;108;109;200;201;202,49.128;60.595;51.879;66.915;89.962;81.891,-0.9025840807391826,1.2404193639516066,-1.3772289068105854,-0.13230439906156247,0.1291220010782109,0.5633288698253771,,,,,,,79.320,
1765382596.438890,18,103;108;109;200;201;202,49.128;60.595;51.879;66.915;89.962;81.891,-0.9025840807391826,1.2404193639516066,-1.3772289068105854,-0.13230439906156247,0.1291220010782109,0.5633288698253771,,,,,,,79.320,
1765382596.689614,19,103;108;109;200;201;202,49.128;60.595;51.879;66.915;89.962;81.891,-0.9025840807391826,1.2404193639516066,-1.3772289068105854,-0.13230439906156247,0.1291220010782109,0.5633288698253771,,,,,,,79.320,
1765382596.874018,20,103;108;109;200;201;202,49.128;60.595;51.879;66.915;89.962;81.891,-0.9025840807391826,1.2404193639516066,-1.3772289068105854,-0.13230439906156247,0.1291220010782109,0.5633288698253771,,,,,,,79.320,
1765382597.027372,21,103;108;109;200;201;202,49.128;60.595;51.879;66.915;89.962;81.891,-0.9025840807391826,1.2404193639516066,-1.3772289068105854,-0.13230439906156247,0.1291220010782109,0.5633288698253771,,,,,,,79.320,
1765382597.197362,22,103;108;109;200;201;202,49.128;60.595;51.879;66.915;89.962;81.891,-0.9025840807391826,1.2404193639516066,-1.3772289068105854,-0.13230439906156247,0.1291220010782109,0.5633288698253771,,,,,,,79.320,
1765382597.362366,23,103;108;109;200;201;202,49.128;60.595;51.879;66.915;89.962;81.891,-0.9025840807391826,1.2404193639516066,-1.3772289068105854,-0.13230439906156247,0.1291220010782109,0.5633288698253771,,,,,,,79.320,
1765382597.525560,24,103;108;109;200;201;202,49.128;60.595;51.879;66.915;89.962;81.891,-0.9025840807391826,1.2404193639516066,-1.3772289068105854,-0.13230439906156247,0.1291220010782109,0.5633288698253771,,,,,,,79.320,
1765382597.699595,25,103;108;109;200;201;202,49.128;60.595;51.879;66.915;89.962;81.891,-0.9025840807391826,1.2404193639516066,-1.3772289068105854,-0.13230439906156247,0.1291220010782109,0.5633288698253771,,,,,,,79.320,
1765382597.870200,26,103;108;109;200;201;202,49.128;60.595;51.879;66.915;89.962;81.891,-0.9025840807391826,1.2404193639516066,-1.3772289068105854,-0.13230439906156247,0.1291220010782109,0.5633288698253771,,,,,,,79.320,
1765382598.020748,27,103;108;109;200;201;202,49.128;60.595;51.879;66.915;89.962;81.891,-0.9025840807391826,1.2404193639516066,-1.3772289068105854,-0.13230439906156247,0.1291220010782109,0.5633288698253771,,,,,,,79.320,
1765382598.198231,28,103;108;109;200;201;202,49.128;60.595;51.879;66.915;89.962;81.891,-0.9025840807391826,1.2404193639516066,-1.3772289068105854,-0.13230439906156247,0.1291220010782109,0.5633288698253771,,,,,,,79.320,
1765382598.357181,29,103;108;109;200;201;202,49.128;60.595;51.879;66.915;89.962;81.891,-0.9025840807391826,1.2404193639516066,-1.3772289068105854,-0.13230439906156247,0.1291220010782109,0.5633288698253771,,,,,,,79.320,
1765382598.526805,30,103;108;109;200;201;202,49.128;60.595;51.879;66.915;89.962;81.891,-0.9025840807391826,1.2404193639516066,-1.3772289068105854,-0.13230439906156247,0.1291220010782109,0.5633288698253771,,,,,,,79.320,
1765382598.690960,31,103;108;109;200;201;202,49.128;60.595;51.879;66.915;89.962;81.891,-0.9025840807391826,1.2404193639516066,-1.3772289068105854,-0.13230439906156247,0.1291220010782109,0.5633288698253771,,,,,,,79.320,
1765382598.859294,32,103;108;109;200;201;202,49.128;60.595;51.879;66.915;89.962;81.891,-0.9025840807391826,1.2404193639516066,-1.3772289068105854,-0.13230439906156247,0.1291220010782109,0.5633288698253771,,,,,,,79.320,
1765382599.023420,33,103;108;109;200;201;202,49.128;60.595;51.879;66.915;89.962;81.891,-0.9025840807391826,1.2404193639516066,-1.3772289068105854,-0.13230439906156247,0.1291220010782109,0.5633288698253771,,,,,,,79.320,
1765382599.194055,34,103;108;109;200;201;202,49.128;60.595;51.879;66.915;89.962;81.891,-0.9025840807391826,1.2404193639516066,-1.3772289068105854,-0.13230439906156247,0.1291220010782109,0.5633288698253771,,,,,,,79.320,
1765382599.358158,35,103;108;109;200;201;202,49.128;60.595;51.879;66.915;89.962;81.891,-0.9025840807391826,1.2404193639516066,-1.3772289068105854,-0.13230439906156247,0.1291220010782109,0.5633288698253771,,,,,,,79.320,
1765382599.531618,36,103;108;109;200;201;202,49.128;60.595;51.879;66.915;89.962;81.891,-0.9025840807391826,1.2404193639516066,-1.3772289068105854,-0.13230439906156247,0.1291220010782109,0.5633288698253771,,,,,,,79.320,
1765382599.691701,37,103;108;109;200;201;202,49.128;60.595;51.879;66.915;89.962;81.891,-0.9025840807391826,1.2404193639516066,-1.3772289068105854,-0.13230439906156247,0.1291220010782109,0.5633288698253771,,,,,,,79.320,
1765382599.864531,38,103;108;109;200;201;202,49.128;60.595;51.879;66.915;89.962;81.891,-0.9025840807391826,1.2404193639516066,-1.3772289068105854,-0.13230439906156247,0.1291220010782109,0.5633288698253771,,,,,,,79.320,
1765382600.061448,39,103;108;109;200;201;202,49.128;60.595;51.879;66.915;89.962;81.891,-0.9025840807391826,1.2404193639516066,-1.3772289068105854,-0.13230439906156247,0.1291220010782109,0.5633288698253771,,,,,,,79.320,
1765382600.227833,40,103;108;109;200;201;202,49.128;60.595;51.879;66.915;89.962;81.891,-0.9025840807391826,1.2404193639516066,-1.3772289068105854,-0.13230439906156247,0.1291220010782109,0.5633288698253771,,,,,,,79.320,
1765382600.390666,41,103;108;109;200;201;202,49.128;60.595;51.879;66.915;89.962;81.891,-0.9025840807391826,1.2404193639516066,-1.3772289068105854,-0.13230439906156247,0.1291220010782109,0.5633288698253771,,,,,,,79.320,
1765382600.557937,42,103;108;109;200;201;202,49.128;60.595;51.879;66.915;89.962;81.891,-0.9025840807391826,1.2404193639516066,-1.3772289068105854,-0.13230439906156247,0.1291220010782109,0.5633288698253771,,,,,,,79.320,
1765382600.735590,43,103;108;109;200;201;202,49.128;60.595;51.879;66.915;89.962;81.891,-0.9025840807391826,1.2404193639516066,-1.3772289068105854,-0.13230439906156247,0.1291220010782109,0.5633288698253771,,,,,,,79.320,
1765382600.898155,44,103;108;109;200;201;202,49.128;60.595;51.879;66.915;89.962;81.891,-0.9025840807391826,1.2404193639516066,-1.3772289068105854,-0.13230439906156247,0.1291220010782109,0.5633288698253771,,,,,,,79.320,
1765382601.053299,45,103;108;109;200;201;202,49.128;60.595;51.879;66.915;89.962;81.891,-0.9025840807391826,1.2404193639516066,-1.3772289068105854,-0.13230439906156247,0.1291220010782109,0.5633288698253771,,,,,,,79.320,
1765382601.232162,46,103;108;109;200;201;202,49.128;60.595;51.879;66.915;89.962;81.891,-0.9025840807391826,1.2404193639516066,-1.3772289068105854,-0.13230439906156247,0.1291220010782109,0.5633288698253771,,,,,,,79.320,
1765382601.392111,47,103;108;109;200;201;202,49.128;60.595;51.879;66.915;89.962;81.891,-0.9025840807391826,1.2404193639516066,-1.3772289068105854,-0.13230439906156247,0.1291220010782109,0.5633288698253771,,,,,,,79.320,
1765382601.557660,48,103;108;109;200;201;202,49.128;60.595;51.879;66.915;89.962;81.891,-0.9025840807391826,1.2404193639516066,-1.3772289068105854,-0.13230439906156247,0.1291220010782109,0.5633288698253771,,,,,,,79.320,
1765382601.729196,49,103;108;109;200;201;202,49.128;60.595;51.879;66.915;89.962;81.891,-0.9025840807391826,1.2404193639516066,-1.3772289068105854,-0.13230439906156247,0.1291220010782109,0.5633288698253771,,,,,,,79.320,
1765382601.890343,50,103;108;109;200;201;202,49.128;60.595;51.879;66.915;89.962;81.891,-0.9025840807391826,1.2404193639516066,-1.3772289068105854,-0.13230439906156247,0.1291220010782109,0.5633288698253771,,,,,,,79.320,
1765382602.054324,51,103;108;109;200;201;202,49.128;60.595;51.879;66.915;89.962;81.891,-0.9025840807391826,1.2404193639516066,-1.3772289068105854,-0.13230439906156247,0.1291220010782109,0.5633288698253771,,,,,,,79.320,
1765382602.230654,52,103;108;109;200;201;202,49.128;60.595;51.879;66.915;89.962;81.891,-0.9025840807391826,1.2404193639516066,-1.3772289068105854,-0.13230439906156247,0.1291220010782109,0.5633288698253771,,,,,,,79.320,
1765382602.391908,53,103;108;109;200;201;202,49.128;60.595;51.879;66.915;89.962;81.891,-0.9025840807391826,1.2404193639516066,-1.3772289068105854,-0.13230439906156247,0.1291220010782109,0.5633288698253771,,,,,,,79.320,
1765382602.559378,54,103;108;109;200;201;202,49.128;60.595;51.879;66.915;89.962;81.891,-0.9025840807391826,1.2404193639516066,-1.3772289068105854,-0.13230439906156247,0.1291220010782109,0.5633288698253771,,,,,,,79.320,
1765382602.726609,55,103;108;109;200;201;202,49.128;60.595;51.879;66.915;89.962;81.891,-0.9025840807391826,1.2404193639516066,-1.3772289068105854,-0.13230439906156247,0.1291220010782109,0.5633288698253771,,,,,,,79.320,
1765382602.890864,56,103;108;109;200;201;202,49.128;60.595;51.879;66.915;89.962;81.891,-0.9025840807391826,1.2404193639516066,-1.3772289068105854,-0.13230439906156247,0.1291220010782109,0.5633288698253771,,,,,,,79.320,
1765382603.057286,57,103;108;109;200;201;202,49.128;60.595;51.879;66.915;89.962;81.891,-0.9025840807391826,1.2404193639516066,-1.3772289068105854,-0.13230439906156247,0.1291220010782109,0.5633288698253771,,,,,,,79.320,
1765382603.224389,58,103;108;109;200;201;202,49.128;60.595;51.879;66.915;89.962;81.891,-0.9025840807391826,1.2404193639516066,-1.3772289068105854,-0.13230439906156247,0.1291220010782109,0.5633288698253771,,,,,,,79.320,
1765382603.387111,59,103;108;109;200;201;202,49.128;60.595;51.879;66.915;89.962;81.891,-0.9025840807391826,1.2404193639516066,-1.3772289068105854,-0.13230439906156247,0.1291220010782109,0.5633288698253771,,,,,,,79.320,
1765382603.560941,60,103;108;109;200;201;202,49.128;60.595;51.879;66.915;89.962;81.891,-0.9025840807391826,1.2404193639516066,-1.3772289068105854,-0.13230439906156247,0.1291220010782109,0.5633288698253771,,,,,,,79.320,
1765382603.728989,61,103;108;109;200;201;202,49.128;60.595;51.879;66.915;89.962;81.891,-0.9025840807391826,1.2404193639516066,-1.3772289068105854,-0.13230439906156247,0.1291220010782109,0.5633288698253771,,,,,,,79.320,
1765382603.889491,62,103;108;109;200;201;202,49.128;60.595;51.879;66.915;89.962;81.891,-0.9025840807391826,1.2404193639516066,-1.3772289068105854,-0.13230439906156247,0.1291220010782109,0.5633288698253771,,,,,,,79.320,
1765382604.059618,63,103;108;109;200;201;202,49.128;60.595;51.879;66.915;89.962;81.891,-0.9025840807391826,1.2404193639516066,-1.3772289068105854,-0.13230439906156247,0.1291220010782109,0.5633288698253771,,,,,,,79.320,
1765382604.227357,64,103;108;109;200;201;202,49.128;60.595;51.879;66.915;89.962;81.891,-0.9025840807391826,1.2404193639516066,-1.3772289068105854,-0.13230439906156247,0.1291220010782109,0.5633288698253771,,,,,,,79.320,
1765382604.399361,65,103;108;109;200;201;202,49.128;60.595;51.879;66.915;89.962;81.891,-0.9025840807391826,1.2404193639516066,-1.3772289068105854,-0.13230439906156247,0.1291220010782109,0.5633288698253771,,,,,,,79.320,
1765382604.555769,66,103;108;109;200;201;202,49.128;60.595;51.879;66.915;89.962;81.891,-0.9025840807391826,1.2404193639516066,-1.3772289068105854,-0.13230439906156247,0.1291220010782109,0.5633288698253771,,,,,,,79.320,
1765382604.723142,67,103;108;109;200;201;202,49.128;60.595;51.879;66.915;89.962;81.891,-0.9025840807391826,1.2404193639516066,-1.3772289068105854,-0.13230439906156247,0.1291220010782109,0.5633288698253771,,,,,,,79.320,
1765382604.886938,68,103;108;109;200;201;202,49.128;60.595;51.879;66.915;89.962;81.891,-0.9025840807391826,1.2404193639516066,-1.3772289068105854,-0.13230439906156247,0.1291220010782109,0.5633288698253771,,,,,,,79.320,
1765382605.054374,69,103;108;109;200;201;202,49.128;60.595;51.879;66.915;89.962;81.891,-0.9025840807391826,1.2404193639516066,-1.3772289068105854,-0.13230439906156247,0.1291220010782109,0.5633288698253771,,,,,,,79.320,
1765382605.224186,70,103;108;109;200;201;202,49.128;60.595;51.879;66.915;89.962;81.891,-0.9025840807391826,1.2404193639516066,-1.3772289068105854,-0.13230439906156247,0.1291220010782109,0.5633288698253771,,,,,,,79.320,
1765382605.391978,71,103;108;109;200;201;202,49.128;60.595;51.879;66.915;89.962;81.891,-0.9025840807391826,1.2404193639516066,-1.3772289068105854,-0.13230439906156247,0.1291220010782109,0.5633288698253771,,,,,,,79.320,
1765382605.561753,72,103;108;109;200;201;202,49.128;60.595;51.879;66.915;89.962;81.891,-0.9025840807391826,1.2404193639516066,-1.3772289068105854,-0.13230439906156247,0.1291220010782109,0.5633288698253771,,,,,,,79.320,
1765382605.725068,73,103;108;109;200;201;202,49.128;60.595;51.879;66.915;89.962;81.891,-0.9025840807391826,1.2404193639516066,-1.3772289068105854,-0.13230439906156247,0.1291220010782109,0.5633288698253771,,,,,,,79.320,
1765382605.890120,74,103;108;109;200;201;202,49.128;60.595;51.879;66.915;89.962;81.891,-0.9025840807391826,1.2404193639516066,-1.3772289068105854,-0.13230439906156247,0.1291220010782109,0.5633288698253771,,,,,,,79.320,
1765382606.062663,75,103;108;109;200;201;202,49.128;60.595;51.879;66.915;89.962;81.891,-0.9025840807391826,1.2404193639516066,-1.3772289068105854,-0.13230439906156247,0.1291220010782109,0.5633288698253771,,,,,,,79.320,
1765382606.234335,76,103;108;109;200;201;202,49.128;60.595;51.879;66.915;89.962;81.891,-0.9025840807391826,1.2404193639516066,-1.3772289068105854,-0.13230439906156247,0.1291220010782109,0.5633288698253771,,,,,,,79.320,
1765382606.408106,77,103;108;109;200;201;202,49.128;60.595;51.879;66.915;89.962;81.891,-0.9025840807391826,1.2404193639516066,-1.3772289068105854,-0.13230439906156247,0.1291220010782109,0.5633288698253771,,,,,,,79.320,
1765382606.561878,78,103;108;109;200;201;202,49.128;60.595;51.879;66.915;89.962;81.891,-0.9025840807391826,1.2404193639516066,-1.3772289068105854,-0.13230439906156247,0.1291220010782109,0.5633288698253771,,,,,,,79.320,
1765382606.729469,79,103;108;109;200;201;202,49.128;60.595;51.879;66.915;89.962;81.891,-0.9025840807391826,1.2404193639516066,-1.3772289068105854,-0.13230439906156247,0.1291220010782109,0.5633288698253771,,,,,,,79.320,
1765382606.891561,80,103;108;109;200;201;202,49.128;60.595;51.879;66.915;89.962;81.891,-0.9025840807391826,1.2404193639516066,-1.3772289068105854,-0.13230439906156247,0.1291220010782109,0.5633288698253771,,,,,,,79.320,
1765382607.056024,81,103;108;109;200;201;202,49.128;60.595;51.879;66.915;89.962;81.891,-0.9025840807391826,1.2404193639516066,-1.3772289068105854,-0.13230439906156247,0.1291220010782109,0.5633288698253771,,,,,,,79.320,
1765382607.233785,82,103;108;109;200;201;202,49.128;60.595;51.879;66.915;89.962;81.891,-0.9025840807391826,1.2404193639516066,-1.3772289068105854,-0.13230439906156247,0.1291220010782109,0.5633288698253771,,,,,,,79.320,
1765382607.388967,83,103;108;109;200;201;202,49.128;60.595;51.879;66.915;89.962;81.891,-0.9025840807391826,1.2404193639516066,-1.3772289068105854,-0.13230439906156247,0.1291220010782109,0.5633288698253771,,,,,,,79.320,
1765382607.565749,84,103;108;109;200;201;202,49.128;60.595;51.879;66.915;89.962;81.891,-0.9025840807391826,1.2404193639516066,-1.3772289068105854,-0.13230439906156247,0.1291220010782109,0.5633288698253771,,,,,,,79.320,
1765382607.725499,85,103;108;109;200;201;202,49.128;60.595;51.879;66.915;89.962;81.891,-0.9025840807391826,1.2404193639516066,-1.3772289068105854,-0.13230439906156247,0.1291220010782109,0.5633288698253771,,,,,,,79.320,
1765382607.889749,86,103;108;109;200;201;202,49.128;60.595;51.879;66.915;89.962;81.891,-0.9025840807391826,1.2404193639516066,-1.3772289068105854,-0.13230439906156247,0.1291220010782109,0.5633288698253771,,,,,,,79.320,
1765382608.060960,87,103;108;109;200;201;202,49.128;60.595;51.879;66.915;89.962;81.891,-0.9025840807391826,1.2404193639516066,-1.3772289068105854,-0.13230439906156247,0.1291220010782109,0.5633288698253771,,,,,,,79.320,
1765382608.228267,88,103;108;109;200;201;202,49.128;60.595;51.879;66.915;89.962;81.891,-0.9025840807391826,1.2404193639516066,-1.3772289068105854,-0.13230439906156247,0.1291220010782109,0.5633288698253771,,,,,,,79.320,
1765382608.393139,89,103;108;109;200;201;202,49.128;60.595;51.879;66.915;89.962;81.891,-0.9025840807391826,1.2404193639516066,-1.3772289068105854,-0.13230439906156247,0.1291220010782109,0.5633288698253771,,,,,,,79.320,
1765382608.555734,90,103;108;109;200;201;202,49.128;60.595;51.879;66.915;89.962;81.891,-0.9025840807391826,1.2404193639516066,-1.3772289068105854,-0.13230439906156247,0.1291220010782109,0.5633288698253771,,,,,,,79.320,
1765382608.725654,91,103;108;109;200;201;202,49.128;60.595;51.879;66.915;89.962;81.891,-0.9025840807391826,1.2404193639516066,-1.3772289068105854,-0.13230439906156247,0.1291220010782109,0.5633288698253771,,,,,,,79.320,
1765382608.885575,92,103;108;109;200;201;202,49.128;60.595;51.879;66.915;89.962;81.891,-0.9025840807391826,1.2404193639516066,-1.3772289068105854,-0.13230439906156247,0.1291220010782109,0.5633288698253771,,,,,,,79.320,
1765382609.060575,93,103;108;109;200;201;202,49.128;60.595;51.879;66.915;89.962;81.891,-0.9025840807391826,1.2404193639516066,-1.3772289068105854,-0.13230439906156247,0.1291220010782109,0.5633288698253771,,,,,,,79.320,
1765382609.226487,94,103;108;109;200;201;202,49.128;60.595;51.879;66.915;89.962;81.891,-0.9025840807391826,1.2404193639516066,-1.3772289068105854,-0.13230439906156247,0.1291220010782109,0.5633288698253771,,,,,,,79.320,
1765382609.392101,95,103;108;109;200;201;202,49.128;60.595;51.879;66.915;89.962;81.891,-0.9025840807391826,1.2404193639516066,-1.3772289068105854,-0.13230439906156247,0.1291220010782109,0.5633288698253771,,,,,,,79.320,
1765382609.560544,96,103;108;109;200;201;202,49.128;60.595;51.879;66.915;89.962;81.891,-0.9025840807391826,1.2404193639516066,-1.3772289068105854,-0.13230439906156247,0.1291220010782109,0.5633288698253771,,,,,,,79.320,
1765382609.726342,97,103;108;109;200;201;202,49.128;60.595;51.879;66.915;89.962;81.891,-0.9025840807391826,1.2404193639516066,-1.3772289068105854,-0.13230439906156247,0.1291220010782109,0.5633288698253771,,,,,,,79.320,
1765382609.898170,98,103;108;109;200;201;202,49.128;60.595;51.879;66.915;89.962;81.891,-0.9025840807391826,1.2404193639516066,-1.3772289068105854,-0.13230439906156247,0.1291220010782109,0.5633288698253771,,,,,,,79.320,
1765382610.066730,99,103;108;109;200;201;202,49.128;60.595;51.879;66.915;89.962;81.891,-0.9025840807391826,1.2404193639516066,-1.3772289068105854,-0.13230439906156247,0.1291220010782109,0.5633288698253771,,,,,,,79.320,
1765382610.225721,100,103;108;109;200;201;202,49.128;60.595;51.879;66.915;89.962;81.891,-0.9025840807391826,1.2404193639516066,-1.3772289068105854,-0.13230439906156247,0.1291220010782109,0.5633288698253771,,,,,,,79.320,
1765382610.401138,101,103;108;109;200;201;202,49.128;60.595;51.879;66.915;89.962;81.891,-0.9025840807391826,1.2404193639516066,-1.3772289068105854,-0.13230439906156247,0.1291220010782109,0.5633288698253771,,,,,,,79.320,
1765382610.557814,102,103;108;109;200;201;202,49.128;60.595;51.879;66.915;89.962;81.891,-0.9025840807391826,1.2404193639516066,-1.3772289068105854,-0.13230439906156247,0.1291220010782109,0.5633288698253771,,,,,,,79.320,
1765382610.724970,103,103;108;109;200;201;202,49.128;60.595;51.879;66.915;89.962;81.891,-0.9025840807391826,1.2404193639516066,-1.3772289068105854,-0.13230439906156247,0.1291220010782109,0.5633288698253771,,,,,,,79.320,
1765382610.889715,104,103;108;109;200;201;202,49.128;60.595;51.879;66.915;89.962;81.891,-0.9025840807391826,1.2404193639516066,-1.3772289068105854,-0.13230439906156247,0.1291220010782109,0.5633288698253771,,,,,,,79.320,
1765382611.058935,105,103;108;109;200;201;202,49.128;60.595;51.879;66.915;89.962;81.891,-0.9025840807391826,1.2404193639516066,-1.3772289068105854,-0.13230439906156247,0.1291220010782109,0.5633288698253771,,,,,,,79.320,
1765382611.222881,106,103;108;109;200;201;202,49.128;60.595;51.879;66.915;89.962;81.891,-0.9025840807391826,1.2404193639516066,-1.3772289068105854,-0.13230439906156247,0.1291220010782109,0.5633288698253771,,,,,,,79.320,
1765382611.390573,107,103;108;109;200;201;202,49.128;60.595;51.879;66.915;89.962;81.891,-0.9025840807391826,1.2404193639516066,-1.3772289068105854,-0.13230439906156247,0.1291220010782109,0.5633288698253771,,,,,,,79.320,
1765382611.560617,108,103;108;109;200;201;202,49.128;60.595;51.879;66.915;89.962;81.891,-0.9025840807391826,1.2404193639516066,-1.3772289068105854,-0.13230439906156247,0.1291220010782109,0.5633288698253771,,,,,,,79.320,
1765382611.733223,109,103;108;109;200;201;202,49.128;60.595;51.879;66.915;89.962;81.891,-0.9025840807391826,1.2404193639516066,-1.3772289068105854,-0.13230439906156247,0.1291220010782109,0.5633288698253771,,,,,,,79.320,
1765382611.892468,110,103;108;109;200;201;202,49.128;60.595;51.879;66.915;89.962;81.891,-0.9025840807391826,1.2404193639516066,-1.3772289068105854,-0.13230439906156247,0.1291220010782109,0.5633288698253771,,,,,,,79.320,
1765382612.059026,111,103;108;109;200;201;202,49.128;60.595;51.879;66.915;89.962;81.891,-0.9025840807391826,1.2404193639516066,-1.3772289068105854,-0.13230439906156247,0.1291220010782109,0.5633288698253771,,,,,,,79.320,
1765382612.236615,112,103;108;109;200;201;202,49.128;60.595;51.879;66.915;89.962;81.891,-0.9025840807391826,1.2404193639516066,-1.3772289068105854,-0.13230439906156247,0.1291220010782109,0.5633288698253771,,,,,,,79.320,
1765382612.424738,113,103;108;109;200;201;202,49.128;60.595;51.879;66.915;89.962;81.891,-0.9025840807391826,1.2404193639516066,-1.3772289068105854,-0.13230439906156247,0.1291220010782109,0.5633288698253771,,,,,,,79.320,
1765382612.598557,114,103;108;109;200;201;202,49.981;61.190;52.783;68.113;90.502;86.447,-0.8796612640972697,1.2204541579754902,-1.519534263376764,-0.10365941685318414,0.12128647449113632,0.5489014381004309,,,,,,,76.177,
1765382612.766330,115,103;108;109;200;201;202,49.981;61.190;52.783;68.113;90.502;86.447,-0.8796612640972697,1.2204541579754902,-1.519534263376764,-0.10365941685318414,0.12128647449113632,0.5489014381004309,,,,,,,76.177,
1765382612.942353,116,103;108;109;200;201;202,49.981;61.190;52.783;68.113;90.502;86.447,-0.8796612640972697,1.2204541579754902,-1.519534263376764,-0.10365941685318414,0.12128647449113632,0.5489014381004309,,,,,,,76.177,
1765382613.143511,117,103;108;109;200;201;202,49.981;61.190;52.783;68.113;90.502;86.447,-0.8796612640972697,1.2204541579754902,-1.519534263376764,-0.10365941685318414,0.12128647449113632,0.5489014381004309,,,,,,,76.177,
1765382613.308248,118,103;108;109;200;201;202,49.981;61.190;52.783;68.113;90.502;86.447,-0.8796612640972697,1.2204541579754902,-1.519534263376764,-0.10365941685318414,0.12128647449113632,0.5489014381004309,,,,,,,76.177,
1765382613.454917,119,103;108;109;200;201;202,49.981;61.190;52.783;68.113;90.502;86.447,-0.8796612640972697,1.2204541579754902,-1.519534263376764,-0.10365941685318414,0.12128647449113632,0.5489014381004309,,,,,,,76.177,
1765382613.629353,120,103;108;109;200;201;202,49.981;61.190;52.783;68.113;90.502;86.447,-0.8796612640972697,1.2204541579754902,-1.519534263376764,-0.10365941685318414,0.12128647449113632,0.5489014381004309,,,,,,,76.177,
1765382613.801443,121,103;108;109;200;201;202,49.981;61.190;52.783;68.113;90.502;86.447,-0.8796612640972697,1.2204541579754902,-1.519534263376764,-0.10365941685318414,0.12128647449113632,0.5489014381004309,,,,,,,76.177,
1765382613.956363,122,103;108;109;200;201;202,49.981;61.190;52.783;68.113;90.502;86.447,-0.8796612640972697,1.2204541579754902,-1.519534263376764,-0.10365941685318414,0.12128647449113632,0.5489014381004309,,,,,,,76.177,
1765382614.130820,123,103;108;109;200;201;202,49.981;61.190;52.783;68.113;90.502;86.447,-0.8796612640972697,1.2204541579754902,-1.519534263376764,-0.10365941685318414,0.12128647449113632,0.5489014381004309,,,,,,,76.177,
1765382720.335605,0,103;108;109;201;202,51.510;61.860;54.829;90.986;81.558,-1.1651062982540628,1.0738411323307337,-1.62664201603237,-0.09289401322783954,0.10122750499295571,0.5020580610881682,,,,,,,78.494,
1765382720.503529,1,103;108;109;201;202,51.510;61.860;54.829;90.986;81.558,-1.1651062982540628,1.0738411323307337,-1.62664201603237,-0.09289401322783954,0.10122750499295571,0.5020580610881682,,,,,,,78.494,
1765382720.676836,2,103;108;109;201;202,51.510;61.860;54.829;90.986;81.558,-1.1651062982540628,1.0738411323307337,-1.62664201603237,-0.09289401322783954,0.10122750499295571,0.5020580610881682,,,,,,,78.494,
1765382720.811158,3,103;108;109;201;202,51.510;61.860;54.829;90.986;81.558,-1.1651062982540628,1.0738411323307337,-1.62664201603237,-0.09289401322783954,0.10122750499295571,0.5020580610881682,,,,,,,78.494,
1765382720.955170,4,103;108;109;201;202,51.510;61.860;54.829;90.986;81.558,-1.1651062982540628,1.0738411323307337,-1.62664201603237,-0.09289401322783954,0.10122750499295571,0.5020580610881682,,,,,,,78.494,
1765382721.122222,5,103;108;109;201;202,51.510;61.860;54.829;90.986;81.558,-1.1651062982540628,1.0738411323307337,-1.62664201603237,-0.09289401322783954,0.10122750499295571,0.5020580610881682,,,,,,,78.494,
1765382721.292100,6,103;108;109;201;202,51.510;61.860;54.829;90.986;81.558,-1.1651062982540628,1.0738411323307337,-1.62664201603237,-0.09289401322783954,0.10122750499295571,0.5020580610881682,,,,,,,78.494,
1765382721.507471,7,103;108;109;201;202,51.510;61.860;54.829;90.986;81.558,-1.1651062982540628,1.0738411323307337,-1.62664201603237,-0.09289401322783954,0.10122750499295571,0.5020580610881682,,,,,,,78.494,
1765382721.676911,8,103;108;109;201;202,51.510;61.860;54.829;90.986;81.558,-1.1651062982540628,1.0738411323307337,-1.62664201603237,-0.09289401322783954,0.10122750499295571,0.5020580610881682,,,,,,,78.494,
1765382721.839178,9,103;108;109;201;202,51.510;61.860;54.829;90.986;81.558,-1.1651062982540628,1.0738411323307337,-1.62664201603237,-0.09289401322783954,0.10122750499295571,0.5020580610881682,,,,,,,78.494,
1765382721.998859,10,103;108;109;201;202,51.510;61.860;54.829;90.986;81.558,-1.1651062982540628,1.0738411323307337,-1.62664201603237,-0.09289401322783954,0.10122750499295571,0.5020580610881682,,,,,,,78.494,
1765382722.179187,11,103;108;109;201;202,51.510;61.860;54.829;90.986;81.558,-1.1651062982540628,1.0738411323307337,-1.62664201603237,-0.09289401322783954,0.10122750499295571,0.5020580610881682,,,,,,,78.494,
1765382722.330086,12,103;108;109;201;202,51.510;61.860;54.829;90.986;81.558,-1.1651062982540628,1.0738411323307337,-1.62664201603237,-0.09289401322783954,0.10122750499295571,0.5020580610881682,,,,,,,78.494,
1765382722.505274,13,103;108;109;201;202,51.510;61.860;54.829;90.986;81.558,-1.1651062982540628,1.0738411323307337,-1.62664201603237,-0.09289401322783954,0.10122750499295571,0.5020580610881682,,,,,,,78.494,
1765382722.669862,14,103;108;109;201;202,51.510;61.860;54.829;90.986;81.558,-1.1651062982540628,1.0738411323307337,-1.62664201603237,-0.09289401322783954,0.10122750499295571,0.5020580610881682,,,,,,,78.494,
1765382722.834473,15,103;108;109;201;202,51.510;61.860;54.829;90.986;81.558,-1.1651062982540628,1.0738411323307337,-1.62664201603237,-0.09289401322783954,0.10122750499295571,0.5020580610881682,,,,,,,78.494,
1765382723.029647,16,103;108;109;201;202,51.510;61.860;54.829;90.986;81.558,-1.1651062982540628,1.0738411323307337,-1.62664201603237,-0.09289401322783954,0.10122750499295571,0.5020580610881682,,,,,,,78.494,
1765382723.204378,17,103;108;109;201;202,51.510;61.860;54.829;90.986;81.558,-1.1651062982540628,1.0738411323307337,-1.62664201603237,-0.09289401322783954,0.10122750499295571,0.5020580610881682,,,,,,,78.494,
1765382723.368426,18,103;108;109;201;202,51.510;61.860;54.829;90.986;81.558,-1.1651062982540628,1.0738411323307337,-1.62664201603237,-0.09289401322783954,0.10122750499295571,0.5020580610881682,,,,,,,78.494,
1765382723.530798,19,103;108;109;201;202,51.510;61.860;54.829;90.986;81.558,-1.1651062982540628,1.0738411323307337,-1.62664201603237,-0.09289401322783954,0.10122750499295571,0.5020580610881682,,,,,,,78.494,
1765382723.703692,20,103;108;109;201;202,51.510;61.860;54.829;90.986;81.558,-1.1651062982540628,1.0738411323307337,-1.62664201603237,-0.09289401322783954,0.10122750499295571,0.5020580610881682,,,,,,,78.494,
1765382723.874321,21,103;108;109;201;202,51.510;61.860;54.829;90.986;81.558,-1.1651062982540628,1.0738411323307337,-1.62664201603237,-0.09289401322783954,0.10122750499295571,0.5020580610881682,,,,,,,78.494,
1765382724.037297,22,103;108;109;201;202,51.510;61.860;54.829;90.986;81.558,-1.1651062982540628,1.0738411323307337,-1.62664201603237,-0.09289401322783954,0.10122750499295571,0.5020580610881682,,,,,,,78.494,
1765382724.200299,23,103;108;109;201;202,51.510;61.860;54.829;90.986;81.558,-1.1651062982540628,1.0738411323307337,-1.62664201603237,-0.09289401322783954,0.10122750499295571,0.5020580610881682,,,,,,,78.494,
1765382724.373054,24,103;108;109;201;202,51.510;61.860;54.829;90.986;81.558,-1.1651062982540628,1.0738411323307337,-1.62664201603237,-0.09289401322783954,0.10122750499295571,0.5020580610881682,,,,,,,78.494,
1765382724.538042,25,103;108;109;201;202,51.510;61.860;54.829;90.986;81.558,-1.1651062982540628,1.0738411323307337,-1.62664201603237,-0.09289401322783954,0.10122750499295571,0.5020580610881682,,,,,,,78.494,
1765382724.699496,26,103;108;109;201;202,51.510;61.860;54.829;90.986;81.558,-1.1651062982540628,1.0738411323307337,-1.62664201603237,-0.09289401322783954,0.10122750499295571,0.5020580610881682,,,,,,,78.494,
1765382724.870383,27,103;108;109;201;202,51.510;61.860;54.829;90.986;81.558,-1.1651062982540628,1.0738411323307337,-1.62664201603237,-0.09289401322783954,0.10122750499295571,0.5020580610881682,,,,,,,78.494,
1765382725.036304,28,103;108;109;201;202,51.510;61.860;54.829;90.986;81.558,-1.1651062982540628,1.0738411323307337,-1.62664201603237,-0.09289401322783954,0.10122750499295571,0.5020580610881682,,,,,,,78.494,
1765382725.208812,29,103;108;109;201;202,51.510;61.860;54.829;90.986;81.558,-1.1651062982540628,1.0738411323307337,-1.62664201603237,-0.09289401322783954,0.10122750499295571,0.5020580610881682,,,,,,,78.494,
1765382725.364471,30,103;108;109;201;202,51.510;61.860;54.829;90.986;81.558,-1.1651062982540628,1.0738411323307337,-1.62664201603237,-0.09289401322783954,0.10122750499295571,0.5020580610881682,,,,,,,78.494,
1765382725.535983,31,103;108;109;201;202,51.510;61.860;54.829;90.986;81.558,-1.1651062982540628,1.0738411323307337,-1.62664201603237,-0.09289401322783954,0.10122750499295571,0.5020580610881682,,,,,,,78.494,
1765382725.704339,32,103;108;109;201;202,51.510;61.860;54.829;90.986;81.558,-1.1651062982540628,1.0738411323307337,-1.62664201603237,-0.09289401322783954,0.10122750499295571,0.5020580610881682,,,,,,,78.494,
1765382725.859447,33,103;108;109;201;202,51.510;61.860;54.829;90.986;81.558,-1.1651062982540628,1.0738411323307337,-1.62664201603237,-0.09289401322783954,0.10122750499295571,0.5020580610881682,,,,,,,78.494,
1765382726.027708,34,103;108;109;201;202,51.510;61.860;54.829;90.986;81.558,-1.1651062982540628,1.0738411323307337,-1.62664201603237,-0.09289401322783954,0.10122750499295571,0.5020580610881682,,,,,,,78.494,
1765382726.201895,35,103;108;109;201;202,51.510;61.860;54.829;90.986;81.558,-1.1651062982540628,1.0738411323307337,-1.62664201603237,-0.09289401322783954,0.10122750499295571,0.5020580610881682,,,,,,,78.494,
1765382726.372201,36,103;108;109;201;202,51.510;61.860;54.829;90.986;81.558,-1.1651062982540628,1.0738411323307337,-1.62664201603237,-0.09289401322783954,0.10122750499295571,0.5020580610881682,,,,,,,78.494,
1765382726.525612,37,103;108;109;201;202,51.510;61.860;54.829;90.986;81.558,-1.1651062982540628,1.0738411323307337,-1.62664201603237,-0.09289401322783954,0.10122750499295571,0.5020580610881682,,,,,,,78.494,
1765382726.700806,38,103;108;109;201;202,51.510;61.860;54.829;90.986;81.558,-1.1651062982540628,1.0738411323307337,-1.62664201603237,-0.09289401322783954,0.10122750499295571,0.5020580610881682,,,,,,,78.494,
1765382726.864807,39,103;108;109;201;202,51.510;61.860;54.829;90.986;81.558,-1.1651062982540628,1.0738411323307337,-1.62664201603237,-0.09289401322783954,0.10122750499295571,0.5020580610881682,,,,,,,78.494,
1765382727.036698,40,103;108;109;201;202,51.510;61.860;54.829;90.986;81.558,-1.1651062982540628,1.0738411323307337,-1.62664201603237,-0.09289401322783954,0.10122750499295571,0.5020580610881682,,,,,,,78.494,
1765382727.216751,41,103;108;109;201;202,51.510;61.860;54.829;90.986;81.558,-1.1651062982540628,1.0738411323307337,-1.62664201603237,-0.09289401322783954,0.10122750499295571,0.5020580610881682,,,,,,,78.494,
1765382727.364365,42,103;108;109;201;202,51.510;61.860;54.829;90.986;81.558,-1.1651062982540628,1.0738411323307337,-1.62664201603237,-0.09289401322783954,0.10122750499295571,0.5020580610881682,,,,,,,78.494,
1765382727.559852,43,103;108;109;201;202,51.510;61.860;54.829;90.986;81.558,-1.1651062982540628,1.0738411323307337,-1.62664201603237,-0.09289401322783954,0.10122750499295571,0.5020580610881682,,,,,,,78.494,
1765382727.739428,44,103;108;109;201;202,51.510;61.860;54.829;90.986;81.558,-1.1651062982540628,1.0738411323307337,-1.62664201603237,-0.09289401322783954,0.10122750499295571,0.5020580610881682,,,,,,,78.494,
1765382727.905094,45,103;108;109;201;202,51.510;61.860;54.829;90.986;81.558,-1.1651062982540628,1.0738411323307337,-1.62664201603237,-0.09289401322783954,0.10122750499295571,0.5020580610881682,,,,,,,78.494,
1765382728.088694,46,103;108;109;201;202,51.510;61.860;54.829;90.986;81.558,-1.1651062982540628,1.0738411323307337,-1.62664201603237,-0.09289401322783954,0.10122750499295571,0.5020580610881682,,,,,,,78.494,
1765382728.289338,47,103;108;109;201;202,51.510;61.860;54.829;90.986;81.558,-1.1651062982540628,1.0738411323307337,-1.62664201603237,-0.09289401322783954,0.10122750499295571,0.5020580610881682,,,,,,,78.494,
1765382728.450805,48,103;108;109;201;202,51.510;61.860;54.829;90.986;81.558,-1.1651062982540628,1.0738411323307337,-1.62664201603237,-0.09289401322783954,0.10122750499295571,0.5020580610881682,,,,,,,78.494,
1765382728.817343,49,103;108;109;201;202,51.510;61.860;54.829;90.986;81.558,-1.1651062982540628,1.0738411323307337,-1.62664201603237,-0.09289401322783954,0.10122750499295571,0.5020580610881682,,,,,,,78.494,
1765382729.007760,50,103;108;109;201;202,51.510;61.860;54.829;90.986;81.558,-1.1651062982540628,1.0738411323307337,-1.62664201603237,-0.09289401322783954,0.10122750499295571,0.5020580610881682,,,,,,,78.494,
1765382729.170254,51,103;108;109;201;202,51.510;61.860;54.829;90.986;81.558,-1.1651062982540628,1.0738411323307337,-1.62664201603237,-0.09289401322783954,0.10122750499295571,0.5020580610881682,,,,,,,78.494,
1765382729.333814,52,103;108;109;201;202,51.510;61.860;54.829;90.986;81.558,-1.1651062982540628,1.0738411323307337,-1.62664201603237,-0.09289401322783954,0.10122750499295571,0.5020580610881682,,,,,,,78.494,
1765382729.501611,53,103;108;109;201;202,51.510;61.860;54.829;90.986;81.558,-1.1651062982540628,1.0738411323307337,-1.62664201603237,-0.09289401322783954,0.10122750499295571,0.5020580610881682,,,,,,,78.494,
1765382729.692642,54,103;108;109;201;202,51.510;61.860;54.829;90.986;81.558,-1.1651062982540628,1.0738411323307337,-1.62664201603237,-0.09289401322783954,0.10122750499295571,0.5020580610881682,,,,,,,78.494,
1765382729.875864,55,103;108;109;201;202,51.510;61.860;54.829;90.986;81.558,-1.1651062982540628,1.0738411323307337,-1.62664201603237,-0.09289401322783954,0.10122750499295571,0.5020580610881682,,,,,,,78.494,
1765382730.063519,56,103;108;109;201;202,51.510;61.860;54.829;90.986;81.558,-1.1651062982540628,1.0738411323307337,-1.62664201603237,-0.09289401322783954,0.10122750499295571,0.5020580610881682,,,,,,,78.494,
1765382730.282561,57,103;108;109;201;202,51.510;61.860;54.829;90.986;81.558,-1.1651062982540628,1.0738411323307337,-1.62664201603237,-0.09289401322783954,0.10122750499295571,0.5020580610881682,,,,,,,78.494,
1765382730.454304,58,103;108;109;201;202,51.510;61.860;54.829;90.986;81.558,-1.1651062982540628,1.0738411323307337,-1.62664201603237,-0.09289401322783954,0.10122750499295571,0.5020580610881682,,,,,,,78.494,
1765382730.615023,59,103;108;109;201;202,51.510;61.860;54.829;90.986;81.558,-1.1651062982540628,1.0738411323307337,-1.62664201603237,-0.09289401322783954,0.10122750499295571,0.5020580610881682,,,,,,,78.494,
1765382730.767826,60,103;108;109;201;202,51.510;61.860;54.829;90.986;81.558,-1.1651062982540628,1.0738411323307337,-1.62664201603237,-0.09289401322783954,0.10122750499295571,0.5020580610881682,,,,,,,78.494,
1765382730.957158,61,103;108;109;201;202,51.510;61.860;54.829;90.986;81.558,-1.1651062982540628,1.0738411323307337,-1.62664201603237,-0.09289401322783954,0.10122750499295571,0.5020580610881682,,,,,,,78.494,
1765382731.121750,62,103;108;109;201;202,51.510;61.860;54.829;90.986;81.558,-1.1651062982540628,1.0738411323307337,-1.62664201603237,-0.09289401322783954,0.10122750499295571,0.5020580610881682,,,,,,,78.494,
1765382731.487753,63,103;108;109;201;202,51.510;61.860;54.829;90.986;81.558,-1.1651062982540628,1.0738411323307337,-1.62664201603237,-0.09289401322783954,0.10122750499295571,0.5020580610881682,,,,,,,78.494,
1765382731.849282,64,103;108;109;201;202,51.510;61.860;54.829;90.986;81.558,-1.1651062982540628,1.0738411323307337,-1.62664201603237,-0.09289401322783954,0.10122750499295571,0.5020580610881682,,,,,,,78.494,
1765382732.006556,65,103;108;109;201;202,51.510;61.860;54.829;90.986;81.558,-1.1651062982540628,1.0738411323307337,-1.62664201603237,-0.09289401322783954,0.10122750499295571,0.5020580610881682,,,,,,,78.494,
1765382732.171613,66,103;108;109;201;202,51.510;61.860;54.829;90.986;81.558,-1.1651062982540628,1.0738411323307337,-1.62664201603237,-0.09289401322783954,0.10122750499295571,0.5020580610881682,,,,,,,78.494,
1765382732.348877,67,103;108;109;201;202,51.510;61.860;54.829;90.986;81.558,-1.1651062982540628,1.0738411323307337,-1.62664201603237,-0.09289401322783954,0.10122750499295571,0.5020580610881682,,,,,,,78.494,
1765382732.503640,68,103;108;109;201;202,51.510;61.860;54.829;90.986;81.558,-1.1651062982540628,1.0738411323307337,-1.62664201603237,-0.09289401322783954,0.10122750499295571,0.5020580610881682,,,,,,,78.494,
1765382732.667115,69,103;108;109;201;202,51.510;61.860;54.829;90.986;81.558,-1.1651062982540628,1.0738411323307337,-1.62664201603237,-0.09289401322783954,0.10122750499295571,0.5020580610881682,,,,,,,78.494,
1765382732.838475,70,103;108;109;201;202,51.510;61.860;54.829;90.986;81.558,-1.1651062982540628,1.0738411323307337,-1.62664201603237,-0.09289401322783954,0.10122750499295571,0.5020580610881682,,,,,,,78.494,
1765382733.007081,71,103;108;109;201;202,51.510;61.860;54.829;90.986;81.558,-1.1651062982540628,1.0738411323307337,-1.62664201603237,-0.09289401322783954,0.10122750499295571,0.5020580610881682,,,,,,,78.494,
1765382733.168065,72,103;108;109;201;202,51.510;61.860;54.829;90.986;81.558,-1.1651062982540628,1.0738411323307337,-1.62664201603237,-0.09289401322783954,0.10122750499295571,0.5020580610881682,,,,,,,78.494,
1765385190.995584,0,103;108;109;200;201;202,51.068;59.744;55.525;64.172;84.412;89.814,-1.3266024957541545,1.2369291236702045,-1.8070882788021347,-0.018695092337536242,0.10671913079044604,0.5137897120073441,,,,,,,85.486,
1765385191.163663,1,103;108;109;200;201;202,51.068;59.744;55.525;64.172;84.412;89.814,-1.3266024957541545,1.2369291236702045,-1.8070882788021347,-0.018695092337536242,0.10671913079044604,0.5137897120073441,,,,,,,85.486,
1765385191.355283,2,103;108;109;200;201;202,51.068;59.744;55.525;64.172;84.412;89.814,-1.3266024957541545,1.2369291236702045,-1.8070882788021347,-0.018695092337536242,0.10671913079044604,0.5137897120073441,,,,,,,85.486,
1765385191.517993,3,103;108;109;200;201;202,51.068;59.744;55.525;64.172;84.412;89.814,-1.3266024957541545,1.2369291236702045,-1.8070882788021347,-0.018695092337536242,0.10671913079044604,0.5137897120073441,,,,,,,85.486,
1765385191.717160,4,103;108;109;200;201;202,51.068;59.744;55.525;64.172;84.412;89.814,-1.3266024957541545,1.2369291236702045,-1.8070882788021347,-0.018695092337536242,0.10671913079044604,0.5137897120073441,,,,,,,85.486,
1765385191.886844,5,103;108;109;200;201;202,51.068;59.744;55.525;64.172;84.412;89.814,-1.3266024957541545,1.2369291236702045,-1.8070882788021347,-0.018695092337536242,0.10671913079044604,0.5137897120073441,,,,,,,85.486,
1765385192.055935,6,103;108;109;200;201;202,51.068;59.744;55.525;64.172;84.412;89.814,-1.3266024957541545,1.2369291236702045,-1.8070882788021347,-0.018695092337536242,0.10671913079044604,0.5137897120073441,,,,,,,85.486,
1765385192.227080,7,103;108;109;200;201;202,51.068;59.744;55.525;64.172;84.412;89.814,-1.3266024957541545,1.2369291236702045,-1.8070882788021347,-0.018695092337536242,0.10671913079044604,0.5137897120073441,,,,,,,85.486,
1765385192.387141,8,103;108;109;200;201;202,51.068;59.744;55.525;64.172;84.412;89.814,-1.3266024957541545,1.2369291236702045,-1.8070882788021347,-0.018695092337536242,0.10671913079044604,0.5137897120073441,,,,,,,85.486,
1765385192.560409,9,103;108;109;200;201;202,51.068;59.744;55.525;64.172;84.412;89.814,-1.3266024957541545,1.2369291236702045,-1.8070882788021347,-0.018695092337536242,0.10671913079044604,0.5137897120073441,,,,,,,85.486,
1765385192.726604,10,103;108;109;200;201;202,51.068;59.744;55.525;64.172;84.412;89.814,-1.3266024957541545,1.2369291236702045,-1.8070882788021347,-0.018695092337536242,0.10671913079044604,0.5137897120073441,,,,,,,85.486,
1765385192.873707,11,103;108;109;200;201;202,51.068;59.744;55.525;64.172;84.412;89.814,-1.3266024957541545,1.2369291236702045,-1.8070882788021347,-0.018695092337536242,0.10671913079044604,0.5137897120073441,,,,,,,85.486,
1765385193.033967,12,103;108;109;200;201;202,51.068;59.744;55.525;64.172;84.412;89.814,-1.3266024957541545,1.2369291236702045,-1.8070882788021347,-0.018695092337536242,0.10671913079044604,0.5137897120073441,,,,,,,85.486,
1765385193.191015,13,103;108;109;200;201;202,51.068;59.744;55.525;64.172;84.412;89.814,-1.3266024957541545,1.2369291236702045,-1.8070882788021347,-0.018695092337536242,0.10671913079044604,0.5137897120073441,,,,,,,85.486,
1765385193.336027,14,103;108;109;200;201;202,51.068;59.744;55.525;64.172;84.412;89.814,-1.3266024957541545,1.2369291236702045,-1.8070882788021347,-0.018695092337536242,0.10671913079044604,0.5137897120073441,,,,,,,85.486,
1765385193.503159,15,103;108;109;200;201;202,51.068;59.744;55.525;64.172;84.412;89.814,-1.3266024957541545,1.2369291236702045,-1.8070882788021347,-0.018695092337536242,0.10671913079044604,0.5137897120073441,,,,,,,85.486,
1765385193.679403,16,103;108;109;200;201;202,51.068;59.744;55.525;64.172;84.412;89.814,-1.3266024957541545,1.2369291236702045,-1.8070882788021347,-0.018695092337536242,0.10671913079044604,0.5137897120073441,,,,,,,85.486,
1765385193.859503,17,103;108;109;200;201;202,51.068;59.744;55.525;64.172;84.412;89.814,-1.3266024957541545,1.2369291236702045,-1.8070882788021347,-0.018695092337536242,0.10671913079044604,0.5137897120073441,,,,,,,85.486,
1765385194.032956,18,103;108;109;200;201;202,51.068;59.744;55.525;64.172;84.412;89.814,-1.3266024957541545,1.2369291236702045,-1.8070882788021347,-0.018695092337536242,0.10671913079044604,0.5137897120073441,,,,,,,85.486,
1765385194.198361,19,103;108;109;200;201;202,51.068;59.744;55.525;64.172;84.412;89.814,-1.3266024957541545,1.2369291236702045,-1.8070882788021347,-0.018695092337536242,0.10671913079044604,0.5137897120073441,,,,,,,85.486,
1765385194.365168,20,103;108;109;200;201;202,51.068;59.744;55.525;64.172;84.412;89.814,-1.3266024957541545,1.2369291236702045,-1.8070882788021347,-0.018695092337536242,0.10671913079044604,0.5137897120073441,,,,,,,85.486,
1765385194.552882,21,103;108;109;200;201;202,51.068;59.744;55.525;64.172;84.412;89.814,-1.3266024957541545,1.2369291236702045,-1.8070882788021347,-0.018695092337536242,0.10671913079044604,0.5137897120073441,,,,,,,85.486,
1765385194.694752,22,103;108;109;200;201;202,51.068;59.744;55.525;64.172;84.412;89.814,-1.3266024957541545,1.2369291236702045,-1.8070882788021347,-0.018695092337536242,0.10671913079044604,0.5137897120073441,,,,,,,85.486,
1765385194.860699,23,103;108;109;200;201;202,51.068;59.744;55.525;64.172;84.412;89.814,-1.3266024957541545,1.2369291236702045,-1.8070882788021347,-0.018695092337536242,0.10671913079044604,0.5137897120073441,,,,,,,85.486,
1765385195.050797,24,103;108;109;200;201;202,51.068;59.744;55.525;64.172;84.412;89.814,-1.3266024957541545,1.2369291236702045,-1.8070882788021347,-0.018695092337536242,0.10671913079044604,0.5137897120073441,,,,,,,85.486,
1765385195.229817,25,103;108;109;200;201;202,51.068;59.744;55.525;64.172;84.412;89.814,-1.3266024957541545,1.2369291236702045,-1.8070882788021347,-0.018695092337536242,0.10671913079044604,0.5137897120073441,,,,,,,85.486,
1765385195.396290,26,103;108;109;200;201;202,51.068;59.744;55.525;64.172;84.412;89.814,-1.3266024957541545,1.2369291236702045,-1.8070882788021347,-0.018695092337536242,0.10671913079044604,0.5137897120073441,,,,,,,85.486,
1765385195.560044,27,103;108;109;200;201;202,51.068;59.744;55.525;64.172;84.412;89.814,-1.3266024957541545,1.2369291236702045,-1.8070882788021347,-0.018695092337536242,0.10671913079044604,0.5137897120073441,,,,,,,85.486,
1765385195.731384,28,103;108;109;200;201;202,51.068;59.744;55.525;64.172;84.412;89.814,-1.3266024957541545,1.2369291236702045,-1.8070882788021347,-0.018695092337536242,0.10671913079044604,0.5137897120073441,,,,,,,85.486,
1765385195.894699,29,103;108;109;200;201;202,51.068;59.744;55.525;64.172;84.412;89.814,-1.3266024957541545,1.2369291236702045,-1.8070882788021347,-0.018695092337536242,0.10671913079044604,0.5137897120073441,,,,,,,85.486,
1765385196.060184,30,103;108;109;200;201;202,51.068;59.744;55.525;64.172;84.412;89.814,-1.3266024957541545,1.2369291236702045,-1.8070882788021347,-0.018695092337536242,0.10671913079044604,0.5137897120073441,,,,,,,85.486,
1765385196.236103,31,103;108;109;200;201;202,51.068;59.744;55.525;64.172;84.412;89.814,-1.3266024957541545,1.2369291236702045,-1.8070882788021347,-0.018695092337536242,0.10671913079044604,0.5137897120073441,,,,,,,85.486,
1765385196.407421,32,103;108;109;200;201;202,51.068;59.744;55.525;64.172;84.412;89.814,-1.3266024957541545,1.2369291236702045,-1.8070882788021347,-0.018695092337536242,0.10671913079044604,0.5137897120073441,,,,,,,85.486,
1765385196.564180,33,103;108;109;200;201;202,51.068;59.744;55.525;64.172;84.412;89.814,-1.3266024957541545,1.2369291236702045,-1.8070882788021347,-0.018695092337536242,0.10671913079044604,0.5137897120073441,,,,,,,85.486,
1765385196.775072,34,103;108;109;200;201;202,51.068;59.744;55.525;64.172;84.412;89.814,-1.3266024957541545,1.2369291236702045,-1.8070882788021347,-0.018695092337536242,0.10671913079044604,0.5137897120073441,,,,,,,85.486,
1765385196.928642,35,103;108;109;200;201;202,51.068;59.744;55.525;64.172;84.412;89.814,-1.3266024957541545,1.2369291236702045,-1.8070882788021347,-0.018695092337536242,0.10671913079044604,0.5137897120073441,,,,,,,85.486,
1765385197.095515,36,103;108;109;200;201;202,51.068;59.744;55.525;64.172;84.412;89.814,-1.3266024957541545,1.2369291236702045,-1.8070882788021347,-0.018695092337536242,0.10671913079044604,0.5137897120073441,,,,,,,85.486,
1765385197.256767,37,103;108;109;200;201;202,51.068;59.744;55.525;64.172;84.412;89.814,-1.3266024957541545,1.2369291236702045,-1.8070882788021347,-0.018695092337536242,0.10671913079044604,0.5137897120073441,,,,,,,85.486,
1765385197.400087,38,103;108;109;200;201;202,51.068;59.744;55.525;64.172;84.412;89.814,-1.3266024957541545,1.2369291236702045,-1.8070882788021347,-0.018695092337536242,0.10671913079044604,0.5137897120073441,,,,,,,85.486,
1765385197.563502,39,103;108;109;200;201;202,51.068;59.744;55.525;64.172;84.412;89.814,-1.3266024957541545,1.2369291236702045,-1.8070882788021347,-0.018695092337536242,0.10671913079044604,0.5137897120073441,,,,,,,85.486,
1765385197.725289,40,103;108;109;200;201;202,51.068;59.744;55.525;64.172;84.412;89.814,-1.3266024957541545,1.2369291236702045,-1.8070882788021347,-0.018695092337536242,0.10671913079044604,0.5137897120073441,,,,,,,85.486,
1765385197.895549,41,103;108;109;200;201;202,51.068;59.744;55.525;64.172;84.412;89.814,-1.3266024957541545,1.2369291236702045,-1.8070882788021347,-0.018695092337536242,0.10671913079044604,0.5137897120073441,,,,,,,85.486,
