#{"config": {"calib_path_resolved": "/Users/Andreas/Desktop/ptl24_marker/common/calib/calib.yaml", "cli_overrides": ["camera", "config", "debug_metrics", "ema_alpha", "fps", "height", "ransac", "ransac_base_rot", "ransac_base_trans", "rig", "save_poses", "use_weighted_se3", "video", "width"], "config_path": "/Users/Andreas/Desktop/ptl24_marker/phase_b/config.yaml", "extrinsics_path_resolved": null, "rig_path_resolved": "/Users/Andreas/Desktop/ptl24_marker/phase_b/rigs/cyl_paper.yaml", "runtime": {"bench": {"print_every": 60}, "fuse": {"axis_len_m": 0.1, "ema_alpha": 0.3, "use_weighted_se3": false}, "health": {"max_tilt_jump_deg": 15.0}, "hud": {"enabled": true}, "logging": {"debug_metrics_csv": "phase_b/debug_metrics.csv", "poses_csv": "phase_b/v2/poses_v2_simple.csv"}, "ransac": {"A_ref_px2": 12000.0, "adaptive": false, "base_rot_deg": 5.0, "base_trans_m": 0.05, "min_inliers": 3, "rot_max_deg": 5.0, "trans_max_m": 0.05}, "video": {"device": "1", "fps": 30.0, "height": 1080, "width": 1920}}, "yaml": {"bench": {"print_every": 60}, "fuse": {"axis_len_m": 0.1, "ema_alpha": 0.3, "use_weighted_se3": false}, "health": {"max_tilt_jump_deg": 15}, "hud": {"enabled": true}, "logging": {"debug_metrics_csv": "phase_b/debug_metrics.csv", "poses_csv": "phase_b/poses.csv"}, "ransac": {"A_ref_px2": 12000, "adaptive": false, "base_rot_deg": 5, "base_trans_m": 0.05, "min_inliers": 3, "rot_max_deg": 5, "trans_max_m": 0.05}, "video": {"device": 2, "fps": 30, "height": 1080, "width": 1920}}}, "files": {"camera_calib": {"path": "/Users/Andreas/Desktop/ptl24_marker/common/calib/calib.yaml", "sha256": "a3583ec3b05ec4397f74222c4802234f7ee960b25f93061cb951120e268bc42f"}, "config": {"path": "/Users/Andreas/Desktop/ptl24_marker/phase_b/config.yaml", "sha256": "9c664548f0c4998345c599764857540af456008cc4bf230d90b575c908eaec28"}, "rig": {"path": "/Users/Andreas/Desktop/ptl24_marker/phase_b/rigs/cyl_paper.yaml", "sha256": "e4048a572421f174e4670fbb51050d61e65957319f0f3d120df78c66f49c0a91"}}, "git_commit": null, "timestamp": 1764781687.790366}
timestamp,frame,used_ids,decision_margins,rvec_cam_x,rvec_cam_y,rvec_cam_z,tvec_cam_x,tvec_cam_y,tvec_cam_z,rvec_world_x,rvec_world_y,rvec_world_z,tvec_world_x,tvec_world_y,tvec_world_z,tilt_cam_deg,tilt_world_deg
1764781688.028329,0,101;105;109;200;201;202,95.994;91.321;94.077;83.378;87.353;76.428,-0.8619865231674104,0.8535188817198898,1.508237676356836,-0.1399306329957012,0.31456604525354603,0.1260456923944432,,,,,,,62.154,
1764781688.207061,1,101;105;109;200;201;202,96.851;91.845;94.604;83.144;88.291;76.483,-0.8619946576084108,0.8535743654474557,1.5062417107828732,-0.13957937871159343,0.31504992113009656,0.12593217985843222,,,,,,,62.175,
1764781688.371105,2,101;105;109;200;201;202,97.050;92.015;94.876;83.381;88.363;77.468,-0.8625723909609935,0.8534827917270427,1.5059381223099735,-0.13966398156216847,0.3151279041323923,0.1259178317876659,,,,,,,62.195,
1764781688.519449,3,101;105;109;200;201;202,97.227;92.779;94.765;82.671;87.485;77.570,-0.8625601000509711,0.8529522963926347,1.507559906535458,-0.13944441945399869,0.31572409872094526,0.12540068266158064,,,,,,,62.161,
1764781688.664220,4,101;105;109;200;201;202,97.361;93.401;94.639;81.628;87.802;76.998,-0.8618016024710773,0.8529094658008739,1.5071249547274315,-0.13860690235515238,0.3167659914049398,0.12468236170354395,,,,,,,62.137,
1764781688.813168,5,101;105;109;200;201;202,96.779;91.560;94.629;81.989;89.459;77.391,-0.8625514814125118,0.8521281236289223,1.5036379700540594,-0.1381821022178226,0.31609423688155264,0.1251603178778178,,,,,,,62.168,
1764781688.951088,6,101;105;109;200;201;202,96.684;91.763;94.092;80.501;89.398;76.705,-0.8626701130275501,0.8524690785202426,1.499529794637651,-0.13732086008121552,0.31642947320401177,0.12528369113576468,,,,,,,62.222,
1764781689.079988,7,101;105;109;200;201;202,95.596;91.732;94.591;82.605;89.318;74.254,-0.8602887198895645,0.8539169436159572,1.4949236865236684,-0.13746232894466265,0.3167172949743791,0.12526298892086346,,,,,,,62.231,
1764781689.211858,8,101;105;109;200;201;202,96.888;91.670;93.695;84.303;88.208;73.975,-0.8581709047746708,0.855048115241788,1.4954959319186711,-0.13780009940492088,0.3167224724788914,0.125024770018737,,,,,,,62.191,
1764781689.344548,9,101;105;109;200;201;202,96.765;92.165;93.629;85.225;88.223;73.838,-0.8557547599795414,0.8567699721528722,1.496803147899526,-0.13812973287194674,0.31671581366240864,0.1251154279074391,,,,,,,62.154,
1764781689.482562,10,101;105;109;200;201;202,96.918;92.031;94.072;85.622;88.738;74.654,-0.8551313316015239,0.8574939630138207,1.497707105555554,-0.13849006755594898,0.31625507253167723,0.12529910214264559,,,,,,,62.150,
1764781689.615815,11,101;105;109;200;201;202,97.119;92.196;94.336;85.774;88.795;74.481,-0.8542089706776241,0.8577016255511223,1.4983999636075507,-0.13866209633071463,0.31595425079787776,0.12534336927330839,,,,,,,62.118,
1764781689.746169,12,101;105;109;200;201;202,97.246;91.655;93.919;85.766;88.976;73.856,-0.8536002730278828,0.8582936847471623,1.4977036009880254,-0.13865359323093746,0.3158273643828938,0.12534571763221258,,,,,,,62.124,
1764781689.882025,13,101;105;109;200;201;202,96.151;91.183;94.181;85.837;88.267;74.330,-0.8534807310579713,0.8577070083286469,1.498529269200754,-0.1393324206540738,0.3151606313138697,0.12577551516325117,,,,,,,62.092,
1764781690.024373,14,101;105;109;200;201;202,96.846;91.192;94.430;85.355;88.302;73.649,-0.8536797338377539,0.8568142840589448,1.497790354690018,-0.13934139314710667,0.315352597260206,0.12555875691736834,,,,,,,62.074,
1764781690.150193,15,101;105;109;200;201;202,97.179;92.048;94.496;85.153;89.022;74.446,-0.8533256239404479,0.8565046892902299,1.4976130987979648,-0.13898928198951205,0.31545874082341024,0.1255358942425878,,,,,,,62.053,
1764781690.281346,16,101;105;109;200;201;202,96.828;92.021;94.369;84.885;89.168;74.871,-0.8533600797766684,0.8566261278354362,1.496933699615873,-0.13904913053708032,0.3153139577993858,0.1259025758489057,,,,,,,62.064,
1764781690.416553,17,101;105;109;200;201;202,96.627;90.852;94.349;85.280;88.753;75.095,-0.8544377708213806,0.8556548635635262,1.4975821784186512,-0.1393872758955571,0.31475677819621495,0.12606580480918073,,,,,,,62.062,
1764781690.546651,18,101;105;109;200;201;202,97.076;91.450;94.598;84.193;88.669;75.168,-0.8553232819991278,0.8546068988641049,1.4972205941545442,-0.13919879588847484,0.3149191764498597,0.1257316225648323,,,,,,,62.060,
1764781690.677933,19,101;105;109;200;201;202,96.513;90.924;94.106;84.944;88.387;75.238,-0.8559258472659381,0.8543666124878783,1.498355950253123,-0.1394233250514547,0.31448412546456067,0.12588817314603287,,,,,,,62.062,
1764781690.816780,20,101;105;109;200;201;202,96.918;92.015;94.320;84.997;88.514;75.194,-0.8557654818879131,0.854560928034639,1.5001002416335916,-0.1392459311806229,0.31460056242317436,0.12563576291572165,,,,,,,62.047,
1764781690.947892,21,101;105;109;200;201;202,97.091;91.421;94.250;84.966;87.807;75.107,-0.8568606484525653,0.8546175922130981,1.501315124055221,-0.1394146816267416,0.31487266359591876,0.1252964468451293,,,,,,,62.076,
1764781691.084382,22,101;105;109;200;201;202,95.886;91.532;94.217;84.734;87.994;74.549,-0.8561213825592068,0.8549243177254946,1.5011262556015976,-0.139713911015704,0.31491977445596375,0.12534780851895727,,,,,,,62.063,
1764781691.216664,23,101;105;109;200;201;202,96.079;91.199;93.635;85.931;88.311;74.697,-0.8557158440570249,0.8559802067159514,1.5016749875673654,-0.14005238157159383,0.31423290509038626,0.12591279092265154,,,,,,,62.081,
1764781691.346176,24,101;105;109;200;201;202,97.246;91.410;93.756;86.012;87.626;73.408,-0.8548146185278457,0.8566864579295995,1.5017245376839983,-0.14000978725154423,0.3148232635335766,0.12542318869959596,,,,,,,62.073,
1764781691.484811,25,101;105;109;200;201;202,97.218;91.832;93.970;85.513;86.854;73.705,-0.8543686311372495,0.856222555703613,1.5032443156552897,-0.14001596057572918,0.31557292104993717,0.1248497747339081,,,,,,,62.027,
1764781691.614641,26,101;105;109;200;201;202,97.161;91.528;94.134;85.311;87.199;74.062,-0.854471900053476,0.8554202440479486,1.5042038974680756,-0.1398357540250073,0.3158104547943068,0.12442739488334223,,,,,,,61.994,
1764781691.746541,27,101;105;109;200;201;202,96.860;92.347;93.768;84.416;88.467;75.096,-0.8540705412887063,0.855255458818671,1.5040152292072415,-0.13931738828173482,0.3157147826504592,0.12477962671324655,,,,,,,61.976,
1764781691.878551,28,101;105;109;200;201;202,97.051;91.211;93.852;84.050;88.400;75.410,-0.8553711994478304,0.854551702076568,1.5033257437620486,-0.13907356612859242,0.31535390163167426,0.1250059336272884,,,,,,,62.003,
1764781692.017676,29,101;105;109;200;201;202,96.995;92.003;94.239;85.525;88.142;74.565,-0.8546192431810533,0.8548790439140472,1.5037255176063142,-0.13918998935503937,0.3153976762683464,0.12493312636660565,,,,,,,61.985,
1764781692.149155,30,101;105;109;200;201;202,96.648;91.786;94.465;85.023;88.636;75.850,-0.8550350747089527,0.8542499895688236,1.503978484627306,-0.13939522438254637,0.31481053538434706,0.12534928072639967,,,,,,,61.975,
1764781692.286811,31,101;105;109;200;201;202,96.302;91.335;93.858;84.773;88.603;75.346,-0.8554784323797165,0.854380909930254,1.503487317913624,-0.13940344709534036,0.31431415445382294,0.12573537745229196,,,,,,,62.000,
1764781692.416090,32,101;105;109;200;201;202,96.220;91.721;94.186;84.592;88.597;75.646,-0.8555228139563624,0.8541761854673083,1.5035976027489273,-0.13943864242405715,0.3140599317441866,0.12605129825607794,,,,,,,61.993,
1764781692.545171,33,101;105;109;200;201;202,96.099;91.554;94.233;85.673;88.937;74.057,-0.8543068823228291,0.8552264368920482,1.5017992957265993,-0.13955092421480078,0.3140280198915559,0.1258998323164443,,,,,,,62.004,
1764781692.681600,34,101;105;109;200;201;202,97.412;91.125;95.132;85.164;88.381;74.214,-0.8554458215086062,0.8543279503930402,1.4999389542470971,-0.13955345157966123,0.3147702026700304,0.12513991431085883,,,,,,,62.029,
1764781692.810494,35,101;105;109;200;201;202,97.377;91.529;95.120;84.092;88.292;74.203,-0.8558223264933766,0.8529091475296735,1.498429813210571,-0.13917975895653237,0.31564801001184145,0.12443504007510513,,,,,,,62.007,
1764781692.952226,36,101;105;109;200;201;202,96.771;91.797;94.535;82.692;88.011;74.649,-0.8559043176786209,0.85225915961606,1.4976396476042306,-0.13855472403961744,0.31631659394465605,0.1240197118387834,,,,,,,61.994,
1764781693.079262,37,101;105;109;200;201;202,96.661;91.720;94.443;83.037;87.678;74.741,-0.8559819229089295,0.8522452632216821,1.4978473369849863,-0.13847145900439592,0.3167935518950245,0.12380698377440001,,,,,,,61.994,
1764781712.659472,0,101;105;109;200;201;202,96.518;92.575;94.833;84.026;88.080;73.450,-0.8485180045469086,0.8556988713208817,1.4941144370699293,-0.1377016100882752,0.3188046834028784,0.12401192633144589,,,,,,,61.888,
1764781712.820486,1,101;105;109;200;201;202,96.335;92.116;93.942;83.586;88.767;75.683,-0.8501051861302653,0.8559651335124672,1.495717078304289,-0.13773674610595937,0.317582017291029,0.12491368851563844,,,,,,,61.938,
1764781712.949958,2,101;105;109;200;201;202,96.501;92.250;93.285;85.018;88.107;74.444,-0.8499720279390915,0.856598542131469,1.4984333750463554,-0.13782100468733705,0.31684861507671025,0.1254959814711674,,,,,,,61.931,
1764781713.089999,3,101;105;109;200;201;202,96.707;92.112;93.595;83.581;88.207;74.004,-0.8503325099256424,0.8566915064146763,1.4978217168631514,-0.13743980095561048,0.31699426699397354,0.12549393053783153,,,,,,,61.953,
1764781713.270538,4,101;105;109;200;201;202,96.634;92.239;94.088;83.541;88.298;74.851,-0.8513703086861698,0.8559043959731314,1.4980968714544107,-0.13735157181570506,0.3167746845745524,0.12546732632186994,,,,,,,61.959,
1764781713.419400,5,101;105;109;200;201;202,96.438;91.640;93.929;83.014;87.339;73.537,-0.8518103418742317,0.8553169699996568,1.497656666338769,-0.13737288831577377,0.317310044184775,0.12469315313955769,,,,,,,61.957,
1764781713.551923,6,101;105;109;200;201;202,96.290;91.874;94.572;83.953;88.443;74.329,-0.8522694041280334,0.8547642045828576,1.4968573948185184,-0.13768537837559813,0.3170804748917191,0.12468242032034416,,,,,,,61.961,
1764781713.684186,7,101;105;109;200;201;202,96.461;91.611;94.388;84.440;88.858;74.102,-0.8527621995844246,0.8545759589402286,1.4957481044772483,-0.13784102690926778,0.3166508910801592,0.12481029884276906,,,,,,,61.982,
1764781713.817816,8,101;105;109;200;201;202,96.480;91.310;94.282;85.075;88.478;74.117,-0.8533412644229875,0.8545584284755864,1.4959378347871013,-0.13830469629575637,0.3162524667872735,0.12515502665586556,,,,,,,62.000,
1764781713.954194,9,101;105;109;200;201;202,96.504;91.281;93.863;83.457;88.652;74.618,-0.8540245683101588,0.854414531499257,1.4950029562018157,-0.13798865322441423,0.31599225824219046,0.12522728414834536,,,,,,,62.028,
1764781714.082066,10,101;105;109;200;201;202,96.284;91.589;93.674;84.754;88.260;74.620,-0.8539888852245877,0.8551431537722715,1.496838910583003,-0.13822655507031129,0.31559258596348555,0.12541514405103904,,,,,,,62.035,
1764781714.218194,11,101;105;109;200;201;202,96.937;92.160;93.956;84.976;88.983;73.718,-0.8526730884065106,0.855832581914284,1.4963109695718104,-0.137830547202144,0.3157726092740252,0.12534070849272086,,,,,,,62.018,
1764781714.348883,12,101;105;109;200;201;202,97.200;92.142;93.992;84.540;88.174;73.614,-0.8522514895390424,0.8561419805011675,1.4965782323803793,-0.13755060827504925,0.3162221875897193,0.12505666836041401,,,,,,,62.012,
1764781714.482812,13,101;105;109;200;201;202,97.193;91.450;93.496;85.075;88.586;73.397,-0.8522885988390796,0.857065621166878,1.495983427518461,-0.13757988772200155,0.31633332247172724,0.12511646178044647,,,,,,,62.051,
1764781714.621864,14,101;105;109;200;201;202,96.556;92.023;93.954;83.375;88.947;74.134,-0.8523262092900267,0.857397024893849,1.4944680856498829,-0.13727420105349075,0.3165220432270234,0.12493247663027798,,,,,,,62.078,
1764781714.746884,15,101;105;109;200;201;202,96.789;91.862;93.812;85.024;88.855;74.401,-0.8526246283933595,0.8576261329886204,1.495406540956151,-0.13752763742734983,0.3160633914367896,0.1251745647907261,,,,,,,62.088,
1764781714.887789,16,101;105;109;200;201;202,97.116;92.012;93.755;84.202;88.822;74.953,-0.8526981571531966,0.8575722378114682,1.4962564038257535,-0.1373665691172818,0.3158285711269899,0.12536978607350285,,,,,,,62.081,
1764781715.016908,17,101;105;109;200;201;202,96.685;91.798;93.981;85.820;89.108;74.803,-0.8525640490126675,0.8579927214430527,1.4971894636214036,-0.13787998971027915,0.315184422959602,0.12588906062387503,,,,,,,62.082,
1764781715.153597,18,101;105;109;200;201;202,96.885;92.238;93.311;84.419;87.864;73.760,-0.852008862404793,0.8581250374770005,1.4985188682683426,-0.13760532234871156,0.3159088259969347,0.12548039653615817,,,,,,,62.055,
1764781715.283163,19,101;105;109;200;201;202,97.198;92.037;93.764;83.272;88.241;73.128,-0.8517047096543624,0.8580550536767045,1.4965539456852774,-0.13696270713708167,0.317124468998845,0.12469453207097939,,,,,,,62.060,
1764781715.420457,20,101;105;109;200;201;202,96.607;91.512;94.485;84.780;88.972;73.274,-0.8516729470946827,0.8576473405613106,1.4942733823536107,-0.13730173399687562,0.3170899744045646,0.12468228262443942,,,,,,,62.066,
1764781715.550814,21,101;105;109;200;201;202,96.467;92.073;94.011;84.777;88.766;74.072,-0.8514493002391015,0.8574823725457184,1.4951476210000643,-0.13748473580395545,0.31674863159283256,0.12493039084182617,,,,,,,62.044,
1764781715.682819,22,101;105;109;200;201;202,96.040;91.714;93.682;84.508;88.802;74.028,-0.8514240248180858,0.8577744047603505,1.495529411622844,-0.1375941427178696,0.3163439929445642,0.12514617144461415,,,,,,,62.050,
1764781715.816076,23,101;105;109;200;201;202,96.152;91.736;94.418;85.296;88.676;74.245,-0.8515172004107651,0.8575504039769322,1.4962067454698234,-0.1381123187877347,0.31595367517628475,0.12523246041933672,,,,,,,62.039,
1764781715.949623,24,101;105;109;200;201;202,96.180;92.064;94.463;84.662;89.116;73.985,-0.8512393719693765,0.8574527820550248,1.4952617877973644,-0.13811156675808875,0.31594284592832245,0.12517639120244575,,,,,,,62.035,
1764781716.087035,25,101;105;109;200;201;202,96.380;91.721;94.317;82.968;88.518;74.133,-0.8518417753589809,0.8566659443553162,1.4940564465602064,-0.1377482353128485,0.3164531241118772,0.12493867574008988,,,,,,,62.039,
1764781716.215436,26,101;105;109;200;201;202,95.727;92.333;94.298;83.510;88.389;74.691,-0.8515983043768542,0.856695369878416,1.4948356946374528,-0.13779601641413927,0.31635240413824384,0.12499527454594807,,,,,,,62.024,
1764781716.354526,27,101;105;109;200;201;202,96.827;92.521;94.011;84.063;88.388;74.213,-0.8515771439450094,0.8570819964168045,1.4959125166660587,-0.13749433955820245,0.3167331248499687,0.12481554823347578,,,,,,,62.027,
1764781716.483093,28,101;105;109;200;201;202,96.482;92.672;93.302;85.151;88.671;74.633,-0.8510685644344121,0.8585293766411408,1.4978989853621316,-0.13761673995395912,0.3162765120732583,0.1252306814301966,,,,,,,62.042,
1764781716.623571,29,101;105;109;200;201;202,96.589;92.280;93.677;85.825;88.861;74.911,-0.8512397763268361,0.8592371269380981,1.4994376486045036,-0.1381019634027579,0.315634325094996,0.1256504785480293,,,,,,,62.059,
1764781716.749584,30,101;105;109;200;201;202,96.441;92.414;93.503;85.756;88.672;75.394,-0.8512518708458042,0.859737045787135,1.5015531520182817,-0.13851297180696137,0.3150778955474396,0.12615008459470428,,,,,,,62.058,
1764781716.886776,31,101;105;109;200;201;202,96.514;92.085;93.721;85.416;89.054;74.661,-0.8512244081291997,0.860089246374004,1.500921283134285,-0.13856443347302275,0.31483662414214064,0.12620371401773872,,,,,,,62.075,
1764781717.017346,32,101;105;109;200;201;202,96.714;91.572;94.525;85.619;88.705;74.266,-0.8515643887876592,0.8593114327687175,1.4999161958842058,-0.13898627968607305,0.31498783674251324,0.12599984422026392,,,,,,,62.069,
1764781717.151580,33,101;105;109;200;201;202,96.188;92.027;94.642;85.577;88.795;74.253,-0.8511934897206944,0.8589116399402893,1.4992888767927375,-0.13918166983497945,0.3149594963386445,0.12586091731509869,,,,,,,62.047,
1764781717.289715,34,101;105;109;200;201;202,96.720;91.804;93.943;85.505;88.796;74.889,-0.8517245178007704,0.8585396065845188,1.4998613084026204,-0.1390682081503312,0.3145667989643025,0.12595687918956752,,,,,,,62.048,
1764781717.416053,35,101;105;109;200;201;202,97.084;91.357;93.953;85.488;87.860;74.938,-0.8531972750736438,0.8572407825889338,1.5020442766848152,-0.13925852455129648,0.3145398732767012,0.12570440607987268,,,,,,,62.033,
1764781717.556748,36,101;105;109;200;201;202,96.500;92.062;93.553;85.225;88.500;74.340,-0.8530034194287096,0.8581941545196656,1.5015660196115814,-0.1391667111029367,0.3147120892331975,0.12575352128279516,,,,,,,62.064,
1764781717.685665,37,101;105;109;200;201;202,95.780;92.324;94.133;85.475;88.403;73.868,-0.8516930437301267,0.8583023214100459,1.501387518246915,-0.1392606166839638,0.314866774084432,0.1256188580275393,,,,,,,62.024,
1764781717.823273,38,101;105;109;200;201;202,96.816;91.576;93.676;84.971;88.384;74.596,-0.8526218040785966,0.8580488834154305,1.5010539488437746,-0.13908436500533045,0.31479438453750164,0.12550412368515293,,,,,,,62.051,
1764781717.954220,39,101;105;109;200;201;202,97.106;91.912;93.953;84.734;86.949;74.768,-0.8534427212012579,0.8566516371509899,1.503868852627848,-0.13907480670713604,0.31528688590149556,0.12490082179784481,,,,,,,62.004,
1764781718.087756,40,101;105;109;200;201;202,95.808;91.299;94.257;85.470;87.772;74.948,-0.8540432390762929,0.8560771375918315,1.504335610557327,-0.13964026976611715,0.31466091843677596,0.12528673407590252,,,,,,,62.001,
1764781718.224231,41,101;105;109;200;201;202,96.654;91.125;94.101;85.627;88.675;74.667,-0.8546289513029061,0.8561607272524014,1.502729346167528,-0.13954866644812775,0.3143938569158157,0.12542282542537475,,,,,,,62.039,
1764781718.357834,42,101;105;109;200;201;202,96.544;92.103;94.364;85.038;88.642;74.960,-0.8540691843204291,0.8563069113349578,1.5023086179476288,-0.1393292621610896,0.3145433067620426,0.1255485130697536,,,,,,,62.029,
1764781718.491074,43,101;105;109;200;201;202,96.514;92.024;94.395;83.544;86.454;74.828,-0.8543310675370493,0.8544268871044827,1.5043845967847782,-0.13926770170529487,0.31561693384594997,0.12482604117639781,,,,,,,61.953,
1764781718.622937,44,101;105;109;200;201;202,96.575;92.626;93.803;82.703;88.484;74.410,-0.8530964319190579,0.8549926427947335,1.5019819324059964,-0.13807690192223648,0.31632388534410233,0.12459089351623306,,,,,,,61.951,
1764781718.755128,45,101;105;109;200;201;202,96.347;92.208;93.456;84.660;88.556;74.636,-0.8525079169491238,0.8559954673756711,1.5020010008694746,-0.1379351263480793,0.31593915237320735,0.1250410543924533,,,,,,,61.966,
1764781718.888955,46,101;105;109;200;201;202,96.054;91.564;94.463;83.568;87.828;75.344,-0.8541622142431343,0.8549189939124364,1.5017281842385322,-0.13841179593963324,0.315897359742021,0.12508440464789614,,,,,,,61.988,
1764781719.021472,47,101;105;109;200;201;202,96.992;91.107;93.699;83.752;88.364;75.979,-0.8559949616103818,0.8546320619526737,1.5015744433039153,-0.1382739767385368,0.3154402955396752,0.12553764181945726,,,,,,,62.044,
1764781719.156418,48,101;105;109;200;201;202,96.711;91.685;94.112;82.766;87.766;75.922,-0.8566663860179432,0.8535812874274002,1.501972169261803,-0.13820698150357405,0.3155280201226091,0.12541276875584176,,,,,,,62.027,
1764781719.286178,49,101;105;109;200;201;202,96.426;91.840;94.777;84.124;88.343;76.165,-0.8565005677704673,0.8526021137950831,1.50213093807775,-0.13863238463301616,0.3151243277689433,0.12588955370512414,,,,,,,61.986,
1764781719.421573,50,101;105;109;200;201;202,96.054;91.386;94.327;84.451;88.414;75.992,-0.8566317381505082,0.8526164526328283,1.5022422178972428,-0.1390221668054518,0.3144318835163273,0.12641453522681823,,,,,,,61.990,
1764781719.556172,51,101;105;109;200;201;202,96.402;91.397;94.515;82.930;88.588;76.480,-0.8576694454249583,0.8522119563832654,1.501338211859092,-0.13882016513423068,0.31442129343455344,0.12648581247384535,,,,,,,62.020,
1764781719.692881,52,101;105;109;200;201;202,96.023;91.447;93.904;82.355;88.636;76.150,-0.8578178503936306,0.8524424833423138,1.5002989686762906,-0.1385040636654788,0.31450605960513894,0.1266649036784674,,,,,,,62.043,
1764781719.821905,53,101;105;109;200;201;202,96.055;90.766;94.686;83.006;88.444;76.874,-0.8593034643150627,0.8515171788415644,1.5000634610053953,-0.1388382169090961,0.3141734855988333,0.12690534357113983,,,,,,,62.065,
1764781719.957682,54,101;105;109;200;201;202,96.258;90.578;93.336;84.436;87.913;77.124,-0.8602409850347073,0.8518937351317832,1.503363259447191,-0.13920260336591772,0.31317068037237045,0.1275676654501149,,,,,,,62.081,
1764781720.089858,55,101;105;109;200;201;202,96.387;90.840;94.104;82.667;88.472;76.613,-0.860976050928532,0.8514421021505182,1.502273238542911,-0.1388638862925766,0.3133803367105,0.12744662091806605,,,,,,,62.101,
1764781720.221698,56,101;105;109;200;201;202,96.532;91.921;94.242;82.415;87.270;77.387,-0.86125123250523,0.8505750075035469,1.504991137172315,-0.13872441161973392,0.3138453613496737,0.12705082481213256,,,,,,,62.056,
1764781720.353000,57,101;105;109;200;201;202,96.303;91.396;94.604;82.905;88.694;77.020,-0.8609788475541825,0.8506562622426226,1.50424157868201,-0.1387071498305245,0.31377159686436484,0.12713631204573952,,,,,,,62.056,
1764781720.483154,58,101;105;109;200;201;202,96.144;91.001;94.474;83.440;88.321;75.905,-0.8602702088292318,0.8510584177827053,1.5030535356945827,-0.13885698589080947,0.3139035076039279,0.12697141870396986,,,,,,,62.056,
1764781720.619059,59,101;105;109;200;201;202,96.730;91.190;94.706;84.972;88.519;74.967,-0.8596658196381948,0.8514138998915228,1.501754540600022,-0.1389665764108343,0.31421553483415543,0.12685255321532302,,,,,,,62.059,
1764781720.746817,60,101;105;109;200;201;202,97.072;91.058;94.316;84.173;87.860;75.400,-0.8597024185706432,0.8512859209487028,1.502306824563708,-0.138940620675996,0.3146566083161181,0.12660764832184995,,,,,,,62.051,
1764781720.884539,61,101;105;109;200;201;202,96.329;91.737;94.459;84.811;88.171;75.576,-0.8585019196185251,0.851835231286705,1.5031591247676022,-0.13920184747452913,0.31461848043698126,0.12664937386422462,,,,,,,62.020,
1764781721.020353,62,101;105;109;200;201;202,97.539;92.325;93.888;84.521;87.867;75.909,-0.8577678348670792,0.8523432493440672,1.5053386894903857,-0.13883748473961746,0.3149008097770005,0.12648204503065566,,,,,,,61.992,
1764781721.152039,63,101;105;109;200;201;202,96.453;91.470;94.216;83.462;86.908;76.270,-0.8586026828408969,0.851477075559207,1.5071117923639108,-0.13909489392432506,0.31503473249162217,0.1262119510251658,,,,,,,61.974,
1764781721.288236,64,101;105;109;200;201;202,96.784;91.863;94.409;84.939;87.120;76.924,-0.8587401992603603,0.8507120414693152,1.509972643760738,-0.13957279503204914,0.31444501996592483,0.12647990224158795,,,,,,,61.926,
1764781721.417076,65,101;105;109;200;201;202,96.112;91.772;94.809;83.942;87.798;75.299,-0.8580044707473293,0.8509915296244439,1.507633226678621,-0.13950831207956113,0.3147739986438832,0.12627170302721377,,,,,,,61.932,
1764781721.555531,66,101;105;109;200;201;202,96.831;92.216;95.120;85.095;87.372;75.283,-0.8571400216399251,0.8513232313113592,1.5075074214867166,-0.1398208184741965,0.3153111432387919,0.12602461427434675,,,,,,,61.914,
1764781721.682219,67,101;105;109;200;201;202,96.806;91.740;94.571;85.757;88.121;75.243,-0.8565974126573769,0.852144650072713,1.5068616753796804,-0.13991170148133275,0.31507253256436996,0.12599830691924743,,,,,,,61.929,
1764781721.819879,68,101;105;109;200;201;202,97.001;92.100;94.085;85.523;89.396;76.743,-0.8568641156491508,0.8535584731193302,1.5063711237109159,-0.1396236124145752,0.3141359842338,0.12666370391082166,,,,,,,61.993,
1764781721.954444,69,101;105;109;200;201;202,97.358;92.565;94.159;85.728;88.813;77.734,-0.8575108229269763,0.853737239923269,1.5086132360653415,-0.1395092462623603,0.31324952493261227,0.12727920632758416,,,,,,,62.001,
1764781722.097529,70,101;105;109;200;201;202,97.187;92.419;94.014;85.385;89.077;76.554,-0.8571724695723668,0.854298023935114,1.5078455555651624,-0.1391993771352819,0.3130696609260367,0.12750469206135828,,,,,,,62.016,
1764781722.250389,71,101;105;109;200;201;202,96.446;92.779;94.295;84.018;88.146;75.562,-0.8560434969859106,0.8542089097196767,1.507022933060445,-0.13875070420238103,0.31391428234356017,0.1271575496847717,,,,,,,61.981,
1764781722.388233,72,101;105;109;200;201;202,97.099;92.696;93.665;84.030;88.596;76.371,-0.8559908587016717,0.8548906711333852,1.5071024132621533,-0.13826374459905183,0.314091914415371,0.1271611514496891,,,,,,,62.002,
1764781722.520953,73,101;105;109;200;201;202,97.121;92.276;94.564;84.757;87.662;74.613,-0.8553746705742284,0.8541800039530616,1.506249668603748,-0.13834914745672763,0.3150478464632814,0.12639114656786363,,,,,,,61.963,
1764781722.657968,74,101;105;109;200;201;202,96.207;91.330;94.149;85.718;87.637;75.166,-0.8553066048938912,0.8538299385888012,1.5068270100374712,-0.13911280116707433,0.31442735810330236,0.1265580212321506,,,,,,,61.943,
1764781722.785320,75,101;105;109;200;201;202,96.334;91.892;94.328;85.721;87.695;75.167,-0.854864716102189,0.853974916497321,1.5072677998914419,-0.139772142527759,0.31429459129491777,0.12642207623239352,,,,,,,61.929,
1764781722.921355,76,101;105;109;200;201;202,95.983;91.712;93.628;86.262;88.148;75.858,-0.8547764740913866,0.8549496556040279,1.508697342672901,-0.14025651072478432,0.3134123767779112,0.12684369846613422,,,,,,,61.947,
1764781723.051297,77,101;105;109;200;201;202,96.748;91.853;94.180;85.253;88.194;75.545,-0.8553528725778119,0.8549549440334356,1.508012326754619,-0.14015973437972767,0.31365634281964394,0.1267564725274475,,,,,,,61.973,
1764781723.184613,78,101;105;109;200;201;202,96.373;91.972;93.608;85.473;88.355;75.201,-0.8549382440336889,0.8556701791225586,1.507412075062866,-0.13996770994750293,0.31363368167044103,0.12692123292429036,,,,,,,61.990,
1764781723.317038,79,101;105;109;200;201;202,96.327;92.590;94.311;85.234;88.777;75.837,-0.8543134976841791,0.8558283184832075,1.5069328986984536,-0.13987729469409135,0.3137493408811454,0.12698240778544106,,,,,,,61.978,
1764781723.451407,80,101;105;109;200;201;202,96.748;91.502;93.901;84.858;87.900;75.414,-0.8551652490774035,0.8553340493905325,1.5068239854452001,-0.13984313631613654,0.31405985015543764,0.12663128980141566,,,,,,,61.991,
1764781723.584781,81,101;105;109;200;201;202,96.996;92.776;94.445;84.831;87.388;74.538,-0.8542295721730339,0.8550421642286614,1.5071146257540018,-0.1396989596939931,0.31519242761692656,0.12567969854553085,,,,,,,61.946,
1764781723.747399,82,101;105;109;200;201;202,96.397;92.273;93.668;85.764;87.746;73.849,-0.8528280095370755,0.8562164762265478,1.5066667853838973,-0.13973127434082108,0.3154773857553375,0.1254036754095039,,,,,,,61.942,
1764781723.889868,83,101;105;109;200;201;202,96.451;92.637;93.574;85.016;87.629;72.643,-0.8506592731812721,0.8570547488156489,1.5049524906953964,-0.13916739851253726,0.3164374562586529,0.12476961153686898,,,,,,,61.911,
1764781724.018703,84,101;105;109;200;201;202,96.479;92.556;94.492;84.424;87.148;72.438,-0.8494081534783323,0.856200183864904,1.5031848258399554,-0.1388788654589756,0.317707875138975,0.12388872280784798,,,,,,,61.854,
1764781724.150304,85,101;105;109;200;201;202,96.204;91.986;94.158;84.591;87.282;72.972,-0.84930427193446,0.8558004828668595,1.5024151668271786,-0.13898551679989193,0.3180838527050328,0.12361054413028506,,,,,,,61.843,
1764781724.285777,86,101;105;109;200;201;202,95.820;92.876;93.231;84.949;87.837;73.090,-0.8478295395372126,0.8572449164268963,1.5028276878075397,-0.13864829008746873,0.3178471285545435,0.12377052736093502,,,,,,,61.839,
1764781724.421071,87,101;105;109;200;201;202,95.936;92.406;92.838;83.462;88.525;73.796,-0.8479471972783096,0.8587163816082036,1.5009178388312399,-0.13797403731306437,0.3174980780440792,0.12408494367592146,,,,,,,61.912,
1764781724.549993,88,101;105;109;200;201;202,96.363;92.048;93.559;84.658;87.496;73.252,-0.8484352115092967,0.8589594377651298,1.5007919781611743,-0.13823696544039232,0.31770387768353087,0.12405187611981253,,,,,,,61.939,
1764781724.689330,89,101;105;109;200;201;202,97.247;91.925;94.234;83.475;87.744;74.182,-0.8503190149161793,0.8569896383738441,1.5001422024597086,-0.13806661940307435,0.3181056438668964,0.12373748490641656,,,,,,,61.941,
1764781724.817096,90,101;105;109;200;201;202,97.632;92.279;94.391;82.497;88.397;74.694,-0.8522104940551647,0.8554814970336243,1.4985911063080046,-0.13743203563154685,0.3185295173368613,0.12344697172091168,,,,,,,61.969,
1764781724.951938,91,101;105;109;200;201;202,97.740;92.071;94.051;82.472;87.726;74.593,-0.8534570860123263,0.8536149224581111,1.4991176456145192,-0.13690283424844898,0.3186992722588096,0.1230694517877803,,,,,,,61.942,
1764781725.122408,92,101;105;109;200;201;202,97.779;91.831;93.764;82.379;87.415;74.943,-0.854476463443594,0.8524734565296267,1.4996835432922788,-0.1366038666281054,0.31877453386378435,0.12283101142742225,,,,,,,61.933,
1764781725.258664,93,101;105;109;200;201;202,97.573;92.821;94.602;83.044;87.074;74.459,-0.8540154779231892,0.8512319740744648,1.5013786376402825,-0.13654309213230384,0.3191492414990714,0.12238287554576448,,,,,,,61.857,
1764781725.386404,94,101;105;109;200;201;202,97.442;92.411;93.980;82.231;86.540;73.112,-0.8529058161245621,0.8507916323592032,1.501086837698422,-0.136323036871609,0.3200888801642636,0.12171257659771677,,,,,,,61.806,
1764781725.520969,95,101;105;109;200;201;202,97.780;92.428;94.191;81.276;87.621;73.997,-0.8530574199533418,0.850294428903521,1.4990794068988111,-0.13567472082286114,0.32063456214798497,0.12153285477445426,,,,,,,61.812,
1764781725.650677,96,101;105;109;200;201;202,97.506;92.204;93.710;81.796;86.729;74.164,-0.8536347044969258,0.850017601458864,1.50005996148344,-0.1355258385841723,0.32061439696614635,0.12149045478940296,,,,,,,61.814,
1764781725.785398,97,101;105;109;200;201;202,97.506;91.635;94.107;82.141;87.237;73.874,-0.8541556273603366,0.8494494647782193,1.4992537308736116,-0.1355391924464962,0.3203955609127034,0.12145274908061646,,,,,,,61.819,
1764781725.917599,98,101;105;109;200;201;202,98.032;91.876;94.989;82.508;87.345;73.959,-0.8550509071784539,0.8481243325030063,1.49848362850882,-0.1356560640532231,0.32055715594637446,0.12123992000887727,,,,,,,61.812,
1764781726.050938,99,101;105;109;200;201;202,98.142;91.081;95.537;83.418;88.088;74.088,-0.8571473903697618,0.8484169548779166,1.4958874335264072,-0.13644687768989505,0.3204929462314765,0.12144505654182121,,,,,,,61.919,
1764781726.189771,100,101;105;109;200;201;202,97.761;90.603;94.528;83.323;87.929;73.073,-0.8575483068093798,0.8489044870365153,1.4936653826065858,-0.13676250713635424,0.3203011517425912,0.1216223897696989,,,,,,,61.971,
1764781726.319437,101,101;105;109;200;201;202,97.770;91.013;94.835;83.416;87.476;73.246,-0.8580177364634272,0.8497254516664969,1.4928367382791605,-0.13713928499428996,0.3205854276826794,0.12150798823108507,,,,,,,62.024,
1764781726.454072,102,101;105;109;200;201;202,97.842;90.967;94.800;82.747;88.034;73.240,-0.8581033378427823,0.8495089924501622,1.491219640093748,-0.13696542469042544,0.320728829488153,0.12146635584880149,,,,,,,62.034,
1764781726.583083,103,101;105;109;200;201;202,97.597;91.669;94.020;82.430;87.408;74.287,-0.8581635005091266,0.8495095410231165,1.493787899863952,-0.13662028283325917,0.3203782755891297,0.12165374002814,,,,,,,62.013,
1764781726.747547,104,101;105;109;200;201;202,97.722;91.211;94.346;82.201;88.248;74.518,-0.8587544162121149,0.8490247718272138,1.4935365673115966,-0.13628433218951402,0.3199892236685409,0.12195773984541165,,,,,,,62.019,
1764781726.884862,105,101;105;109;200;201;202,97.537;91.710;93.976;82.381;87.995;74.906,-0.8582424042243699,0.8498377099021059,1.4947184429900422,-0.1362440194762608,0.3195796572085999,0.12229515747797622,,,,,,,62.018,
1764781727.021482,106,101;105;109;200;201;202,97.524;92.156;94.249;82.389;88.319;74.200,-0.8576068067532092,0.8503522939631672,1.4945989774662884,-0.1360097826315008,0.31986202540696196,0.12234893673474398,,,,,,,62.015,
1764781727.151960,107,101;105;109;200;201;202,97.421;92.064;94.110;81.964;87.812;75.453,-0.8578324426011804,0.8499363412625167,1.4966468445260608,-0.13596494368667458,0.31952998700241364,0.12246815366758124,,,,,,,61.990,
1764781727.283401,108,101;105;109;200;201;202,97.363;92.119;94.750;81.039;87.947;73.787,-0.8576973362734606,0.8493565126632133,1.4944915442533684,-0.13551412713438682,0.3204071016036309,0.12193510140919915,,,,,,,61.984,
1764781727.418812,109,101;105;109;200;201;202,97.265;92.308;93.764;82.565;87.818;74.154,-0.856591901230168,0.8504723012959496,1.4952988247720764,-0.13555577470382427,0.32016574407238657,0.1219449639765254,,,,,,,61.977,
1764781727.558808,110,101;105;109;200;201;202,97.369;91.382;92.800;81.930;88.704;74.687,-0.856824151276166,0.8515984750153069,1.4945448941794326,-0.13509014801203245,0.31918208739818343,0.1225868088663863,,,,,,,62.032,
1764781727.686139,111,101;105;109;200;201;202,97.630;92.951;93.980;81.000;88.091;74.061,-0.8555864240502227,0.8512365876789619,1.494245966759833,-0.13457807036001282,0.31990608608291504,0.12214459703559631,,,,,,,61.978,
1764781727.820918,112,101;105;109;200;201;202,97.929;91.684;93.791;81.890;88.108;75.420,-0.8569988332162577,0.8506984185568919,1.4954790913138596,-0.1347788609670654,0.3193939307584982,0.12247027401188504,,,,,,,61.998,
1764781727.951069,113,101;105;109;200;201;202,97.398;91.284;94.233;82.170;88.371;74.712,-0.8574453251372183,0.8504707802928375,1.4943922707752622,-0.13513256640270377,0.31912600666420865,0.12262121912694592,,,,,,,62.015,
1764781728.087118,114,101;105;109;200;201;202,97.426;91.276;93.839;82.414;88.325;76.022,-0.8587042347495215,0.850192546841722,1.4961900402313106,-0.13558065156693916,0.3181094535794758,0.12315652286825853,,,,,,,62.034,
1764781728.256417,115,101;105;109;200;201;202,97.571;90.973;93.597;81.840;88.238;76.324,-0.8605842860325665,0.8497850017437575,1.497295076741269,-0.13573980566390267,0.3174214633247329,0.12355962013993485,,,,,,,62.076,
1764781728.387845,116,101;105;109;200;201;202,97.737;91.808;94.179;82.427;88.092;76.384,-0.8611676354855087,0.8493006381952634,1.4991549940491318,-0.13593915313191895,0.3172427093142093,0.12369491140362891,,,,,,,62.062,
1764781728.521259,117,101;105;109;200;201;202,97.930;91.422;94.319;82.374;88.386;76.042,-0.8621030004641271,0.8491723042191222,1.4988589559098877,-0.13595421059414906,0.3172474508301654,0.12378195094291072,,,,,,,62.093,
1764781728.658128,118,101;105;109;200;201;202,96.727;91.197;93.863;81.677;88.698;75.365,-0.8617265343904941,0.8497611635779161,1.4969648041048953,-0.13578932475390462,0.3171437392245693,0.12378908639036006,,,,,,,62.118,
1764781728.790647,119,101;105;109;200;201;202,97.616;91.129;93.924;81.738;88.609;76.091,-0.862498962163916,0.8500557894610102,1.4964654342011996,-0.1358100422689736,0.31703021764504113,0.12394460774792486,,,,,,,62.160,
