#{"config": {"calib_path_resolved": "/Users/Andreas/Desktop/ptl24_marker/common/calib/calib_c920_1280x720.yaml", "cli_overrides": ["camera", "config", "debug_metrics", "ema_alpha", "extrinsics", "fps", "height", "hud", "print_tilt", "rig", "save_poses", "use_weighted_se3", "video", "width"], "config_path": "/Users/Andreas/Desktop/ptl24_marker/phase_b/config.yaml", "extrinsics_path_resolved": "/Users/Andreas/Desktop/ptl24_marker/common/extrinsics/T_WC_c920_1280x720.yaml", "rig_path_resolved": "/Users/Andreas/Desktop/ptl24_marker/phase_b/rigs/cyl_dotec.yaml", "runtime": {"bench": {"print_every": 60}, "fuse": {"axis_len_m": 0.1, "ema_alpha": 0.25, "use_weighted_se3": true}, "health": {"max_tilt_jump_deg": 15.0}, "hud": {"enabled": true}, "logging": {"debug_metrics_csv": "phase_b/v2/debug_dotec_c920_720p_noekf.csv", "poses_csv": "phase_b/v2/poses_dotec_c920_720p_noekf.csv"}, "ransac": {"A_ref_px2": 12000.0, "adaptive": false, "base_rot_deg": 5.0, "base_trans_m": 0.05, "min_inliers": 3, "rot_max_deg": 5.0, "trans_max_m": 0.05}, "video": {"device": "0", "fps": 30.0, "height": 720, "width": 1280}}, "yaml": {"bench": {"print_every": 60}, "fuse": {"axis_len_m": 0.1, "ema_alpha": 0.3, "use_weighted_se3": true}, "health": {"max_tilt_jump_deg": 15}, "hud": {"enabled": true}, "logging": {"debug_metrics_csv": "phase_b/debug_metrics.csv", "poses_csv": "phase_b/poses.csv"}, "ransac": {"A_ref_px2": 12000, "adaptive": false, "base_rot_deg": 5, "base_trans_m": 0.05, "min_inliers": 3, "rot_max_deg": 5, "trans_max_m": 0.05}, "video": {"device": 2, "fps": 30, "height": 1080, "width": 1920}}}, "files": {"camera_calib": {"path": "/Users/Andreas/Desktop/ptl24_marker/common/calib/calib_c920_1280x720.yaml", "sha256": "573557a42826c5380bc3867f2f28b81a7f2be3c4fe86e1273e5a2173b39064b9"}, "config": {"path": "/Users/Andreas/Desktop/ptl24_marker/phase_b/config.yaml", "sha256": "9c664548f0c4998345c599764857540af456008cc4bf230d90b575c908eaec28"}, "extrinsics": {"path": "/Users/Andreas/Desktop/ptl24_marker/common/extrinsics/T_WC_c920_1280x720.yaml", "sha256": "277bbcc38f32afb31f41ecb04e2b07da41211799d8d67942ddf0073810bc1809"}, "rig": {"path": "/Users/Andreas/Desktop/ptl24_marker/phase_b/rigs/cyl_dotec.yaml", "sha256": "f0fd590bf211070dbb1b2c6b32f4041175f33703203978255bdee60a8b77b6ef"}}, "git_commit": null, "timestamp": 1766331459.727204}
timestamp,frame,used_ids,decision_margins,rvec_cam_x,rvec_cam_y,rvec_cam_z,tvec_cam_x,tvec_cam_y,tvec_cam_z,rvec_world_x,rvec_world_y,rvec_world_z,tvec_world_x,tvec_world_y,tvec_world_z,tilt_cam_deg,tilt_world_deg
1766331459.882276,0,106;107;108;200;201;202,64.341;68.164;59.545;56.548;75.652;67.742,-1.1530125692509376,1.005485788227806,0.5245448485093726,-0.18159250895963094,1.0817510160267831,-0.16511949178038016,-2.4095120006932307,0.7532686625998645,-0.5129604392113234,0.6236923018607017,1.0139979025380843,1.6942710605005744,86.352,39.538
1766331460.010750,1,106;107;108;200;201;202,31.319;46.615;36.102;33.156;51.338;36.059,-1.145982580070931,1.0026088063984837,0.520039095693687,-0.17193876427433102,1.0927842224094118,-0.16737757109447196,-2.411468112020023,0.763640819227244,-0.5148290810356182,0.6286383668923001,1.0251157480044952,1.6935918996185262,85.972,39.317
1766331460.145244,2,106;107;108;200;201;202,62.990;70.246;58.944;59.932;74.906;67.785,-1.1362271383052862,1.0035079217811098,0.5232715372480822,-0.16831508029166387,1.1025733614985695,-0.16890033584350547,-2.4181268936768756,0.7696334906113081,-0.5078395667675035,0.6369104072405106,1.0354164202552174,1.6892631667195395,85.580,38.798
1766331460.380605,3,106;107;108;200;201;202,63.088;69.942;59.887;59.945;74.677;66.736,-1.128730569012122,1.003355102075169,0.5252772460171743,-0.1650393668475394,1.1106767427694832,-0.17057940896552892,-2.423313031536943,0.7746851579846272,-0.5035169014467927,0.6435302270160488,1.0441137131023184,1.6856671217133679,85.250,38.405
1766331460.471794,4,106;107;108;200;201;202,64.182;69.119;59.076;59.339;75.176;67.209,-1.1228945650982656,1.004529440898859,0.5266417568244206,-0.1623341104121723,1.1169125790103511,-0.17170140537343268,-2.4265900673812215,0.7787282345539066,-0.4989230996235097,0.6486417762312644,1.0503370988887704,1.6833281129163664,85.044,38.114
1766331460.580759,5,106;107;108;200;201;202,63.749;68.987;58.357;58.575;74.178;69.070,-1.118446668917928,1.0056524145947066,0.5283271872964045,-0.16075503082793577,1.1215246511963501,-0.17179259474169678,-2.429399445720359,0.7812331800352268,-0.494861455153055,0.652242971261002,1.0547929392321362,1.6818813951327276,84.892,37.878
1766331460.711255,6,106;107;108;200;201;202,64.132;69.608;58.139;59.380;74.518;69.537,-1.1151473997783279,1.0066537549068573,0.5294958468404284,-0.15944825959670597,1.125186914884739,-0.17201982544496,-2.4313428579665595,0.7831516378080444,-0.4917112661654494,0.6550408414117881,1.0583006989258372,1.680868635417935,84.787,37.706
1766331460.795257,7,106;107;108;200;201;202,62.275;68.547;59.501;60.416;75.351;67.529,-1.1126438081703998,1.0061056257981946,0.5298313933285838,-0.15777395665881583,1.127818118532528,-0.1726451690658493,-2.433081157567814,0.7851512848977349,-0.4909083640955258,0.6569307620072252,1.061425411845636,1.6794004832204878,84.661,37.579
1766331460.869768,8,106;107;108;200;201;202,63.605;69.713;60.522;60.076;74.254;67.337,-1.110590472120048,1.0059279420901264,0.5304814614144786,-0.15665572928045246,1.1301393978042893,-0.1729021244343064,-2.434624067592193,0.7864505469444595,-0.4897882499755323,0.6584911760519822,1.0640399248801264,1.6784338048572138,84.566,37.468
1766331460.945876,9,106;107;108;200;201;202,64.298;68.397;59.788;60.242;75.494;66.801,-1.108878132369565,1.0064830801071942,0.5301587299042835,-0.15539786528544575,1.131864651695601,-0.1735533233546666,-2.4349929108997452,0.7882561788658718,-0.4885695772809352,0.660075791430218,1.0656106025261043,1.6777105416593292,84.518,37.403
1766331461.015506,10,106;107;108;200;201;202,63.377;69.391;59.446;59.802;74.804;67.230,-1.1078585931455283,1.006375230616042,0.5302846497254723,-0.15462716042925972,1.1330984731844291,-0.17381190081173273,-2.4356365306187175,0.7890745758482102,-0.48812881593160806,0.6608669386167237,1.0670087228787801,1.677217981901522,84.471,37.353
1766331461.080344,11,106;107;108;200;201;202,64.562;68.984;58.566;60.101;74.666;68.271,-1.1073435817128119,1.0076311483665994,0.5306634116783212,-0.1542109232461116,1.1340893938072747,-0.17346913296834313,-2.435535205651121,0.7891469594638391,-0.48642716169250644,0.6611403822333746,1.0676665874747637,1.677797001015572,84.495,37.330
1766331461.141689,12,106;107;108;200;201;202,64.572;69.198;59.388;59.972;75.571;67.842,-1.1067052760981888,1.008542190724461,0.5307607629694837,-0.1537876707659602,1.1348293599620098,-0.1735279164073382,-2.435474431047234,0.7895938408459025,-0.4851537326969685,0.6616808464841034,1.0681797963372497,1.6778446874071307,84.502,37.306
1766331461.209660,13,106;107;108;200;201;202,62.906;68.633;60.010;60.919;75.264;67.507,-1.1063855604529143,1.008313960836711,0.5308343984381246,-0.1532882948024103,1.135336266897998,-0.17369301657155273,-2.4357933029369963,0.7898302908509909,-0.4851944702618002,0.661796054421083,1.0689725950899671,1.677574986156876,84.480,37.287
1766331461.277422,14,106;107;108;200;201;202,65.209;68.422;59.916;59.917;74.459;69.585,-1.105800093645846,1.009602043725759,0.531630766677386,-0.1535341226949428,1.1364555507981375,-0.17342764236645963,-2.4359874697322894,0.7895978539451648,-0.4832201280171641,0.6625505236419436,1.069620240690602,1.6780392414205205,84.501,37.251
1766331461.340104,15,106;107;108;200;201;202,62.188;69.764;59.885;59.370;75.324;67.096,-1.1048337073048629,1.008705518704398,0.5306918469646189,-0.15295683926244705,1.136926086252106,-0.17411614197403547,-2.436278260111894,0.7913400194770169,-0.48412527254223303,0.6637169444385437,1.069987594133033,1.6770951561455059,84.431,37.224
1766331461.404633,16,106;107;108;200;201;202,63.076;69.237;59.474;59.722;75.731;67.485,-1.104895629307639,1.0080755608831231,0.5304842118352033,-0.1526545342910002,1.1370559693095883,-0.17420701743323996,-2.4364156852723866,0.7914977266439346,-0.4848936270206749,0.6635802242977552,1.0703355952687963,1.6770037616384674,84.411,37.227
1766331461.469161,17,106;107;108;200;201;202,64.028;69.378;59.522;60.390;75.477;66.533,-1.1040448578314879,1.008759923344166,0.5305617690309404,-0.15256395502691572,1.1378600280055131,-0.17446798402548752,-2.4365563642578314,0.7921652616526289,-0.4837558251309131,0.6646564556561773,1.0707788809048044,1.6767600134450218,84.401,37.192
1766331461.540460,18,106;107;108;200;201;202,62.822;69.658;58.325;61.199;76.026;67.798,-1.1040340656916983,1.0090283635494004,0.5308790996547557,-0.1524942070133188,1.1375533490386927,-0.1740263686520975,-2.436642519648083,0.7918834692900535,-0.48332274124059904,0.6641531868976469,1.0706009231701878,1.6768448937221694,84.410,37.186
1766331461.602170,19,106;107;108;200;201;202,63.588;69.079;60.027;60.313;74.701;69.507,-1.1035028889463305,1.007736952021919,0.5310504690237661,-0.15245435369048216,1.1373256884434504,-0.17399335391454593,-2.4376490934206414,0.7922800786723648,-0.48428662839948483,0.6642537575221106,1.070868987703659,1.6758531428682282,84.338,37.146
1766331461.669187,20,106;107;108;200;201;202,64.395;69.062;59.861;59.247;75.399;66.620,-1.1034158879629123,1.0079010048150199,0.5306677806622516,-0.15214205837294945,1.1374212615685253,-0.173981741304211,-2.437357165281266,0.7926857285379293,-0.48426844255870666,0.6642909703659846,1.070786537447614,1.6760278066768988,84.342,37.154
1766331461.735403,21,106;107;108;200;201;202,64.281;69.198;60.044;61.204;75.788;66.888,-1.1032132125099041,1.0082228984142778,0.5303057819826343,-0.15180587948827912,1.1376836783538993,-0.17428683873042833,-2.4370594598586957,0.7931698594676312,-0.4840249931163987,0.6646253110074236,1.0709042284282486,1.67599133532272,84.348,37.157
1766331461.803916,22,106;107;108;200;201;202,64.560;69.008;59.966;59.414;75.430;69.352,-1.103393280479551,1.0085075980122715,0.5312154507828684,-0.15227365106728538,1.1378888724241492,-0.1738844478840931,-2.437438151132266,0.7921955795687701,-0.48337414993005945,0.6643778700607861,1.0712149260428658,1.676305653057842,84.362,37.144
1766331461.866429,23,106;107;108;200;201;202,61.692;69.289;60.250;60.216;75.641;67.977,-1.103466105293858,1.0077571986093743,0.5311797572540989,-0.15211992089548793,1.137708565994399,-0.1739298175670946,-2.4377436897952105,0.7921990961257581,-0.4841845414867006,0.6641093294678717,1.0714007746796477,1.675986146162943,84.337,37.141
1766331461.933482,24,106;107;108;200;201;202,64.540;69.722;59.578;60.724;75.367;67.887,-1.1036336278571854,1.0083813293251218,0.5315258087696385,-0.15224319291942873,1.1376224922250218,-0.17361089452919062,-2.437587300741266,0.7917125555962113,-0.4834636387770127,0.6637834047106814,1.0712466884765914,1.6763654502445025,84.365,37.145
1766331461.999723,25,106;107;108;200;201;202,63.504;69.288;60.025;60.133;74.747;68.211,-1.1035844087804971,1.0079525108277037,0.5312318412337173,-0.15210142716200917,1.1375982407396128,-0.17378744975005614,-2.437624625515895,0.7920364365452126,-0.48401839956138154,0.663880086474213,1.0712836830095511,1.6761581762803743,84.349,37.147
1766331462.065610,26,106;107;108;200;201;202,64.780;69.591;58.781;59.152;75.775;68.553,-1.1037145338018404,1.0085669182033343,0.5311960568548423,-0.15212462849372488,1.1375862377454864,-0.17364427289428283,-2.43723700505691,0.7919187138363776,-0.4834782750991749,0.6637827560637534,1.0710267477080517,1.6765715966561427,84.377,37.159
1766331462.133455,27,106;107;108;200;201;202,63.976;68.712;59.570;58.848;75.119;68.267,-1.1036557235710924,1.008484494625367,0.531139912846355,-0.15197406698832744,1.137283891443285,-0.17368912824885951,-2.437268897533661,0.7920253306826337,-0.48356099663770685,0.6636210315129047,1.070902435574821,1.676291369944669,84.372,37.157
1766331462.196969,28,106;107;108;200;201;202,63.856;68.778;58.635;59.787;76.539;69.189,-1.1040918946352583,1.0087409054695968,0.5311128083771198,-0.15180713964730044,1.1369863095051715,-0.17361864122239515,-2.4369096052794386,0.7916411482474358,-0.483525136372745,0.6630240920485914,1.070747087315948,1.6765733340916977,84.400,37.180
1766331462.264613,29,106;107;108;200;201;202,63.940;68.642;58.882;60.678;75.845;68.712,-1.1044846960312837,1.0088362839612988,0.5310866764196629,-0.15186101511533182,1.1366801268788478,-0.17343412378710368,-2.4366508786720473,0.7913036077524296,-0.4836304689997329,0.6625594484299193,1.0704458905820462,1.6768955259743583,84.420,37.199
1766331462.331344,30,106;107;108;200;201;202,65.796;69.356;58.605;59.633;74.836;68.638,-1.104619477384602,1.0103704685985246,0.5311529997510365,-0.15199998353330516,1.1370502337135902,-0.17336396556514871,-2.435880768644894,0.7910450444350191,-0.4821141372304059,0.6627702482860938,1.0702201234354192,1.6777240504745223,84.483,37.216
1766331462.396135,31,106;107;108;200;201;202,63.082;67.848;59.498;60.626;76.346;69.087,-1.104641756250826,1.008730060526307,0.5309349830713652,-0.15182986776441937,1.136467441431769,-0.1734554370344251,-2.4365235911918757,0.7912996667905365,-0.4838881292851304,0.6623888105413026,1.0702694767817755,1.6769102538749947,84.423,37.209
1766331462.462820,32,106;107;108;200;201;202,63.566;69.023;58.184;60.680;75.762;68.312,-1.104649893504645,1.0090631296958872,0.5309020986328425,-0.15195738987920748,1.1362633571208882,-0.17327751252264817,-2.4363354648451647,0.7913041223673188,-0.48357209285030545,0.6623442765578812,1.0698660023795155,1.6770767172985082,84.436,37.213
1766331462.528908,33,106;107;108;200;201;202,64.300;69.241;58.327;59.165;75.264;68.013,-1.1043214972300925,1.0093025734191259,0.5312123614533589,-0.1520945335113271,1.136502682548189,-0.17321261008132316,-2.4365884619502123,0.7913174809550572,-0.4830192674268147,0.6626616518239546,1.070031014082885,1.6769634152148836,84.430,37.192
1766331462.595014,34,106;107;108;200;201;202,64.708;69.362;58.987;59.785;75.912;69.012,-1.1046311785499905,1.0100679317375594,0.5312773736290798,-0.15209625730784784,1.1370644829731267,-0.17331720849966942,-2.4361052431615184,0.7909411223524669,-0.48236352775452657,0.6627447902105068,1.070331090191417,1.6776452153721877,84.472,37.211
1766331462.663741,35,106;107;108;200;201;202,65.814;69.155;58.942;59.492;75.939;66.918,-1.1044923035032732,1.0114429981844326,0.5312057595454888,-0.15223439704672403,1.1377625757375962,-0.17338435945371458,-2.435455977677842,0.79105854486551,-0.4809449860486973,0.6634205955658725,1.0702867299988916,1.6783606355312104,84.518,37.218
1766331462.728623,36,106;107;108;200;201;202,64.412;68.930;57.232;59.326;75.541;67.763,-1.1047727612816587,1.0120077286001812,0.5312134677877858,-0.15235057925821366,1.1380235428432723,-0.1734527658548608,-2.4350466314300565,0.7907688097767559,-0.4805064137630794,0.6634759533603178,1.0703052519921155,1.678859938338968,84.551,37.236
1766331462.799506,37,106;107;108;200;201;202,64.310;69.547;57.612;60.099;75.640;68.255,-1.104750995215916,1.0120343006762957,0.5314699600549639,-0.15239608588993797,1.1377041930941616,-0.17322205795491633,-2.435215140204362,0.7905626720927176,-0.48034239558588876,0.6631733285729797,1.070147332641538,1.6787360725658629,84.550,37.228
1766331462.862753,38,106;107;108;200;201;202,65.840;68.992;58.293;60.037;75.825;68.230,-1.1051701403755514,1.012266390643433,0.5313515422234254,-0.1524698257119259,1.1382528325772467,-0.17324623867720637,-2.4348153749110018,0.7902751733742117,-0.48036830081298454,0.6632219440665648,1.0703964947828957,1.6794973037851095,84.576,37.253
1766331462.925733,39,106;107;108;200;201;202,64.910;69.018;58.024;60.291;74.996;67.895,-1.1050572213137733,1.0122786697408015,0.5314444204803218,-0.15261692030350046,1.1383827985303197,-0.173059856687595,-2.434927141462996,0.7902953873181761,-0.48025576868755376,0.6633511307758173,1.0703725703741884,1.679618568066265,84.572,37.245
1766331462.990706,40,106;107;108;200;201;202,64.025;69.458;59.348;60.465;75.200;69.064,-1.1046072368650306,1.0113596658951511,0.5317513983143408,-0.15274220972946878,1.1382511371858104,-0.17311550404540044,-2.4358028244527117,0.7904813163843446,-0.4808145532864351,0.6635685210502985,1.0706455929130616,1.6787504984698822,84.517,37.209
1766331463.058458,41,106;107;108;200;201;202,63.809;68.907;58.205;60.207;75.358;68.032,-1.1045289244521206,1.0105581719422676,0.5316725464952289,-0.15275473913288148,1.137743631839884,-0.17304999856493847,-2.436180080592865,0.7906624989125016,-0.48162439054585043,0.663363171792301,1.070423359070786,1.6782453624847946,84.484,37.200
1766331463.123528,42,106;107;108;200;201;202,63.170;68.868;58.459;59.923;75.438;68.955,-1.1047574567749385,1.0099372157490958,0.5317997862835843,-0.15277480551496017,1.1375273795748555,-0.17307604673247226,-2.4364541408669322,0.7903761635172304,-0.48229777738156143,0.6630227884028279,1.0705747997670032,1.6780321971252383,84.469,37.202
1766331463.193218,43,106;107;108;200;201;202,64.373;69.132;58.742;60.164;75.823;67.579,-1.1047368531818305,1.0097669028216048,0.5316382160606424,-0.15263448756405174,1.1373019944061757,-0.1729930100368948,-2.4364398008099943,0.7905449866096955,-0.48253962793405025,0.6628499632679652,1.07040351846333,1.6779527741078817,84.463,37.204
1766331463.257107,44,106;107;108;200;201;202,64.180;69.156;58.292;60.444;75.901;67.794,-1.1047387897867433,1.0098968110060347,0.5321051996466756,-0.1527579938401485,1.1371960608100091,-0.17277679196677717,-2.4366863824617595,0.7901276625325562,-0.48217853744246486,0.662606863740133,1.070476853497897,1.6779051548738495,84.466,37.193
1766331463.320913,45,106;107;108;200;201;202,62.955;68.964;58.302;60.520;74.924;68.932,-1.1048474562724466,1.0092603673992018,0.5320975108694003,-0.1526957160436046,1.1369525102235718,-0.17278311862654236,-2.436937499152459,0.790068485915089,-0.4828767597963408,0.6623304896938511,1.0705415973767796,1.6776442626529835,84.446,37.193
1766331463.404547,46,106;107;108;200;201;202,64.410;69.609;58.969;60.369;75.002;68.174,-1.1045623263660915,1.0093459033116292,0.532360889847162,-0.15275980272006612,1.1371588631336051,-0.17270181687011715,-2.4372126472273132,0.7900914302487704,-0.48252318250407283,0.6625453034247926,1.0707395221498746,1.6775216115737188,84.436,37.174
1766331463.491045,47,106;107;108;200;201;202,63.889;68.916;57.877;59.972;75.573;67.613,-1.1047623070737385,1.0092262795749813,0.5322802281148064,-0.1527771273703087,1.1369050949312103,-0.1725294958555428,-2.4371179949894755,0.7899872176471812,-0.48277987900708497,0.6622377496797107,1.0704943013919364,1.6776706336027978,84.440,37.184
1766331463.557597,48,106;107;108;200;201;202,64.713;69.239;57.774;59.448;75.407;67.431,-1.104810588040436,1.0100474084440276,0.5318572029368246,-0.1526070760036775,1.137469737082809,-0.1728502203181607,-2.436412291539427,0.7902721816527811,-0.48218372629624107,0.6627046325446107,1.0705734876281472,1.6781976834651007,84.475,37.204
1766331463.624150,49,106;107;108;200;201;202,62.942;69.121;58.501;59.638;75.311;68.265,-1.1050931201422616,1.0093078850297548,0.5318863328793926,-0.15264386824334467,1.1372458224361315,-0.17281224267845327,-2.4366518314253165,0.7900287289323407,-0.48305122934255723,0.6623343275053811,1.0706555228277348,1.678085753574513,84.459,37.210
1766331463.691275,50,106;107;108;200;201;202,63.263;69.212;59.027;59.591;75.353;68.515,-1.1049723356522851,1.0091421707589598,0.5318118777903316,-0.15256444769402597,1.136919092553939,-0.17284503421150876,-2.436742941479225,0.7902116504628433,-0.48319728708323006,0.6622604836000874,1.0704670944857217,1.677748537475773,84.448,37.205
1766331463.782537,51,106;107;108;200;201;202,64.005;68.571;57.640;59.934;75.046;69.018,-1.1052160253259204,1.0094261569853396,0.5318717671451731,-0.15257703627753288,1.1370443734537103,-0.1728147923633512,-2.436523510775905,0.7899242616684959,-0.4829980954967801,0.6621170331271516,1.0705328061180035,1.6780926404909415,84.469,37.217
1766331463.850056,52,106;107;108;200;201;202,63.468;69.477;58.769;59.697;75.138;68.263,-1.1050604935998118,1.009158764786558,0.5318712416793606,-0.15268701001925497,1.1371181645985862,-0.17284336054042349,-2.4367306205562245,0.7900790420876231,-0.48319351323283616,0.662347770747747,1.0705789858099921,1.6779311319644792,84.452,37.208
1766331463.916870,53,106;107;108;200;201;202,63.470;69.273;58.399;60.386;75.725;68.173,-1.1050804429527479,1.0090066674324782,0.5317713663893396,-0.1524935394299536,1.1366232740765814,-0.1728861063815419,-2.436728303800482,0.7901561745590323,-0.4834059843725364,0.662021748251095,1.0703474223322171,1.6775936978754538,84.448,37.210
1766331463.981191,54,106;107;108;200;201;202,63.578;68.518;57.534;59.402;75.527;68.162,-1.1053426968070341,1.0093578160665504,0.5318830552645692,-0.15258122151522385,1.1368819798455847,-0.1728725619347211,-2.436501432803668,0.7898032297598165,-0.4831222900257497,0.6619701311591922,1.0704859862922775,1.6780247453194415,84.471,37.222
1766331464.048959,55,106;107;108;200;201;202,64.147;69.260;57.923;60.187;75.586;68.638,-1.105373872746327,1.0100320489511356,0.5315624583127458,-0.15237171936606905,1.1368957540210949,-0.17303771241625615,-2.435944093263387,0.7900213882767704,-0.4826154683621169,0.662053756472121,1.0702661281003734,1.678243608009283,84.499,37.237
1766331464.113960,56,106;107;108;200;201;202,63.818;68.883;58.216;59.751;75.525;69.228,-1.1050735779657996,1.009826554114561,0.531914247538667,-0.15262391620941457,1.1369727494772899,-0.1728652602717261,-2.4364274019803114,0.7899955665999568,-0.48250467183013773,0.6622667956086022,1.0703690937783645,1.678009300175486,84.478,37.213
1766331464.179620,57,106;107;108;200;201;202,64.410;68.805;58.104;59.842;76.140;68.313,-1.1051539321552515,1.0106791150786107,0.5312981309888416,-0.15235232237686291,1.1375104157185767,-0.17337986143332934,-2.435561920687409,0.7904185937205308,-0.48198773334140704,0.6627953377140023,1.0704199523846774,1.6784746532773007,84.516,37.240
1766331464.248622,58,106;107;108;200;201;202,65.028;69.471;58.645;60.249;76.006;68.619,-1.105314704192607,1.0109613771046426,0.5315659270385519,-0.15238506445238179,1.137686611943001,-0.1732066106576366,-2.4355228225176466,0.7900242608110132,-0.4816478541887755,0.6625974939823438,1.0705945183396381,1.678803656422632,84.532,37.242
1766331464.312056,59,106;107;108;200;201;202,63.518;69.349;58.185;60.536;75.574;67.349,-1.105391434221297,1.0109455803475618,0.5315758116859481,-0.1525235313352776,1.1378126936463848,-0.1730564708708696,-2.4354990412474233,0.7899470140215548,-0.4816957489624645,0.6626219807113913,1.0705621248418224,1.6790693918385677,84.535,37.245
1766331464.380733,60,106;107;108;200;201;202,63.945;69.329;58.564;60.280;75.788;67.740,-1.1053695944189144,1.0108081913731002,0.5316910231542334,-0.15246931136495287,1.1375583642153333,-0.17304119680759797,-2.4356535172431792,0.789872983173662,-0.4817668898715598,0.6624216548755617,1.0705349751106716,1.6788122593557342,84.528,37.240
1766331464.447221,61,106;107;108;200;201;202,64.047;68.700;57.891;59.551;75.156;67.321,-1.1048876085566577,1.01063082075218,0.5314846689275459,-0.15241968865258276,1.1374899519045607,-0.17319753952944333,-2.4358417206461778,0.7904987409342399,-0.48181632451991596,0.6628747033803583,1.0704067759335663,1.6783115017757864,84.502,37.222
1766331464.508884,62,106;107;108;200;201;202,65.184;69.714;58.713;60.503;75.491;67.279,-1.1046918431160824,1.0112715746610752,0.5313296930578386,-0.15244252684589568,1.1380699793522884,-0.17320045352781643,-2.4355231890806284,0.7907784528094292,-0.48115252858156177,0.6634070957666388,1.0704687063532665,1.6787647138216788,84.519,37.223
1766331464.577630,63,106;107;108;200;201;202,62.710;69.144;58.030;60.704;76.110;67.369,-1.1049456129354414,1.0105789259118623,0.531204021242739,-0.15242525227375028,1.1379233319438615,-0.17310530297695312,-2.435651414675613,0.7906945827673131,-0.48203527103723953,0.6630923350484719,1.0704860027880057,1.6787989521879159,84.504,37.232
1766331464.642065,64,106;107;108;200;201;202,63.832;69.356;59.041;59.794;75.718;68.773,-1.105126661680105,1.0103961996328241,0.5313296851253835,-0.1525080436022584,1.13790394162554,-0.1731477565957424,-2.4357343410795584,0.7904301749827946,-0.48224445017881173,0.6629617099225535,1.0706072587579194,1.6787933643473574,84.504,37.235
1766331464.708701,65,106;107;108;200;201;202,64.942;69.006;57.901;60.773;75.826;67.541,-1.1050295511300412,1.0108496152762103,0.5312217544253987,-0.15246451324581528,1.1376912099713636,-0.17308116367969945,-2.435489649261829,0.7905891918644539,-0.4817937527265761,0.662957522358356,1.0702407470204043,1.6788275020541352,84.518,37.237
1766331464.773439,66,106;107;108;200;201;202,63.470;69.647;58.781;60.499;75.976;68.861,-1.105388494144294,1.009724846663736,0.5308961593466144,-0.15232406608841884,1.1374164844479187,-0.1732707956036274,-2.4356428275703497,0.7906070691949821,-0.48326181129009305,0.6626007340738622,1.0703454788900086,1.6785850245587715,84.492,37.253
1766331464.841536,67,106;107;108;200;201;202,64.116;69.626;58.453;59.654;75.175;67.936,-1.1053849910292357,1.010423451428435,0.5316274958309033,-0.15268393343186407,1.1377336761566688,-0.17304873911812144,-2.435791135633498,0.7899343834962984,-0.48219378652506145,0.662652566462025,1.0705908607033052,1.6788700440838054,84.514,37.239
1766331464.909712,68,106;107;108;200;201;202,63.534;69.078;58.608;59.973;75.866;68.204,-1.1054519651924912,1.0105619384379894,0.5316217230663286,-0.1525174312595448,1.1373294715499922,-0.17309006788014475,-2.4356865689357576,0.7898717564966024,-0.4820890959915062,0.6623306577656538,1.0703973941182479,1.6786702368718995,84.522,37.244
1766331464.976159,69,106;107;108;200;201;202,63.047;69.435;58.977;60.075;75.618;67.608,-1.1052933696732172,1.0095251469834883,0.5315931647896498,-0.15249249732927564,1.1371322684919705,-0.17310522867528771,-2.4362514327914995,0.7900931900084356,-0.4830731010612893,0.6622935126939917,1.070534208859733,1.6781186569668507,84.477,37.228
1766331465.044452,70,106;107;108;200;201;202,63.546;68.904;57.607;60.027;75.820;68.333,-1.10535602868583,1.009907055704238,0.531835732120671,-0.1525609668060618,1.1369906237778957,-0.17295027096387752,-2.436195739571691,0.7898046627643687,-0.48259790146044873,0.6620877398775965,1.070413367284373,1.678220316189656,84.493,37.228
1766331465.204975,71,106;107;108;200;201;202,64.761;69.567;59.274;59.328;75.952;68.478,-1.104870767868094,1.0102836188096662,0.5317817037519463,-0.15261243456787194,1.1374985197101433,-0.17313783130020796,-2.4362170440287554,0.7902717525325968,-0.48201165130333967,0.6628604991486884,1.0705835996820827,1.678139188397133,84.487,37.211
1766331465.292522,72,106;107;108;200;201;202,64.608;69.550;57.650;60.502;75.854;68.967,-1.1049920601897854,1.0109082894678758,0.5314227761856343,-0.15262597684283727,1.1373601190406983,-0.17301778708582136,-2.4356134493512016,0.7904441484027745,-0.4816171960799937,0.6628560980234314,1.0700131029808495,1.6786065110310482,84.517,37.231
1766331465.366131,73,106;107;108;200;201;202,64.047;69.236;58.306;59.663;76.267;68.869,-1.1051685074126463,1.010673957212711,0.5313472941807845,-0.15250471918760589,1.137470883429481,-0.17322625632585473,-2.435589932550512,0.790362643552442,-0.48197563550394357,0.6627893400054321,1.0702801140575704,1.678585934279306,84.516,37.239
1766331465.431335,74,106;107;108;200;201;202,65.399;69.366;58.724;60.295;75.724;67.587,-1.1048152594526213,1.0115661718080102,0.5314107730015644,-0.1526591064853235,1.1379949728135357,-0.173204342008928,-2.4353722883233027,0.7905806166614848,-0.48087462766435246,0.6634339501143127,1.0702770104088521,1.6788996578496966,84.535,37.229
1766331465.511158,75,106;107;108;200;201;202,63.900;69.659;58.633;59.628;76.453;67.126,-1.104602079620876,1.0111972707675196,0.5311287363482772,-0.15251705656670436,1.137716104389798,-0.17341982601640119,-2.43547013907875,0.7910393710032527,-0.4812836709838523,0.6635637698012953,1.0701220351315262,1.6783993357105755,84.514,37.223
1766331465.564997,76,106;107;108;200;201;202,64.080;69.101;57.836;60.220;74.948;67.899,-1.1041231779029073,1.0113650363443143,0.5317116282146623,-0.15280626057447486,1.1379839327360108,-0.17316402917511745,-2.436013672033653,0.7909536955383172,-0.48059609197428915,0.6639154683122152,1.0703384746361748,1.6782135469573856,84.497,37.188
1766331465.633577,77,106;107;108;200;201;202,64.257;69.107;58.819;59.790;75.471;68.666,-1.104376728877522,1.0105862829601446,0.5312102657803333,-0.1525823497772582,1.1375532970100477,-0.17329073093144876,-2.4359340510692706,0.7912034445397926,-0.4817514451157774,0.6635774544702933,1.0701216494521355,1.67802250877003,84.481,37.206
1766331465.699413,78,106;107;108;200;201;202,63.988;69.405;58.254;59.741;75.688;69.184,-1.1043834097768532,1.0102559598984335,0.5312575987487027,-0.15258961846006958,1.1373869229267157,-0.17320323736071563,-2.436123292867079,0.7911729718758508,-0.48206453634266483,0.6634204937350379,1.0700995236863518,1.67788037918021,84.469,37.202
1766331465.763450,79,106;107;108;200;201;202,64.515;69.655;58.272;60.084;75.665;69.043,-1.1046463890602762,1.0103792054427345,0.5315762005976982,-0.1527927298057496,1.1371307678131326,-0.17286640374758902,-2.4361449466473046,0.7906497731181561,-0.48190902690696386,0.6629764155635973,1.0699071031597938,1.6781238543250983,84.482,37.207
1766331465.830197,80,106;107;108;200;201;202,63.127;69.090;59.179;59.799;75.806;68.367,-1.1048145681026031,1.0096655694988164,0.5314166858044237,-0.15257869033474392,1.1370042010699093,-0.17310200122226865,-2.4363031122548597,0.7906738077492967,-0.48278874989400006,0.6627562746510789,1.0701523723366397,1.677817212306224,84.463,37.212
1766331465.896599,81,106;107;108;200;201;202,64.228;69.053;57.977;59.974;75.159;68.206,-1.104956627477618,1.0102439417478182,0.531389690250873,-0.15254687839891787,1.1370479761486698,-0.17310731819178268,-2.4359328346206506,0.790539299232133,-0.48228673882231354,0.6626966566402328,1.0700407343529328,1.6781291346713445,84.491,37.225
1766331465.962296,82,106;107;108;200;201;202,63.503;69.176;57.891;60.165;75.866;68.068,-1.1049090494220113,1.010362282853411,0.5312302816948348,-0.1525058161116617,1.1369127716943104,-0.172950789283695,-2.4357926220701787,0.790715812335399,-0.4822232939512263,0.6626443278722216,1.0697579523268064,1.678242044444386,84.494,37.228
1766331466.028205,83,106;107;108;200;201;202,63.490;68.886;58.429;59.538;75.927;68.342,-1.1052302523381896,1.0103447661551272,0.5313232753964579,-0.15246391504945933,1.1367955120398818,-0.1728346795790086,-2.4357037525355483,0.7903446992090633,-0.482349251738379,0.6622180141667136,1.0697797030412861,1.6784579816870517,84.507,37.239
1766331466.093455,84,106;107;108;200;201;202,64.772;69.388;58.754;60.727;75.876;68.597,-1.1052603657500244,1.0103536751404962,0.5314315210725208,-0.15248120410354704,1.1371698043001444,-0.1729473008597999,-2.4357565313251706,0.7902222500413721,-0.48230121577409374,0.6623787811178206,1.070149482337728,1.6785639665517555,84.508,37.238
1766331466.159474,85,106;107;108;200;201;202,64.743;69.123;58.726;60.458;75.957;67.223,-1.1049250520989096,1.011137953868325,0.5316210625868131,-0.1525667420168153,1.1372219097394272,-0.17283508175168485,-2.435666658446262,0.7903193747535852,-0.4812553311741378,0.6626486952256009,1.0699558606956958,1.6785859482570618,84.522,37.225
1766331466.225946,86,106;107;108;200;201;202,63.476;68.848;58.239;59.738;75.597;68.187,-1.104581290031914,1.0107396658884598,0.531922255277829,-0.15256912185077465,1.137082257019667,-0.1729132650558371,-2.4362318063544453,0.7903871640982021,-0.48134299022485805,0.6627370318347439,1.0701701964601509,1.6779166229603284,84.492,37.198
1766331466.294822,87,106;107;108;200;201;202,63.690;68.641;59.206;59.883;75.723;70.326,-1.1050135599660411,1.010087634935494,0.5320975766529608,-0.15263221887376843,1.1369875237187184,-0.17295394367098055,-2.436451948330882,0.7898760085141906,-0.48212177212932233,0.6623096622393335,1.0704575469544022,1.6778947303358427,84.484,37.207
1766331466.362853,88,106;107;108;200;201;202,65.217;69.369;58.229;59.286;75.916;68.128,-1.1052312673994724,1.0105671773490896,0.5319400740373914,-0.1526847339482618,1.1373207785242838,-0.17297501263444168,-2.436005355510904,0.7897924477440613,-0.48182044767874194,0.6624368566592503,1.070442813945879,1.6784665216542112,84.512,37.225
1766331466.428292,89,106;107;108;200;201;202,62.978;69.426;59.476;60.653;75.954;69.204,-1.105434965441427,1.0093454168442355,0.5315788141383517,-0.15255799352939428,1.1371763845174252,-0.1731013467611849,-2.4362591332585257,0.7899867662705037,-0.48332953086474595,0.6622446975155293,1.0705839501323207,1.6782202345282697,84.476,37.234
1766331466.495310,90,106;107;108;200;201;202,64.093;68.891;59.098;60.269;75.620;67.352,-1.1055087093935176,1.0093028797094514,0.53142748753796,-0.15236172902697498,1.1372655773105222,-0.17333829805037201,-2.43614248671978,0.7900546838804969,-0.48348266726694245,0.6622498611791591,1.070768298516253,1.6781657191807073,84.478,37.241
1766331466.587788,91,106;107;108;200;201;202,64.517;69.506;59.122;59.053;75.284;67.338,-1.1052362685606327,1.0094414873515418,0.5312912588486841,-0.1524091500343054,1.1374408060628618,-0.17342419144304813,-2.4361194964801256,0.7904134395143957,-0.4832793756117189,0.6626805205255049,1.0707128325966158,1.678102865264746,84.473,37.233
1766331466.654334,92,106;107;108;200;201;202,63.685;69.225;58.229;60.426;75.857;67.729,-1.1055172806910996,1.010234916219365,0.5311884671424302,-0.1523356751190463,1.137573909867593,-0.17334361129486414,-2.4355251297125737,0.790208622651461,-0.4826645079309925,0.662526616773407,1.0705603234721737,1.6787358832430412,84.515,37.255
1766331466.721269,93,106;107;108;200;201;202,63.293;69.395;58.136;60.490;75.450;68.438,-1.104940050254551,1.0097870965499316,0.5311573398758035,-0.15239176947361796,1.1373669387017076,-0.17328519860820432,-2.436008940330683,0.7907810908049349,-0.4828546006910317,0.6628787053767815,1.070381495511802,1.6781061339682917,84.474,37.226
1766331466.787048,94,106;107;108;200;201;202,64.482;68.795;57.871;60.183;76.620;69.160,-1.1055408924053165,1.0098241887252086,0.5307974729676632,-0.15225621178426652,1.136811482860856,-0.1731261266241078,-2.4354531056694975,0.7905504475719727,-0.48328348457087333,0.6621489562267692,1.0698392118607762,1.6785305613323782,84.502,37.263
1766331466.853646,95,106;107;108;200;201;202,64.710;69.150;58.186;59.713;75.703;67.902,-1.1051848966584097,1.0104921139080751,0.5312674831173781,-0.15235323484337965,1.1367079741434216,-0.17299480001446446,-2.435617301292112,0.7904270091725444,-0.48220639923338676,0.6622407798898913,1.069758664450045,1.67829662016777,84.510,37.240
1766331466.919384,96,106;107;108;200;201;202,63.056;69.111;57.965;59.870;75.880;69.093,-1.1054149373340116,1.0110343852518033,0.5314571968597225,-0.15248518321041182,1.1369019388718933,-0.172901513800719,-2.4353651572254806,0.7900250003362186,-0.4816760911609292,0.6621629338008522,1.0697925677420832,1.6787568789419607,84.540,37.250
1766331466.986320,97,106;107;108;200;201;202,63.796;69.325;58.773;59.973;75.647;69.327,-1.1051529115856529,1.0104053151642722,0.5314947706692861,-0.15231872394300455,1.1364613952329137,-0.1729743820913315,-2.4358267737578325,0.7902614546367305,-0.4821662527862376,0.662020784778312,1.0697883036215978,1.6780062515980725,84.505,37.232
1766331467.053305,98,106;107;108;200;201;202,63.085;69.445;58.343;60.161;75.665;67.837,-1.105185148761257,1.0099154225520564,0.5316121502556149,-0.1523470404505751,1.136474196150924,-0.17289783668391037,-2.4361276465495076,0.7901545939338366,-0.4826179578900651,0.6619021487460439,1.0699807209350358,1.6779018772590086,84.487,37.226
1766331467.119222,99,106;107;108;200;201;202,65.658;69.652;58.019;59.569;75.744;68.213,-1.1050134091318147,1.0119700742989268,0.5324324219411324,-0.152774509480686,1.1372673047140103,-0.17251724517375852,-2.435756564297078,0.7894862800508117,-0.4800575029118696,0.6623264399466782,1.0701060878902386,1.678837409670528,84.554,37.215
1766331467.185241,100,106;107;108;200;201;202,64.632;68.685;59.304;60.355;74.696;68.679,-1.1051403970196523,1.0110145520891296,0.5324877327743391,-0.1527817103346562,1.137114855095138,-0.17247630806900563,-2.4361965819377525,0.7893722020735499,-0.48105475438049283,0.6620563932246407,1.0703127482359949,1.678567367491266,84.522,37.211
1766331467.253695,101,106;107;108;200;201;202,64.970;69.351;58.665;59.884;75.309;69.889,-1.1052607163119665,1.0106327725353386,0.5321696696236023,-0.15266306387604062,1.137352851502953,-0.17276258662538566,-2.436111513884793,0.7895614342128972,-0.4816549033402749,0.6622182973909854,1.0705520184694761,1.6785853160640078,84.515,37.221
1766331467.318099,102,106;107;108;200;201;202,63.787;69.127;58.357;60.247;75.882;67.362,-1.1054200733276602,1.010315371667867,0.5317927153009778,-0.1524885498571164,1.1370430130099662,-0.17285624340213715,-2.435936353442585,0.7897635408150551,-0.4822379825725571,0.6620081748403288,1.0703210260339522,1.678505897034463,84.511,37.236
1766331467.384102,103,106;107;108;200;201;202,63.354;69.587;58.213;59.365;76.025;68.014,-1.1056079371801149,1.0100980814173073,0.531335774721134,-0.1522484878972433,1.1369800872395828,-0.17311950917677418,-2.4356448740605496,0.7900046672707943,-0.4827732623503863,0.6619543941059643,1.0702815671881245,1.6785137001580814,84.513,37.254
1766331467.459452,104,106;107;108;200;201;202,63.899;69.403;57.845;60.467;75.830;68.427,-1.1057596532120912,1.0100823376085901,0.5315114267816334,-0.1524530702885224,1.1367275551225087,-0.17284105060126756,-2.435694169108717,0.789714458615068,-0.482775136791386,0.6616768575990456,1.0700311650766348,1.678652313057896,84.518,37.256
1766331467.513775,105,106;107;108;200;201;202,63.809;68.661;59.131;59.187;75.258;67.102,-1.1055988720171275,1.0099613935144791,0.5314867881453342,-0.1523767901498038,1.1368302126416683,-0.1729582530348936,-2.4358164853833424,0.789887662753553,-0.4828321687658781,0.661844523909134,1.0701860900848232,1.6784573056097882,84.506,37.249
1766331467.580048,106,106;107;108;200;201;202,63.295;68.940;57.294;60.498;74.695;67.031,-1.1055625135943161,1.0099372816864973,0.5315707966802389,-0.1524229082268346,1.136791285636304,-0.17281515997203048,-2.4359021955988127,0.789848249070639,-0.48279751490126455,0.6617857462481352,1.070140021720966,1.6784815611559454,84.504,37.245
1766331467.648859,107,106;107;108;200;201;202,64.516;69.101;58.529;59.792;75.476;67.580,-1.1055124284486173,1.0098783906122626,0.5310328447329797,-0.1523372531440373,1.1370640337685551,-0.17318839844838727,-2.435597585219237,0.7903674461374536,-0.4830988064651287,0.662276852481558,1.070137831316226,1.6785252410783675,84.502,37.256
1766331467.716345,108,106;107;108;200;201;202,65.209;69.231;57.794;60.075;76.137;68.219,-1.105626097097546,1.0107696439388187,0.5309540709698782,-0.15225561618647943,1.1374674504526987,-0.17328106444961816,-2.4350545656805775,0.7902878633236234,-0.48229314595174466,0.6624424253116589,1.0702059606862162,1.67906520759872,84.541,37.271
1766331467.816925,109,106;107;108;200;201;202,63.521;68.613;59.328;60.484;75.811;68.472,-1.1058056343766107,1.0099761662887479,0.5312064237485142,-0.15238210229034382,1.1374952150963444,-0.1732817175370031,-2.435520035197484,0.7899452299437516,-0.4830550726251544,0.6622497754122577,1.0705832059661873,1.678883199412574,84.517,37.265
1766331467.881876,110,106;107;108;200;201;202,63.359;68.963;59.011;60.277;75.852;68.387,-1.1061087454162628,1.0093127701579727,0.5307873990139227,-0.15218757440837818,1.1374590006027376,-0.17337807379432096,-2.435413537724431,0.7900714338606682,-0.48407693941268876,0.662025810965244,1.0706433090283634,1.6789839136443556,84.506,37.285
1766331468.005072,111,106;107;108;200;201;202,63.671;69.476;58.126;60.783;74.941;68.789,-1.1060311937037575,1.0096213117473642,0.5315008320869696,-0.15253816465745712,1.1371794023219906,-0.17278132110944774,-2.435776860001615,0.7895015178121625,-0.4833758000843859,0.6616703633943345,1.0704307825892179,1.6790525739125517,84.511,37.265
1766331468.076215,112,106;107;108;200;201;202,64.343;69.311;58.940;60.194;75.452;68.319,-1.105733209602396,1.0098657106366047,0.5315860458901762,-0.15256813821510157,1.1371241584498053,-0.17276410310124835,-2.4358624847317945,0.7896841069782725,-0.4829441123055885,0.6618731145284267,1.0703165247510829,1.6788429930362052,84.508,37.251
1766331468.137721,113,106;107;108;200;201;202,65.494;69.384;59.167;61.095;75.354;68.942,-1.1056230452819846,1.0107081333275865,0.5318954689190901,-0.1526827143433213,1.1373272814609783,-0.17255540213763104,-2.435712567102073,0.7894698914392053,-0.48188844610420134,0.6619647590444656,1.070276303026797,1.6791694616063608,84.534,37.246
1766331468.205355,114,106;107;108;200;201;202,64.667;69.200;58.876;59.824;75.528;67.648,-1.1050908144177598,1.0106599123801494,0.5315696781711036,-0.15258231305379608,1.1373599941391273,-0.17287931647497506,-2.4357833368987465,0.7902389995956464,-0.4818425610601295,0.6626008112985854,1.070180864850382,1.6786419716778929,84.511,37.229
1766331468.270574,115,106;107;108;200;201;202,64.570;69.193;58.337;59.510;75.545;67.464,-1.1051989491295553,1.0108303170854718,0.53106382852348,-0.15239180754485304,1.1375554193888486,-0.17320263848122777,-2.435309915694145,0.7905751401923929,-0.48197262782780487,0.662835274845005,1.0701528922187504,1.6788387616047789,84.525,37.249
1766331468.337778,116,106;107;108;200;201;202,64.095;68.622;57.860;60.597;75.444;69.559,-1.1054875248165257,1.0111160540464061,0.5312721424430416,-0.15252294218911042,1.137615079934129,-0.17308785496921847,-2.435166187553057,0.7901170811578742,-0.4817200306653375,0.6626168461375787,1.0701820635513117,1.679197304489049,84.546,37.259
1766331468.402923,117,106;107;108;200;201;202,64.899;68.365;57.651;60.423;76.269;69.059,-1.1053688807163875,1.0117209955953888,0.5318644430037516,-0.15276742810692934,1.1379485160842442,-0.17291534740295608,-2.435324113984117,0.7896748633957167,-0.48076023651574407,0.662751971039992,1.0704371513406832,1.6793815156788112,84.562,37.244
1766331468.469972,118,106;107;108;200;201;202,64.099;69.145;58.835;60.465;75.697;69.482,-1.1051160636416453,1.0103775020954906,0.5315960342468229,-0.1525783096216756,1.137521066402051,-0.17306504461720185,-2.435926013195624,0.7902075722736228,-0.4821265547028846,0.6627050702846294,1.070467001827803,1.6785092941999116,84.502,37.228
1766331468.536803,119,106;107;108;200;201;202,63.651;69.318;58.735;59.681;75.982;69.994,-1.1052526817423456,1.009474654334276,0.5313719984400543,-0.15249446394305116,1.1369742880432876,-0.17315294535912798,-2.436148963025182,0.790326212639993,-0.4832138682653469,0.6623702692439993,1.0702891639099663,1.6780465864477052,84.474,37.232
1766331468.603871,120,106;107;108;200;201;202,64.264;69.286;58.790;60.485;75.240;68.533,-1.1053867108541593,1.0090162700109422,0.5315187076758692,-0.15256911392619876,1.1370698710278364,-0.17304596022582172,-2.436403350322337,0.7900997694027143,-0.48366825387647827,0.6622196316243659,1.0705259351611673,1.678096362216818,84.462,37.230
1766331468.668966,121,106;107;108;200;201;202,64.729;69.091;59.225;60.663;75.889;67.423,-1.1053163505303005,1.0097304322331175,0.5314893230523214,-0.15251526020578718,1.1370412396014968,-0.17287196652986783,-2.4360708954578825,0.7901528510808008,-0.4829283313893554,0.6622010044032515,1.0702396740711615,1.678383531463198,84.486,37.234
1766331468.734934,122,106;107;108;200;201;202,65.210;69.638;58.182;59.660;74.968;67.497,-1.1051989201467805,1.0110578968311998,0.5319016434684505,-0.1527460429754498,1.1375903374715428,-0.17269219035992017,-2.4357565694341456,0.7898301720056096,-0.48132893709727215,0.6625422101036091,1.070312124518283,1.6789993124638185,84.529,37.229
1766331468.801201,123,106;107;108;200;201;202,64.978;69.437;59.024;60.152;75.392;67.741,-1.1053200254150963,1.0113656145331003,0.5317424369298827,-0.15272063742341851,1.1377508048959961,-0.17273025712258225,-2.4354405195319164,0.7898441550985976,-0.48115545811969307,0.6626059949881108,1.070266321089739,1.6793187943321364,84.547,37.241
1766331468.867615,124,106;107;108;200;201;202,64.322;69.475;58.464;59.850;75.112;66.929,-1.105069905042333,1.011702801935368,0.5318039384815145,-0.15267342676036266,1.138028661041829,-0.172926340209266,-2.4354409973201174,0.7899991402302116,-0.4806648591955252,0.6629749076962234,1.0704724133513848,1.679196011952861,84.549,37.231
1766331468.931289,125,106;107;108;200;201;202,64.550;69.354;57.821;59.189;75.673;67.443,-1.1053202787450702,1.0120193984803205,0.5316491384928599,-0.15256213296870152,1.138302522441525,-0.17330766935252612,-2.435059430456701,0.7898918118380257,-0.4805424078837105,0.6630843080946244,1.0707058330942882,1.6793945499775182,84.572,37.249
1766331468.997268,126,106;107;108;200;201;202,63.696;69.513;58.183;60.158;75.704;67.770,-1.1052625435065337,1.0113574002385912,0.5315448447908497,-0.1525494160077909,1.138054111171957,-0.17329471188685333,-2.4353415668027396,0.7900695018598705,-0.48123379798256494,0.6630018688824977,1.0706423448200106,1.679063469517838,84.545,37.244
1766331469.066414,127,106;107;108;200;201;202,65.128;68.607;58.331;58.905;75.391;68.826,-1.1055842260023454,1.011248930116381,0.5318894106540707,-0.15271090847895435,1.1382349275086054,-0.17314622940529098,-2.4354641401306996,0.7894825678912339,-0.4813273684474788,0.6627316358923077,1.0709401762893525,1.6793675348104666,84.553,37.249
1766331469.135239,128,106;107;108;200;201;202,64.704;69.142;58.030;59.774;75.826;66.944,-1.1056833122860286,1.0116380829634541,0.5315232976660322,-0.15253720719501235,1.1381537619497775,-0.1732680169831626,-2.434981683988223,0.7896933193242383,-0.4811634532602587,0.6627272097266916,1.0706739965234782,1.6795599767062992,84.573,37.266
1766331469.202249,129,106;107;108;200;201;202,63.087;69.210;58.409;60.092;75.154;67.593,-1.1056067312839664,1.011432173859371,0.5315715551898157,-0.152625553586208,1.1382184748425406,-0.1731998794696699,-2.4351521766938338,0.7897309666942324,-0.4813104794397871,0.6628144151031322,1.0707210316686617,1.679522861770506,84.562,37.259
1766331469.268755,130,106;107;108;200;201;202,64.627;69.180;58.943;59.889;75.651;68.359,-1.1056747904002229,1.0109374649079936,0.5315668120458585,-0.1526674906980468,1.1386495738991675,-0.17335132046388543,-2.4353564403082077,0.7896989965286035,-0.48184443256253806,0.663018914533063,1.0711961581526288,1.6795661645425515,84.546,37.258
1766331469.395274,131,106;107;108;200;201;202,64.342;68.964;58.106;59.571;75.973;69.019,-1.1056215007765893,1.0121677673830352,0.5321116719073792,-0.1529589363164347,1.1384751495934184,-0.17280364598243833,-2.435145268239747,0.7892069868171294,-0.4803089055376704,0.6628062577795547,1.070728320246983,1.6800219922548814,84.588,37.252
1766331469.459254,132,106;107;108;200;201;202,64.725;68.989;58.695;60.392;75.777;69.172,-1.1055329881969789,1.0123895271020336,0.5324319853412712,-0.15297129882868846,1.1387422107628742,-0.172827527272954,-2.4352938762458183,0.7889952087160059,-0.4798844916302065,0.6628919467009413,1.07107093373399,1.6800085452459463,84.591,37.242
1766331469.526276,133,106;107;108;200;201;202,65.742;69.543;56.989;60.029;76.039;67.860,-1.1054545123500796,1.0139207960160455,0.5322207912363291,-0.15287457936280477,1.1388455151966221,-0.17294835128320968,-2.4344446948678655,0.789171329293278,-0.4784078019242004,0.663180169551693,1.0706438098785902,1.680455564485824,84.647,37.257
1766331469.589908,134,106;107;108;200;201;202,64.694;69.054;58.415;59.834;76.051;70.470,-1.105743655642996,1.0136424960372874,0.5328960989684538,-0.1531267474071592,1.1386806786665984,-0.17279937484232866,-2.4348859278843586,0.7883336157152493,-0.4784934534191058,0.6627031958467983,1.070932137858542,1.6803426497139853,84.645,37.250
1766331469.657531,135,106;107;108;200;201;202,63.835;69.604;59.378;60.219;75.156;68.729,-1.105204686766197,1.0127518172512229,0.5332604113149483,-0.1531741665493866,1.1387059986805133,-0.17288853072516333,-2.4358302509848313,0.7885480215750273,-0.47895193270684155,0.662990913862654,1.071396231198211,1.6794391165989984,84.587,37.209
1766331469.724787,136,106;107;108;200;201;202,65.378;69.093;58.264;59.883;76.330;68.983,-1.105292475002812,1.0138346126049362,0.5332238729486153,-0.1532214205219555,1.1386731466207507,-0.17281334882957933,-2.4352334017604345,0.7884444495335404,-0.4779209652796273,0.6630031586933651,1.0709925989136941,1.6798983339649995,84.632,37.223
1766331469.790884,137,106;107;108;200;201;202,64.947;69.177;58.560;60.532;75.540;68.971,-1.1052240586153292,1.0137395396500928,0.5333168203349229,-0.15321020270363614,1.138357705612782,-0.17267910894126973,-2.4353755027705826,0.7884298619694692,-0.4779379150562435,0.662801213315729,1.070817074667808,1.679694750590354,84.625,37.217
1766331469.858022,138,106;107;108;200;201;202,64.368;68.753;59.008;59.884;75.443;68.900,-1.1051668615410133,1.0124875120480645,0.5329029799434736,-0.1529853754155374,1.1378177706977013,-0.17278864060951424,-2.4357406265932253,0.7889088330741395,-0.47937691909580166,0.6625756684956133,1.070673442812684,1.679029662548018,84.577,37.214
1766331469.923716,139,106;107;108;200;201;202,64.236;69.079;58.460;59.830;76.309;70.267,-1.10505952906336,1.0118374539787303,0.5327857506003357,-0.1530207653114157,1.1377866239990624,-0.17278722117493034,-2.4360333111700356,0.7891420730373969,-0.48003868157279794,0.6626740399862967,1.0707139885045327,1.6787952167099818,84.549,37.207
1766331469.989048,140,106;107;108;200;201;202,64.208;68.694;57.206;59.440;75.820;67.653,-1.1052240206608899,1.0126229765590289,0.5325689457206009,-0.15283781776100946,1.1377738741336485,-0.17275805384414722,-2.435424155367385,0.789142567195556,-0.47943298389549466,0.6625355697284004,1.0704494154936932,1.6792455838034934,84.586,37.227
1766331470.053093,141,106;107;108;200;201;202,62.564;69.248;58.182;59.936;75.752;68.280,-1.1055121194149524,1.0116025755911027,0.5325058992890958,-0.15278849525258623,1.1373101564064316,-0.17276227220529664,-2.4357373805507807,0.7889899475214803,-0.4806313503775274,0.6620299457153823,1.0704494020241775,1.678909291210589,84.560,37.232
1766331470.122625,142,106;107;108;200;201;202,62.337;68.813;58.573;60.121;75.215;68.376,-1.1055981020031045,1.0108441809921411,0.5320769059796727,-0.15255956642557147,1.1370174395982522,-0.17297766522991298,-2.4357793179893763,0.7893266582833937,-0.4816495531616214,0.661890314722003,1.0703867486444036,1.6785690152851114,84.537,37.241
1766331470.188940,143,106;107;108;200;201;202,64.521;69.221;58.548;59.757;75.710;69.412,-1.105768024668348,1.0109433878330694,0.5319438689120806,-0.1526130432111041,1.136785848498352,-0.1728108518986524,-2.4355581393751846,0.7892843431997522,-0.4816968449437358,0.6616837225601291,1.0700311866326546,1.678799195494007,84.548,37.253
1766331470.256517,144,106;107;108;200;201;202,64.022;69.455;57.759;60.068;75.757;69.180,-1.106180739041945,1.0114489423662092,0.5322680409285857,-0.15281705793410189,1.1373382524021196,-0.17267167716244572,-2.435322399170906,0.7886014458994015,-0.4812249003242736,0.6615937712787734,1.070384624543605,1.6795834327521293,84.583,37.267
1766331470.318290,145,106;107;108;200;201;202,65.070;68.590;58.729;60.242;75.331;68.116,-1.106427885130491,1.0105951441098278,0.5321432931766741,-0.15270537688387334,1.136974412067751,-0.1726333136554542,-2.4355329527007807,0.7885307523121711,-0.48226616968062375,0.6611328575565731,1.0703778579100651,1.6793758018306302,84.561,37.275
1766331470.416833,146,106;107;108;200;201;202,63.566;69.332;57.662;60.148;74.693;69.759,-1.1062328474032261,1.0101502461778185,0.5324896478221272,-0.1527971896080278,1.1367965760169711,-0.17252294816208882,-2.4360769200571184,0.78842655124895,-0.4824500939564512,0.6610465781867673,1.0705079956844297,1.6789288907730326,84.535,37.253
1766331470.488199,147,106;107;108;200;201;202,64.500;69.192;58.912;60.280;74.807;67.455,-1.1059519220002718,1.0106053129315744,0.5321287615655903,-0.15268909499826713,1.137451368229025,-0.17271866103633074,-2.4357546401282324,0.7889734499417393,-0.48203469850100594,0.6617414587434515,1.0706659570900658,1.6792258384235041,84.542,37.254
1766331470.555123,148,106;107;108;200;201;202,64.724;69.052;58.183;59.729;75.449;67.855,-1.105865753139699,1.0107026718642764,0.5318143113509717,-0.15253567656531644,1.1372768263977084,-0.17293373147927538,-2.435540790330048,0.7893216727682942,-0.4820505841443674,0.6618569702491857,1.0704518983221254,1.67903799748417,84.544,37.259
1766331470.619306,149,106;107;108;200;201;202,63.256;68.908;58.312;59.426;75.422;69.898,-1.1060022439899535,1.009616604847494,0.5320696634275386,-0.15265353990213912,1.1370446193224484,-0.1728685614400934,-2.4361720730819565,0.7890299553713089,-0.48308544218462934,0.6615247763647119,1.0707101232371896,1.6786330508623144,84.507,37.249
1766331470.689368,150,106;107;108;200;201;202,65.631;68.767;58.956;59.565;74.911;67.244,-1.1057932013802567,1.0107300045133016,0.5322101924009162,-0.15274562695468094,1.1381105368736466,-0.17302160130989536,-2.4358268049514455,0.7890393533213793,-0.48179248633115535,0.6623111163286997,1.071198867713811,1.6792545197887723,84.540,37.245
1766331470.812325,151,106;107;108;200;201;202,65.511;69.226;59.488;60.357;75.109;68.834,-1.1056663248000822,1.0109547515541235,0.5325255365927172,-0.1528904636665557,1.1389792180546345,-0.17325158759844828,-2.435989898636442,0.7888665250285789,-0.4813489848794727,0.6628881107693496,1.0719407777538716,1.6794224537438092,84.542,37.233
1766331470.878393,152,106;107;108;200;201;202,64.023;69.659;58.728;60.279;75.830;68.948,-1.1055842051119078,1.010728391162797,0.5324065870366115,-0.15274902259612574,1.1385997225424718,-0.1732542841910002,-2.4360619366547733,0.7890565153279347,-0.4815966648445154,0.6627144379534263,1.0717339890709088,1.6791003089922407,84.530,37.231
1766331470.945505,153,106;107;108;200;201;202,65.287;69.711;57.089;60.162;75.518;68.134,-1.105317523980566,1.0129110262387315,0.5326804902648005,-0.15307763292358012,1.1385499500742318,-0.1727206951496478,-2.435311263931869,0.7889454684822937,-0.47913242297114916,0.6629388697581722,1.0708334733254052,1.679873103195568,84.600,37.230
1766331471.011120,154,106;107;108;200;201;202,63.363;69.038;58.587;59.691;75.685;68.676,-1.1054608024353876,1.0117586069197666,0.5324832246664859,-0.1530611744458827,1.138261759914226,-0.1727238915265431,-2.435671637302155,0.789048172814175,-0.4804605800815501,0.6626924107850284,1.0708527377341492,1.6795567466028294,84.564,37.232
1766331471.077489,155,106;107;108;200;201;202,64.851;69.268;60.140;59.515;76.399;71.033,-1.1054353689231844,1.010525077162026,0.5325377251459377,-0.15292645229659949,1.137888403754789,-0.17295631117533716,-2.436322151570145,0.7890866848955985,-0.48166541341668223,0.6624460936457233,1.0711542379712886,1.6787158001062377,84.516,37.219
1766331471.142668,156,106;107;108;200;201;202,62.985;69.238;58.270;60.548;75.812;68.552,-1.1055291306070838,1.0106784623172331,0.5325279382517294,-0.15287191397170827,1.1375448515279205,-0.17273993512416047,-2.436194315725337,0.7890026209245887,-0.4815605703621538,0.6620956323085044,1.0708332768559523,1.6788023266633534,84.526,37.225
1766331471.207100,157,106;107;108;200;201;202,64.711;69.150;56.714;59.074;75.322;67.960,-1.1055141251055318,1.0116589243712109,0.5323176477420279,-0.1528450633251238,1.1376344178192226,-0.17268611858541905,-2.435583737450392,0.7891500333807732,-0.48066856426529725,0.6622590550059393,1.0704561680767688,1.6792747990672905,84.563,37.238
1766331471.275245,158,106;107;108;200;201;202,64.486;69.487;58.134;59.461;75.720;69.308,-1.1054411026333382,1.0114243658836406,0.5326295601898777,-0.1530292234181507,1.1377563789531109,-0.17256494488578517,-2.4359417683472553,0.7889550538401251,-0.48071579493840755,0.6623032777455664,1.0706642916074256,1.6791995893788219,84.550,37.224
1766331471.340785,159,106;107;108;200;201;202,64.041;69.180;59.288;60.744;75.012;68.236,-1.1054260600899575,1.0109023036978007,0.5324601915156507,-0.15297621741217632,1.1379702799392943,-0.17266539457826668,-2.436091266397652,0.7891437149253652,-0.4813188058260814,0.6624482059204075,1.0709056045349676,1.6791461032452517,84.530,37.224
1766331471.406162,160,106;107;108;200;201;202,65.041;68.468;58.144;59.813;76.103;68.779,-1.1056062477575004,1.0114754050809704,0.5325185591340578,-0.15307835095410913,1.1381505357223336,-0.17264708009925347,-2.435761133373625,0.7889002825071526,-0.48079853550715607,0.6624732669020176,1.0708645445526799,1.6795665341945347,84.559,37.235
1766331471.471713,161,106;107;108;200;201;202,63.686;69.289;57.312;59.824;76.027;69.404,-1.1055079411696997,1.0113452615598357,0.532432156877316,-0.15310201676306556,1.137809997729414,-0.17260188521901204,-2.435815951401549,0.7890715038088683,-0.48092527393583573,0.662425627573997,1.0705582466736514,1.6793338977708192,84.550,37.232
1766331471.537759,162,106;107;108;200;201;202,64.621;69.215;59.142;59.954;75.529;68.574,-1.1058436025367253,1.0108663703159066,0.5324310846768833,-0.15292700939527834,1.1379765962593666,-0.17263726518421268,-2.4358821989351913,0.7887934136589999,-0.4815699389850148,0.6620869885233622,1.0709797456617671,1.6794889523829366,84.546,37.243
1766331471.606152,163,106;107;108;200;201;202,64.225;69.041;57.869;59.794;75.549;69.188,-1.106310712624756,1.0109945610824465,0.5320839373083842,-0.15291339045884703,1.1378058294673383,-0.17264989766748304,-2.4353569985145755,0.7886683030017815,-0.48183647232332383,0.661803338878842,1.0706533524162682,1.679939028494697,84.572,37.274
1766331471.670541,164,106;107;108;200;201;202,66.105;68.905;58.260;60.423;76.391;67.935,-1.1062087076913263,1.0125097610659417,0.531881106343763,-0.15266013674687468,1.1380005249433867,-0.17293116839915149,-2.434533883531409,0.7888601429274431,-0.4803600493650079,0.6621010050677896,1.0704539600886804,1.6802586967427442,84.626,37.288
